2026-05-05 03:57:29,233 | INFO | 
Initiating cross validation...
2026-05-05 03:57:29,238 | INFO | Scenario: scenario_2___nu=3 | n_rep: 0 | KDE model: gaussian rot
2026-05-05 03:57:29,906 | INFO | Scenario: scenario_2___nu=3 | n_rep: 0 | KDE model: t-student rot df=3
2026-05-05 03:57:30,525 | INFO | Scenario: scenario_2___nu=3 | n_rep: 1 | KDE model: gaussian rot
2026-05-05 03:57:30,955 | INFO | Scenario: scenario_2___nu=3 | n_rep: 1 | KDE model: t-student rot df=3
2026-05-05 03:57:31,363 | INFO | Scenario: scenario_2___nu=3 | n_rep: 2 | KDE model: gaussian rot
2026-05-05 03:57:32,343 | INFO | Scenario: scenario_2___nu=3 | n_rep: 2 | KDE model: t-student rot df=3
2026-05-05 03:57:32,956 | INFO | Scenario: scenario_2___nu=3 | n_rep: 3 | KDE model: gaussian rot
2026-05-05 03:57:33,391 | INFO | Scenario: scenario_2___nu=3 | n_rep: 3 | KDE model: t-student rot df=3
2026-05-05 03:57:33,851 | INFO | Scenario: scenario_2___nu=3 | n_rep: 4 | KDE model: gaussian rot
2026-05-05 03:57:34,548 | INFO | Scenario: scenario_2___nu=3 | n_rep: 4 | KDE model: t-student rot df=3
2026-05-05 03:57:35,132 | INFO | Scenario: scenario_2___nu=3 | n_rep: 5 | KDE model: gaussian rot
2026-05-05 03:57:35,565 | INFO | Scenario: scenario_2___nu=3 | n_rep: 5 | KDE model: t-student rot df=3
2026-05-05 03:57:35,951 | INFO | Scenario: scenario_2___nu=3 | n_rep: 6 | KDE model: gaussian rot
2026-05-05 03:57:36,452 | INFO | Scenario: scenario_2___nu=3 | n_rep: 6 | KDE model: t-student rot df=3
2026-05-05 03:57:36,853 | INFO | Scenario: scenario_2___nu=3 | n_rep: 7 | KDE model: gaussian rot
2026-05-05 03:57:37,299 | INFO | Scenario: scenario_2___nu=3 | n_rep: 7 | KDE model: t-student rot df=3
2026-05-05 03:57:37,701 | INFO | Scenario: scenario_2___nu=3 | n_rep: 8 | KDE model: gaussian rot
2026-05-05 03:57:38,478 | INFO | Scenario: scenario_2___nu=3 | n_rep: 8 | KDE model: t-student rot df=3
2026-05-05 03:57:39,255 | INFO | Scenario: scenario_2___nu=3 | n_rep: 9 | KDE model: gaussian rot
2026-05-05 03:57:39,699 | INFO | Scenario: scenario_2___nu=3 | n_rep: 9 | KDE model: t-student rot df=3
2026-05-05 03:57:40,196 | INFO | Scenario: scenario_2___nu=3 | n_rep: 10 | KDE model: gaussian rot
2026-05-05 03:57:40,565 | INFO | Scenario: scenario_2___nu=3 | n_rep: 10 | KDE model: t-student rot df=3
2026-05-05 03:57:41,031 | INFO | Scenario: scenario_2___nu=3 | n_rep: 11 | KDE model: gaussian rot
2026-05-05 03:57:41,484 | INFO | Scenario: scenario_2___nu=3 | n_rep: 11 | KDE model: t-student rot df=3
2026-05-05 03:57:41,929 | INFO | Scenario: scenario_2___nu=3 | n_rep: 12 | KDE model: gaussian rot
2026-05-05 03:57:42,399 | INFO | Scenario: scenario_2___nu=3 | n_rep: 12 | KDE model: t-student rot df=3
2026-05-05 03:57:42,844 | INFO | Scenario: scenario_2___nu=3 | n_rep: 13 | KDE model: gaussian rot
2026-05-05 03:57:43,284 | INFO | Scenario: scenario_2___nu=3 | n_rep: 13 | KDE model: t-student rot df=3
2026-05-05 03:57:43,684 | INFO | Scenario: scenario_2___nu=3 | n_rep: 14 | KDE model: gaussian rot
2026-05-05 03:57:44,309 | INFO | Scenario: scenario_2___nu=3 | n_rep: 14 | KDE model: t-student rot df=3
2026-05-05 03:57:44,951 | INFO | Scenario: scenario_2___nu=3 | n_rep: 15 | KDE model: gaussian rot
2026-05-05 03:57:45,280 | INFO | Scenario: scenario_2___nu=3 | n_rep: 15 | KDE model: t-student rot df=3
2026-05-05 03:57:45,589 | INFO | Scenario: scenario_2___nu=3 | n_rep: 16 | KDE model: gaussian rot
2026-05-05 03:57:46,030 | INFO | Scenario: scenario_2___nu=3 | n_rep: 16 | KDE model: t-student rot df=3
2026-05-05 03:57:46,368 | INFO | Scenario: scenario_2___nu=3 | n_rep: 17 | KDE model: gaussian rot
2026-05-05 03:57:46,795 | INFO | Scenario: scenario_2___nu=3 | n_rep: 17 | KDE model: t-student rot df=3
2026-05-05 03:57:47,174 | INFO | Scenario: scenario_2___nu=3 | n_rep: 18 | KDE model: gaussian rot
2026-05-05 03:57:47,620 | INFO | Scenario: scenario_2___nu=3 | n_rep: 18 | KDE model: t-student rot df=3
2026-05-05 03:57:48,065 | INFO | Scenario: scenario_2___nu=3 | n_rep: 19 | KDE model: gaussian rot
2026-05-05 03:57:48,598 | INFO | Scenario: scenario_2___nu=3 | n_rep: 19 | KDE model: t-student rot df=3
2026-05-05 03:57:49,192 | INFO | Scenario: scenario_2___nu=3 | n_rep: 20 | KDE model: gaussian rot
2026-05-05 03:57:49,946 | INFO | Scenario: scenario_2___nu=3 | n_rep: 20 | KDE model: t-student rot df=3
2026-05-05 03:57:51,005 | INFO | Scenario: scenario_2___nu=3 | n_rep: 21 | KDE model: gaussian rot
2026-05-05 03:57:51,508 | INFO | Scenario: scenario_2___nu=3 | n_rep: 21 | KDE model: t-student rot df=3
2026-05-05 03:57:51,894 | INFO | Scenario: scenario_2___nu=3 | n_rep: 22 | KDE model: gaussian rot
2026-05-05 03:57:52,352 | INFO | Scenario: scenario_2___nu=3 | n_rep: 22 | KDE model: t-student rot df=3
2026-05-05 03:57:52,702 | INFO | Scenario: scenario_2___nu=3 | n_rep: 23 | KDE model: gaussian rot
2026-05-05 03:57:53,114 | INFO | Scenario: scenario_2___nu=3 | n_rep: 23 | KDE model: t-student rot df=3
2026-05-05 03:57:53,550 | INFO | Scenario: scenario_2___nu=3 | n_rep: 24 | KDE model: gaussian rot
2026-05-05 03:57:53,919 | INFO | Scenario: scenario_2___nu=3 | n_rep: 24 | KDE model: t-student rot df=3
2026-05-05 03:57:54,339 | INFO | Scenario: scenario_2___nu=3 | n_rep: 25 | KDE model: gaussian rot
2026-05-05 03:57:54,811 | INFO | Scenario: scenario_2___nu=3 | n_rep: 25 | KDE model: t-student rot df=3
2026-05-05 03:57:55,202 | INFO | Scenario: scenario_2___nu=3 | n_rep: 26 | KDE model: gaussian rot
2026-05-05 03:57:55,690 | INFO | Scenario: scenario_2___nu=3 | n_rep: 26 | KDE model: t-student rot df=3
2026-05-05 03:57:56,129 | INFO | Scenario: scenario_2___nu=3 | n_rep: 27 | KDE model: gaussian rot
2026-05-05 03:57:56,581 | INFO | Scenario: scenario_2___nu=3 | n_rep: 27 | KDE model: t-student rot df=3
2026-05-05 03:57:57,059 | INFO | Scenario: scenario_2___nu=3 | n_rep: 28 | KDE model: gaussian rot
2026-05-05 03:57:57,666 | INFO | Scenario: scenario_2___nu=3 | n_rep: 28 | KDE model: t-student rot df=3
2026-05-05 03:57:58,279 | INFO | Scenario: scenario_2___nu=3 | n_rep: 29 | KDE model: gaussian rot
2026-05-05 03:57:59,024 | INFO | Scenario: scenario_2___nu=3 | n_rep: 29 | KDE model: t-student rot df=3
2026-05-05 03:57:59,751 | INFO | Scenario: scenario_2___nu=3 | n_rep: 30 | KDE model: gaussian rot
2026-05-05 03:58:00,430 | INFO | Scenario: scenario_2___nu=3 | n_rep: 30 | KDE model: t-student rot df=3
2026-05-05 03:58:01,110 | INFO | Scenario: scenario_2___nu=3 | n_rep: 31 | KDE model: gaussian rot
2026-05-05 03:58:02,291 | INFO | Scenario: scenario_2___nu=3 | n_rep: 31 | KDE model: t-student rot df=3
2026-05-05 03:58:03,208 | INFO | Scenario: scenario_2___nu=3 | n_rep: 32 | KDE model: gaussian rot
2026-05-05 03:58:03,590 | INFO | Scenario: scenario_2___nu=3 | n_rep: 32 | KDE model: t-student rot df=3
2026-05-05 03:58:04,015 | INFO | Scenario: scenario_2___nu=3 | n_rep: 33 | KDE model: gaussian rot
2026-05-05 03:58:04,377 | INFO | Scenario: scenario_2___nu=3 | n_rep: 33 | KDE model: t-student rot df=3
2026-05-05 03:58:04,703 | INFO | Scenario: scenario_2___nu=3 | n_rep: 34 | KDE model: gaussian rot
2026-05-05 03:58:05,088 | INFO | Scenario: scenario_2___nu=3 | n_rep: 34 | KDE model: t-student rot df=3
2026-05-05 03:58:05,469 | INFO | Scenario: scenario_2___nu=3 | n_rep: 35 | KDE model: gaussian rot
2026-05-05 03:58:05,873 | INFO | Scenario: scenario_2___nu=3 | n_rep: 35 | KDE model: t-student rot df=3
2026-05-05 03:58:06,299 | INFO | Scenario: scenario_2___nu=3 | n_rep: 36 | KDE model: gaussian rot
2026-05-05 03:58:06,812 | INFO | Scenario: scenario_2___nu=3 | n_rep: 36 | KDE model: t-student rot df=3
2026-05-05 03:58:07,320 | INFO | Scenario: scenario_2___nu=3 | n_rep: 37 | KDE model: gaussian rot
2026-05-05 03:58:07,719 | INFO | Scenario: scenario_2___nu=3 | n_rep: 37 | KDE model: t-student rot df=3
2026-05-05 03:58:08,072 | INFO | Scenario: scenario_2___nu=3 | n_rep: 38 | KDE model: gaussian rot
2026-05-05 03:58:08,761 | INFO | Scenario: scenario_2___nu=3 | n_rep: 38 | KDE model: t-student rot df=3
2026-05-05 03:58:09,423 | INFO | Scenario: scenario_2___nu=3 | n_rep: 39 | KDE model: gaussian rot
2026-05-05 03:58:10,295 | INFO | Scenario: scenario_2___nu=3 | n_rep: 39 | KDE model: t-student rot df=3
2026-05-05 03:58:11,161 | INFO | Scenario: scenario_2___nu=3 | n_rep: 40 | KDE model: gaussian rot
2026-05-05 03:58:11,742 | INFO | Scenario: scenario_2___nu=3 | n_rep: 40 | KDE model: t-student rot df=3
2026-05-05 03:58:12,344 | INFO | Scenario: scenario_2___nu=3 | n_rep: 41 | KDE model: gaussian rot
2026-05-05 03:58:12,788 | INFO | Scenario: scenario_2___nu=3 | n_rep: 41 | KDE model: t-student rot df=3
2026-05-05 03:58:13,251 | INFO | Scenario: scenario_2___nu=3 | n_rep: 42 | KDE model: gaussian rot
2026-05-05 03:58:13,697 | INFO | Scenario: scenario_2___nu=3 | n_rep: 42 | KDE model: t-student rot df=3
2026-05-05 03:58:14,047 | INFO | Scenario: scenario_2___nu=3 | n_rep: 43 | KDE model: gaussian rot
2026-05-05 03:58:14,485 | INFO | Scenario: scenario_2___nu=3 | n_rep: 43 | KDE model: t-student rot df=3
2026-05-05 03:58:14,845 | INFO | Scenario: scenario_2___nu=3 | n_rep: 44 | KDE model: gaussian rot
2026-05-05 03:58:15,391 | INFO | Scenario: scenario_2___nu=3 | n_rep: 44 | KDE model: t-student rot df=3
2026-05-05 03:58:15,871 | INFO | Scenario: scenario_2___nu=3 | n_rep: 45 | KDE model: gaussian rot
2026-05-05 03:58:16,270 | INFO | Scenario: scenario_2___nu=3 | n_rep: 45 | KDE model: t-student rot df=3
2026-05-05 03:58:16,644 | INFO | Scenario: scenario_2___nu=3 | n_rep: 46 | KDE model: gaussian rot
2026-05-05 03:58:17,081 | INFO | Scenario: scenario_2___nu=3 | n_rep: 46 | KDE model: t-student rot df=3
2026-05-05 03:58:17,474 | INFO | Scenario: scenario_2___nu=3 | n_rep: 47 | KDE model: gaussian rot
2026-05-05 03:58:17,994 | INFO | Scenario: scenario_2___nu=3 | n_rep: 47 | KDE model: t-student rot df=3
2026-05-05 03:58:18,487 | INFO | Scenario: scenario_2___nu=3 | n_rep: 48 | KDE model: gaussian rot
2026-05-05 03:58:19,166 | INFO | Scenario: scenario_2___nu=3 | n_rep: 48 | KDE model: t-student rot df=3
2026-05-05 03:58:19,849 | INFO | Scenario: scenario_2___nu=3 | n_rep: 49 | KDE model: gaussian rot
2026-05-05 03:58:20,627 | INFO | Scenario: scenario_2___nu=3 | n_rep: 49 | KDE model: t-student rot df=3
2026-05-05 03:58:21,331 | INFO | Scenario: scenario_2___nu=3 | n_rep: 50 | KDE model: gaussian rot
2026-05-05 23:02:33,828 | INFO | 
Initiating cross validation...
2026-05-05 23:02:33,834 | INFO | Scenario: scenario_2___nu=3 | n_rep: 0 | KDE model: gaussian rot
2026-05-05 23:02:34,499 | INFO | Scenario: scenario_2___nu=3 | n_rep: 0 | KDE model: t-student rot df=3
2026-05-05 23:02:35,127 | INFO | Scenario: scenario_2___nu=3 | n_rep: 1 | KDE model: gaussian rot
2026-05-05 23:02:35,558 | INFO | Scenario: scenario_2___nu=3 | n_rep: 1 | KDE model: t-student rot df=3
2026-05-05 23:02:35,964 | INFO | Scenario: scenario_2___nu=3 | n_rep: 2 | KDE model: gaussian rot
2026-05-05 23:02:36,941 | INFO | Scenario: scenario_2___nu=3 | n_rep: 2 | KDE model: t-student rot df=3
2026-05-05 23:02:37,540 | INFO | Scenario: scenario_2___nu=3 | n_rep: 3 | KDE model: gaussian rot
2026-05-05 23:02:37,964 | INFO | Scenario: scenario_2___nu=3 | n_rep: 3 | KDE model: t-student rot df=3
2026-05-05 23:02:38,418 | INFO | Scenario: scenario_2___nu=3 | n_rep: 4 | KDE model: gaussian rot
2026-05-05 23:02:39,098 | INFO | Scenario: scenario_2___nu=3 | n_rep: 4 | KDE model: t-student rot df=3
2026-05-05 23:02:39,674 | INFO | Scenario: scenario_2___nu=3 | n_rep: 5 | KDE model: gaussian rot
2026-05-05 23:02:40,097 | INFO | Scenario: scenario_2___nu=3 | n_rep: 5 | KDE model: t-student rot df=3
2026-05-05 23:02:40,488 | INFO | Scenario: scenario_2___nu=3 | n_rep: 6 | KDE model: gaussian rot
2026-05-05 23:02:40,980 | INFO | Scenario: scenario_2___nu=3 | n_rep: 6 | KDE model: t-student rot df=3
2026-05-05 23:02:41,394 | INFO | Scenario: scenario_2___nu=3 | n_rep: 7 | KDE model: gaussian rot
2026-05-05 23:02:41,827 | INFO | Scenario: scenario_2___nu=3 | n_rep: 7 | KDE model: t-student rot df=3
2026-05-05 23:02:42,224 | INFO | Scenario: scenario_2___nu=3 | n_rep: 8 | KDE model: gaussian rot
2026-05-05 23:02:42,987 | INFO | Scenario: scenario_2___nu=3 | n_rep: 8 | KDE model: t-student rot df=3
2026-05-05 23:02:43,772 | INFO | Scenario: scenario_2___nu=3 | n_rep: 9 | KDE model: gaussian rot
2026-05-05 23:02:44,204 | INFO | Scenario: scenario_2___nu=3 | n_rep: 9 | KDE model: t-student rot df=3
2026-05-05 23:02:44,698 | INFO | Scenario: scenario_2___nu=3 | n_rep: 10 | KDE model: gaussian rot
2026-05-05 23:02:45,060 | INFO | Scenario: scenario_2___nu=3 | n_rep: 10 | KDE model: t-student rot df=3
2026-05-05 23:02:45,518 | INFO | Scenario: scenario_2___nu=3 | n_rep: 11 | KDE model: gaussian rot
2026-05-05 23:02:45,961 | INFO | Scenario: scenario_2___nu=3 | n_rep: 11 | KDE model: t-student rot df=3
2026-05-05 23:02:46,413 | INFO | Scenario: scenario_2___nu=3 | n_rep: 12 | KDE model: gaussian rot
2026-05-05 23:02:46,874 | INFO | Scenario: scenario_2___nu=3 | n_rep: 12 | KDE model: t-student rot df=3
2026-05-05 23:02:47,315 | INFO | Scenario: scenario_2___nu=3 | n_rep: 13 | KDE model: gaussian rot
2026-05-05 23:02:47,747 | INFO | Scenario: scenario_2___nu=3 | n_rep: 13 | KDE model: t-student rot df=3
2026-05-05 23:02:48,141 | INFO | Scenario: scenario_2___nu=3 | n_rep: 14 | KDE model: gaussian rot
2026-05-05 23:02:48,743 | INFO | Scenario: scenario_2___nu=3 | n_rep: 14 | KDE model: t-student rot df=3
2026-05-05 23:02:49,379 | INFO | Scenario: scenario_2___nu=3 | n_rep: 15 | KDE model: gaussian rot
2026-05-05 23:02:49,718 | INFO | Scenario: scenario_2___nu=3 | n_rep: 15 | KDE model: t-student rot df=3
2026-05-05 23:02:50,067 | INFO | Scenario: scenario_2___nu=3 | n_rep: 16 | KDE model: gaussian rot
2026-05-05 23:02:50,515 | INFO | Scenario: scenario_2___nu=3 | n_rep: 16 | KDE model: t-student rot df=3
2026-05-05 23:02:50,839 | INFO | Scenario: scenario_2___nu=3 | n_rep: 17 | KDE model: gaussian rot
2026-05-05 23:02:51,255 | INFO | Scenario: scenario_2___nu=3 | n_rep: 17 | KDE model: t-student rot df=3
2026-05-05 23:02:51,617 | INFO | Scenario: scenario_2___nu=3 | n_rep: 18 | KDE model: gaussian rot
2026-05-05 23:02:52,057 | INFO | Scenario: scenario_2___nu=3 | n_rep: 18 | KDE model: t-student rot df=3
2026-05-05 23:02:52,495 | INFO | Scenario: scenario_2___nu=3 | n_rep: 19 | KDE model: gaussian rot
2026-05-05 23:02:53,018 | INFO | Scenario: scenario_2___nu=3 | n_rep: 19 | KDE model: t-student rot df=3
2026-05-05 23:02:53,608 | INFO | Scenario: scenario_2___nu=3 | n_rep: 20 | KDE model: gaussian rot
2026-05-05 23:02:54,347 | INFO | Scenario: scenario_2___nu=3 | n_rep: 20 | KDE model: t-student rot df=3
2026-05-05 23:02:54,991 | INFO | Scenario: scenario_2___nu=3 | n_rep: 21 | KDE model: gaussian rot
2026-05-05 23:02:55,493 | INFO | Scenario: scenario_2___nu=3 | n_rep: 21 | KDE model: t-student rot df=3
2026-05-05 23:02:55,872 | INFO | Scenario: scenario_2___nu=3 | n_rep: 22 | KDE model: gaussian rot
2026-05-05 23:02:56,326 | INFO | Scenario: scenario_2___nu=3 | n_rep: 22 | KDE model: t-student rot df=3
2026-05-05 23:02:56,680 | INFO | Scenario: scenario_2___nu=3 | n_rep: 23 | KDE model: gaussian rot
2026-05-05 23:02:57,081 | INFO | Scenario: scenario_2___nu=3 | n_rep: 23 | KDE model: t-student rot df=3
2026-05-05 23:02:57,516 | INFO | Scenario: scenario_2___nu=3 | n_rep: 24 | KDE model: gaussian rot
2026-05-05 23:02:57,881 | INFO | Scenario: scenario_2___nu=3 | n_rep: 24 | KDE model: t-student rot df=3
2026-05-05 23:02:58,294 | INFO | Scenario: scenario_2___nu=3 | n_rep: 25 | KDE model: gaussian rot
2026-05-05 23:02:58,757 | INFO | Scenario: scenario_2___nu=3 | n_rep: 25 | KDE model: t-student rot df=3
2026-05-05 23:02:59,147 | INFO | Scenario: scenario_2___nu=3 | n_rep: 26 | KDE model: gaussian rot
2026-05-05 23:02:59,631 | INFO | Scenario: scenario_2___nu=3 | n_rep: 26 | KDE model: t-student rot df=3
2026-05-05 23:03:00,065 | INFO | Scenario: scenario_2___nu=3 | n_rep: 27 | KDE model: gaussian rot
2026-05-05 23:03:00,514 | INFO | Scenario: scenario_2___nu=3 | n_rep: 27 | KDE model: t-student rot df=3
2026-05-05 23:03:00,996 | INFO | Scenario: scenario_2___nu=3 | n_rep: 28 | KDE model: gaussian rot
2026-05-05 23:03:01,596 | INFO | Scenario: scenario_2___nu=3 | n_rep: 28 | KDE model: t-student rot df=3
2026-05-05 23:03:02,198 | INFO | Scenario: scenario_2___nu=3 | n_rep: 29 | KDE model: gaussian rot
2026-05-05 23:03:02,929 | INFO | Scenario: scenario_2___nu=3 | n_rep: 29 | KDE model: t-student rot df=3
2026-05-05 23:03:03,644 | INFO | Scenario: scenario_2___nu=3 | n_rep: 30 | KDE model: gaussian rot
2026-05-05 23:03:04,321 | INFO | Scenario: scenario_2___nu=3 | n_rep: 30 | KDE model: t-student rot df=3
2026-05-05 23:03:05,001 | INFO | Scenario: scenario_2___nu=3 | n_rep: 31 | KDE model: gaussian rot
2026-05-05 23:03:06,176 | INFO | Scenario: scenario_2___nu=3 | n_rep: 31 | KDE model: t-student rot df=3
2026-05-05 23:03:07,096 | INFO | Scenario: scenario_2___nu=3 | n_rep: 32 | KDE model: gaussian rot
2026-05-05 23:03:07,466 | INFO | Scenario: scenario_2___nu=3 | n_rep: 32 | KDE model: t-student rot df=3
2026-05-05 23:03:07,890 | INFO | Scenario: scenario_2___nu=3 | n_rep: 33 | KDE model: gaussian rot
2026-05-05 23:03:08,255 | INFO | Scenario: scenario_2___nu=3 | n_rep: 33 | KDE model: t-student rot df=3
2026-05-05 23:03:08,584 | INFO | Scenario: scenario_2___nu=3 | n_rep: 34 | KDE model: gaussian rot
2026-05-05 23:03:08,979 | INFO | Scenario: scenario_2___nu=3 | n_rep: 34 | KDE model: t-student rot df=3
2026-05-05 23:03:09,382 | INFO | Scenario: scenario_2___nu=3 | n_rep: 35 | KDE model: gaussian rot
2026-05-05 23:03:09,795 | INFO | Scenario: scenario_2___nu=3 | n_rep: 35 | KDE model: t-student rot df=3
2026-05-05 23:03:10,212 | INFO | Scenario: scenario_2___nu=3 | n_rep: 36 | KDE model: gaussian rot
2026-05-05 23:03:10,723 | INFO | Scenario: scenario_2___nu=3 | n_rep: 36 | KDE model: t-student rot df=3
2026-05-05 23:03:11,222 | INFO | Scenario: scenario_2___nu=3 | n_rep: 37 | KDE model: gaussian rot
2026-05-05 23:03:11,613 | INFO | Scenario: scenario_2___nu=3 | n_rep: 37 | KDE model: t-student rot df=3
2026-05-05 23:03:11,964 | INFO | Scenario: scenario_2___nu=3 | n_rep: 38 | KDE model: gaussian rot
2026-05-05 23:03:12,639 | INFO | Scenario: scenario_2___nu=3 | n_rep: 38 | KDE model: t-student rot df=3
2026-05-05 23:03:13,295 | INFO | Scenario: scenario_2___nu=3 | n_rep: 39 | KDE model: gaussian rot
2026-05-05 23:03:14,154 | INFO | Scenario: scenario_2___nu=3 | n_rep: 39 | KDE model: t-student rot df=3
2026-05-05 23:03:15,007 | INFO | Scenario: scenario_2___nu=3 | n_rep: 40 | KDE model: gaussian rot
2026-05-05 23:03:15,581 | INFO | Scenario: scenario_2___nu=3 | n_rep: 40 | KDE model: t-student rot df=3
2026-05-05 23:03:16,174 | INFO | Scenario: scenario_2___nu=3 | n_rep: 41 | KDE model: gaussian rot
2026-05-05 23:03:16,612 | INFO | Scenario: scenario_2___nu=3 | n_rep: 41 | KDE model: t-student rot df=3
2026-05-05 23:03:17,081 | INFO | Scenario: scenario_2___nu=3 | n_rep: 42 | KDE model: gaussian rot
2026-05-05 23:03:17,527 | INFO | Scenario: scenario_2___nu=3 | n_rep: 42 | KDE model: t-student rot df=3
2026-05-05 23:03:17,891 | INFO | Scenario: scenario_2___nu=3 | n_rep: 43 | KDE model: gaussian rot
2026-05-05 23:03:18,325 | INFO | Scenario: scenario_2___nu=3 | n_rep: 43 | KDE model: t-student rot df=3
2026-05-05 23:03:18,690 | INFO | Scenario: scenario_2___nu=3 | n_rep: 44 | KDE model: gaussian rot
2026-05-05 23:03:19,232 | INFO | Scenario: scenario_2___nu=3 | n_rep: 44 | KDE model: t-student rot df=3
2026-05-05 23:03:19,709 | INFO | Scenario: scenario_2___nu=3 | n_rep: 45 | KDE model: gaussian rot
2026-05-05 23:03:20,102 | INFO | Scenario: scenario_2___nu=3 | n_rep: 45 | KDE model: t-student rot df=3
2026-05-05 23:03:20,476 | INFO | Scenario: scenario_2___nu=3 | n_rep: 46 | KDE model: gaussian rot
2026-05-05 23:03:20,917 | INFO | Scenario: scenario_2___nu=3 | n_rep: 46 | KDE model: t-student rot df=3
2026-05-05 23:03:21,306 | INFO | Scenario: scenario_2___nu=3 | n_rep: 47 | KDE model: gaussian rot
2026-05-05 23:03:21,826 | INFO | Scenario: scenario_2___nu=3 | n_rep: 47 | KDE model: t-student rot df=3
2026-05-05 23:03:22,316 | INFO | Scenario: scenario_2___nu=3 | n_rep: 48 | KDE model: gaussian rot
2026-05-05 23:03:22,990 | INFO | Scenario: scenario_2___nu=3 | n_rep: 48 | KDE model: t-student rot df=3
2026-05-05 23:03:23,688 | INFO | Scenario: scenario_2___nu=3 | n_rep: 49 | KDE model: gaussian rot
2026-05-05 23:03:24,462 | INFO | Scenario: scenario_2___nu=3 | n_rep: 49 | KDE model: t-student rot df=3
2026-05-05 23:03:25,167 | INFO | Scenario: scenario_2___nu=3 | n_rep: 50 | KDE model: gaussian rot
2026-05-05 23:13:33,533 | INFO | 
Initiating cross validation...
2026-05-05 23:13:33,539 | INFO | Scenario: scenario_2___nu=3 | n_rep: 0 | KDE model: gaussian rot
2026-05-05 23:13:34,209 | INFO | Scenario: scenario_2___nu=3 | n_rep: 0 | KDE model: t-student rot df=3
2026-05-05 23:13:34,835 | INFO | Scenario: scenario_2___nu=3 | n_rep: 1 | KDE model: gaussian rot
2026-05-05 23:13:35,254 | INFO | Scenario: scenario_2___nu=3 | n_rep: 1 | KDE model: t-student rot df=3
2026-05-05 23:13:35,667 | INFO | Scenario: scenario_2___nu=3 | n_rep: 2 | KDE model: gaussian rot
2026-05-05 23:13:36,639 | INFO | Scenario: scenario_2___nu=3 | n_rep: 2 | KDE model: t-student rot df=3
2026-05-05 23:13:37,256 | INFO | Scenario: scenario_2___nu=3 | n_rep: 3 | KDE model: gaussian rot
2026-05-05 23:13:37,678 | INFO | Scenario: scenario_2___nu=3 | n_rep: 3 | KDE model: t-student rot df=3
2026-05-05 23:13:38,143 | INFO | Scenario: scenario_2___nu=3 | n_rep: 4 | KDE model: gaussian rot
2026-05-05 23:13:38,832 | INFO | Scenario: scenario_2___nu=3 | n_rep: 4 | KDE model: t-student rot df=3
2026-05-05 23:13:39,413 | INFO | Scenario: scenario_2___nu=3 | n_rep: 5 | KDE model: gaussian rot
2026-05-05 23:13:39,838 | INFO | Scenario: scenario_2___nu=3 | n_rep: 5 | KDE model: t-student rot df=3
2026-05-05 23:13:41,238 | INFO | Scenario: scenario_2___nu=3 | n_rep: 6 | KDE model: gaussian rot
2026-05-05 23:13:41,753 | INFO | Scenario: scenario_2___nu=3 | n_rep: 6 | KDE model: t-student rot df=3
2026-05-05 23:13:42,162 | INFO | Scenario: scenario_2___nu=3 | n_rep: 7 | KDE model: gaussian rot
2026-05-05 23:13:42,600 | INFO | Scenario: scenario_2___nu=3 | n_rep: 7 | KDE model: t-student rot df=3
2026-05-05 23:13:43,022 | INFO | Scenario: scenario_2___nu=3 | n_rep: 8 | KDE model: gaussian rot
2026-05-05 23:13:43,788 | INFO | Scenario: scenario_2___nu=3 | n_rep: 8 | KDE model: t-student rot df=3
2026-05-05 23:13:44,587 | INFO | Scenario: scenario_2___nu=3 | n_rep: 9 | KDE model: gaussian rot
2026-05-05 23:13:45,015 | INFO | Scenario: scenario_2___nu=3 | n_rep: 9 | KDE model: t-student rot df=3
2026-05-05 23:13:45,512 | INFO | Scenario: scenario_2___nu=3 | n_rep: 10 | KDE model: gaussian rot
2026-05-05 23:13:45,868 | INFO | Scenario: scenario_2___nu=3 | n_rep: 10 | KDE model: t-student rot df=3
2026-05-05 23:13:46,334 | INFO | Scenario: scenario_2___nu=3 | n_rep: 11 | KDE model: gaussian rot
2026-05-05 23:13:46,768 | INFO | Scenario: scenario_2___nu=3 | n_rep: 11 | KDE model: t-student rot df=3
2026-05-05 23:13:47,221 | INFO | Scenario: scenario_2___nu=3 | n_rep: 12 | KDE model: gaussian rot
2026-05-05 23:13:47,679 | INFO | Scenario: scenario_2___nu=3 | n_rep: 12 | KDE model: t-student rot df=3
2026-05-05 23:13:48,125 | INFO | Scenario: scenario_2___nu=3 | n_rep: 13 | KDE model: gaussian rot
2026-05-05 23:13:48,553 | INFO | Scenario: scenario_2___nu=3 | n_rep: 13 | KDE model: t-student rot df=3
2026-05-05 23:13:48,949 | INFO | Scenario: scenario_2___nu=3 | n_rep: 14 | KDE model: gaussian rot
2026-05-05 23:13:49,565 | INFO | Scenario: scenario_2___nu=3 | n_rep: 14 | KDE model: t-student rot df=3
2026-05-05 23:13:50,209 | INFO | Scenario: scenario_2___nu=3 | n_rep: 15 | KDE model: gaussian rot
2026-05-05 23:13:50,522 | INFO | Scenario: scenario_2___nu=3 | n_rep: 15 | KDE model: t-student rot df=3
2026-05-05 23:13:50,846 | INFO | Scenario: scenario_2___nu=3 | n_rep: 16 | KDE model: gaussian rot
2026-05-05 23:13:51,295 | INFO | Scenario: scenario_2___nu=3 | n_rep: 16 | KDE model: t-student rot df=3
2026-05-05 23:13:51,678 | INFO | Scenario: scenario_2___nu=3 | n_rep: 17 | KDE model: gaussian rot
2026-05-05 23:13:52,109 | INFO | Scenario: scenario_2___nu=3 | n_rep: 17 | KDE model: t-student rot df=3
2026-05-05 23:13:52,487 | INFO | Scenario: scenario_2___nu=3 | n_rep: 18 | KDE model: gaussian rot
2026-05-05 23:13:52,912 | INFO | Scenario: scenario_2___nu=3 | n_rep: 18 | KDE model: t-student rot df=3
2026-05-05 23:13:53,375 | INFO | Scenario: scenario_2___nu=3 | n_rep: 19 | KDE model: gaussian rot
2026-05-05 23:13:53,904 | INFO | Scenario: scenario_2___nu=3 | n_rep: 19 | KDE model: t-student rot df=3
2026-05-05 23:13:54,502 | INFO | Scenario: scenario_2___nu=3 | n_rep: 20 | KDE model: gaussian rot
2026-05-05 23:13:55,250 | INFO | Scenario: scenario_2___nu=3 | n_rep: 20 | KDE model: t-student rot df=3
2026-05-05 23:13:55,906 | INFO | Scenario: scenario_2___nu=3 | n_rep: 21 | KDE model: gaussian rot
2026-05-05 23:13:56,391 | INFO | Scenario: scenario_2___nu=3 | n_rep: 21 | KDE model: t-student rot df=3
2026-05-05 23:13:56,779 | INFO | Scenario: scenario_2___nu=3 | n_rep: 22 | KDE model: gaussian rot
2026-05-05 23:13:57,222 | INFO | Scenario: scenario_2___nu=3 | n_rep: 22 | KDE model: t-student rot df=3
2026-05-05 23:13:57,571 | INFO | Scenario: scenario_2___nu=3 | n_rep: 23 | KDE model: gaussian rot
2026-05-05 23:13:57,984 | INFO | Scenario: scenario_2___nu=3 | n_rep: 23 | KDE model: t-student rot df=3
2026-05-05 23:13:58,419 | INFO | Scenario: scenario_2___nu=3 | n_rep: 24 | KDE model: gaussian rot
2026-05-05 23:13:58,782 | INFO | Scenario: scenario_2___nu=3 | n_rep: 24 | KDE model: t-student rot df=3
2026-05-05 23:13:59,204 | INFO | Scenario: scenario_2___nu=3 | n_rep: 25 | KDE model: gaussian rot
2026-05-05 23:13:59,667 | INFO | Scenario: scenario_2___nu=3 | n_rep: 25 | KDE model: t-student rot df=3
2026-05-05 23:14:00,074 | INFO | Scenario: scenario_2___nu=3 | n_rep: 26 | KDE model: gaussian rot
2026-05-05 23:14:00,554 | INFO | Scenario: scenario_2___nu=3 | n_rep: 26 | KDE model: t-student rot df=3
2026-05-05 23:14:00,992 | INFO | Scenario: scenario_2___nu=3 | n_rep: 27 | KDE model: gaussian rot
2026-05-05 23:14:01,434 | INFO | Scenario: scenario_2___nu=3 | n_rep: 27 | KDE model: t-student rot df=3
2026-05-05 23:14:01,906 | INFO | Scenario: scenario_2___nu=3 | n_rep: 28 | KDE model: gaussian rot
2026-05-05 23:14:02,509 | INFO | Scenario: scenario_2___nu=3 | n_rep: 28 | KDE model: t-student rot df=3
2026-05-05 23:14:03,125 | INFO | Scenario: scenario_2___nu=3 | n_rep: 29 | KDE model: gaussian rot
2026-05-05 23:14:03,867 | INFO | Scenario: scenario_2___nu=3 | n_rep: 29 | KDE model: t-student rot df=3
2026-05-05 23:14:04,594 | INFO | Scenario: scenario_2___nu=3 | n_rep: 30 | KDE model: gaussian rot
2026-05-05 23:14:05,273 | INFO | Scenario: scenario_2___nu=3 | n_rep: 30 | KDE model: t-student rot df=3
2026-05-05 23:14:05,963 | INFO | Scenario: scenario_2___nu=3 | n_rep: 31 | KDE model: gaussian rot
2026-05-05 23:14:07,161 | INFO | Scenario: scenario_2___nu=3 | n_rep: 31 | KDE model: t-student rot df=3
2026-05-05 23:14:08,097 | INFO | Scenario: scenario_2___nu=3 | n_rep: 32 | KDE model: gaussian rot
2026-05-05 23:14:08,459 | INFO | Scenario: scenario_2___nu=3 | n_rep: 32 | KDE model: t-student rot df=3
2026-05-05 23:14:08,886 | INFO | Scenario: scenario_2___nu=3 | n_rep: 33 | KDE model: gaussian rot
2026-05-05 23:14:09,239 | INFO | Scenario: scenario_2___nu=3 | n_rep: 33 | KDE model: t-student rot df=3
2026-05-05 23:14:09,564 | INFO | Scenario: scenario_2___nu=3 | n_rep: 34 | KDE model: gaussian rot
2026-05-05 23:14:09,943 | INFO | Scenario: scenario_2___nu=3 | n_rep: 34 | KDE model: t-student rot df=3
2026-05-05 23:14:10,327 | INFO | Scenario: scenario_2___nu=3 | n_rep: 35 | KDE model: gaussian rot
2026-05-05 23:14:10,737 | INFO | Scenario: scenario_2___nu=3 | n_rep: 35 | KDE model: t-student rot df=3
2026-05-05 23:14:11,161 | INFO | Scenario: scenario_2___nu=3 | n_rep: 36 | KDE model: gaussian rot
2026-05-05 23:14:11,658 | INFO | Scenario: scenario_2___nu=3 | n_rep: 36 | KDE model: t-student rot df=3
2026-05-05 23:14:12,165 | INFO | Scenario: scenario_2___nu=3 | n_rep: 37 | KDE model: gaussian rot
2026-05-05 23:14:12,547 | INFO | Scenario: scenario_2___nu=3 | n_rep: 37 | KDE model: t-student rot df=3
2026-05-05 23:14:12,901 | INFO | Scenario: scenario_2___nu=3 | n_rep: 38 | KDE model: gaussian rot
2026-05-05 23:14:13,577 | INFO | Scenario: scenario_2___nu=3 | n_rep: 38 | KDE model: t-student rot df=3
2026-05-05 23:14:14,239 | INFO | Scenario: scenario_2___nu=3 | n_rep: 39 | KDE model: gaussian rot
2026-05-05 23:14:15,099 | INFO | Scenario: scenario_2___nu=3 | n_rep: 39 | KDE model: t-student rot df=3
2026-05-05 23:14:15,970 | INFO | Scenario: scenario_2___nu=3 | n_rep: 40 | KDE model: gaussian rot
2026-05-05 23:14:16,543 | INFO | Scenario: scenario_2___nu=3 | n_rep: 40 | KDE model: t-student rot df=3
2026-05-05 23:14:17,148 | INFO | Scenario: scenario_2___nu=3 | n_rep: 41 | KDE model: gaussian rot
2026-05-05 23:14:17,579 | INFO | Scenario: scenario_2___nu=3 | n_rep: 41 | KDE model: t-student rot df=3
2026-05-05 23:14:18,041 | INFO | Scenario: scenario_2___nu=3 | n_rep: 42 | KDE model: gaussian rot
2026-05-05 23:14:18,478 | INFO | Scenario: scenario_2___nu=3 | n_rep: 42 | KDE model: t-student rot df=3
2026-05-05 23:14:18,844 | INFO | Scenario: scenario_2___nu=3 | n_rep: 43 | KDE model: gaussian rot
2026-05-05 23:14:19,268 | INFO | Scenario: scenario_2___nu=3 | n_rep: 43 | KDE model: t-student rot df=3
2026-05-05 23:14:19,635 | INFO | Scenario: scenario_2___nu=3 | n_rep: 44 | KDE model: gaussian rot
2026-05-05 23:14:20,186 | INFO | Scenario: scenario_2___nu=3 | n_rep: 44 | KDE model: t-student rot df=3
2026-05-05 23:14:20,663 | INFO | Scenario: scenario_2___nu=3 | n_rep: 45 | KDE model: gaussian rot
2026-05-05 23:14:21,048 | INFO | Scenario: scenario_2___nu=3 | n_rep: 45 | KDE model: t-student rot df=3
2026-05-05 23:14:21,420 | INFO | Scenario: scenario_2___nu=3 | n_rep: 46 | KDE model: gaussian rot
2026-05-05 23:14:21,858 | INFO | Scenario: scenario_2___nu=3 | n_rep: 46 | KDE model: t-student rot df=3
2026-05-05 23:14:22,251 | INFO | Scenario: scenario_2___nu=3 | n_rep: 47 | KDE model: gaussian rot
2026-05-05 23:14:22,759 | INFO | Scenario: scenario_2___nu=3 | n_rep: 47 | KDE model: t-student rot df=3
2026-05-05 23:14:23,252 | INFO | Scenario: scenario_2___nu=3 | n_rep: 48 | KDE model: gaussian rot
2026-05-05 23:14:23,926 | INFO | Scenario: scenario_2___nu=3 | n_rep: 48 | KDE model: t-student rot df=3
2026-05-05 23:14:24,615 | INFO | Scenario: scenario_2___nu=3 | n_rep: 49 | KDE model: gaussian rot
2026-05-05 23:14:25,384 | INFO | Scenario: scenario_2___nu=3 | n_rep: 49 | KDE model: t-student rot df=3
2026-05-05 23:14:26,106 | INFO | Scenario: scenario_2___nu=3 | n_rep: 50 | KDE model: gaussian rot
2026-05-05 23:14:26,570 | INFO | Scenario: scenario_2___nu=3 | n_rep: 50 | KDE model: t-student rot df=3
2026-05-05 23:14:27,015 | INFO | Scenario: scenario_2___nu=3 | n_rep: 51 | KDE model: gaussian rot
2026-05-05 23:14:27,525 | INFO | Scenario: scenario_2___nu=3 | n_rep: 51 | KDE model: t-student rot df=3
2026-05-05 23:14:28,086 | INFO | Scenario: scenario_2___nu=3 | n_rep: 52 | KDE model: gaussian rot
2026-05-05 23:14:28,539 | INFO | Scenario: scenario_2___nu=3 | n_rep: 52 | KDE model: t-student rot df=3
2026-05-05 23:14:28,976 | INFO | Scenario: scenario_2___nu=3 | n_rep: 53 | KDE model: gaussian rot
2026-05-05 23:14:29,449 | INFO | Scenario: scenario_2___nu=3 | n_rep: 53 | KDE model: t-student rot df=3
2026-05-05 23:14:29,905 | INFO | Scenario: scenario_2___nu=3 | n_rep: 54 | KDE model: gaussian rot
2026-05-05 23:14:30,516 | INFO | Scenario: scenario_2___nu=3 | n_rep: 54 | KDE model: t-student rot df=3
2026-05-05 23:14:31,270 | INFO | Scenario: scenario_2___nu=3 | n_rep: 55 | KDE model: gaussian rot
2026-05-05 23:14:31,733 | INFO | Scenario: scenario_2___nu=3 | n_rep: 55 | KDE model: t-student rot df=3
2026-05-05 23:14:32,131 | INFO | Scenario: scenario_2___nu=3 | n_rep: 56 | KDE model: gaussian rot
2026-05-05 23:14:32,641 | INFO | Scenario: scenario_2___nu=3 | n_rep: 56 | KDE model: t-student rot df=3
2026-05-05 23:14:33,069 | INFO | Scenario: scenario_2___nu=3 | n_rep: 57 | KDE model: gaussian rot
2026-05-05 23:14:33,491 | INFO | Scenario: scenario_2___nu=3 | n_rep: 57 | KDE model: t-student rot df=3
2026-05-05 23:14:33,893 | INFO | Scenario: scenario_2___nu=3 | n_rep: 58 | KDE model: gaussian rot
2026-05-05 23:14:34,393 | INFO | Scenario: scenario_2___nu=3 | n_rep: 58 | KDE model: t-student rot df=3
2026-05-05 23:14:34,832 | INFO | Scenario: scenario_2___nu=3 | n_rep: 59 | KDE model: gaussian rot
2026-05-05 23:14:35,200 | INFO | Scenario: scenario_2___nu=3 | n_rep: 59 | KDE model: t-student rot df=3
2026-05-05 23:14:35,612 | INFO | Scenario: scenario_2___nu=3 | n_rep: 60 | KDE model: gaussian rot
2026-05-05 23:14:36,064 | INFO | Scenario: scenario_2___nu=3 | n_rep: 60 | KDE model: t-student rot df=3
2026-05-05 23:14:36,498 | INFO | Scenario: scenario_2___nu=3 | n_rep: 61 | KDE model: gaussian rot
2026-05-05 23:14:37,362 | INFO | Scenario: scenario_2___nu=3 | n_rep: 61 | KDE model: t-student rot df=3
2026-05-05 23:14:38,096 | INFO | Scenario: scenario_2___nu=3 | n_rep: 62 | KDE model: gaussian rot
2026-05-05 23:14:38,522 | INFO | Scenario: scenario_2___nu=3 | n_rep: 62 | KDE model: t-student rot df=3
2026-05-05 23:14:38,935 | INFO | Scenario: scenario_2___nu=3 | n_rep: 63 | KDE model: gaussian rot
2026-05-05 23:14:39,411 | INFO | Scenario: scenario_2___nu=3 | n_rep: 63 | KDE model: t-student rot df=3
2026-05-05 23:14:39,839 | INFO | Scenario: scenario_2___nu=3 | n_rep: 64 | KDE model: gaussian rot
2026-05-05 23:14:40,447 | INFO | Scenario: scenario_2___nu=3 | n_rep: 64 | KDE model: t-student rot df=3
2026-05-05 23:14:40,940 | INFO | Scenario: scenario_2___nu=3 | n_rep: 65 | KDE model: gaussian rot
2026-05-05 23:14:41,521 | INFO | Scenario: scenario_2___nu=3 | n_rep: 65 | KDE model: t-student rot df=3
2026-05-05 23:14:42,047 | INFO | Scenario: scenario_2___nu=3 | n_rep: 66 | KDE model: gaussian rot
2026-05-05 23:14:42,519 | INFO | Scenario: scenario_2___nu=3 | n_rep: 66 | KDE model: t-student rot df=3
2026-05-05 23:14:43,044 | INFO | Scenario: scenario_2___nu=3 | n_rep: 67 | KDE model: gaussian rot
2026-05-05 23:14:43,475 | INFO | Scenario: scenario_2___nu=3 | n_rep: 67 | KDE model: t-student rot df=3
2026-05-05 23:14:43,941 | INFO | Scenario: scenario_2___nu=3 | n_rep: 68 | KDE model: gaussian rot
2026-05-05 23:14:44,799 | INFO | Scenario: scenario_2___nu=3 | n_rep: 68 | KDE model: t-student rot df=3
2026-05-05 23:14:45,557 | INFO | Scenario: scenario_2___nu=3 | n_rep: 69 | KDE model: gaussian rot
2026-05-05 23:14:46,006 | INFO | Scenario: scenario_2___nu=3 | n_rep: 69 | KDE model: t-student rot df=3
2026-05-05 23:14:46,430 | INFO | Scenario: scenario_2___nu=3 | n_rep: 70 | KDE model: gaussian rot
2026-05-05 23:14:46,900 | INFO | Scenario: scenario_2___nu=3 | n_rep: 70 | KDE model: t-student rot df=3
2026-05-05 23:14:47,317 | INFO | Scenario: scenario_2___nu=3 | n_rep: 71 | KDE model: gaussian rot
2026-05-05 23:14:47,782 | INFO | Scenario: scenario_2___nu=3 | n_rep: 71 | KDE model: t-student rot df=3
2026-05-05 23:14:48,213 | INFO | Scenario: scenario_2___nu=3 | n_rep: 72 | KDE model: gaussian rot
2026-05-05 23:14:49,087 | INFO | Scenario: scenario_2___nu=3 | n_rep: 72 | KDE model: t-student rot df=3
2026-05-05 23:14:50,618 | INFO | Scenario: scenario_2___nu=3 | n_rep: 73 | KDE model: gaussian rot
2026-05-05 23:14:51,408 | INFO | Scenario: scenario_2___nu=3 | n_rep: 73 | KDE model: t-student rot df=3
2026-05-05 23:14:51,954 | INFO | Scenario: scenario_2___nu=3 | n_rep: 74 | KDE model: gaussian rot
2026-05-05 23:14:52,524 | INFO | Scenario: scenario_2___nu=3 | n_rep: 74 | KDE model: t-student rot df=3
2026-05-05 23:14:53,057 | INFO | Scenario: scenario_2___nu=3 | n_rep: 75 | KDE model: gaussian rot
2026-05-05 23:14:53,508 | INFO | Scenario: scenario_2___nu=3 | n_rep: 75 | KDE model: t-student rot df=3
2026-05-05 23:14:53,923 | INFO | Scenario: scenario_2___nu=3 | n_rep: 76 | KDE model: gaussian rot
2026-05-05 23:14:54,375 | INFO | Scenario: scenario_2___nu=3 | n_rep: 76 | KDE model: t-student rot df=3
2026-05-05 23:14:54,829 | INFO | Scenario: scenario_2___nu=3 | n_rep: 77 | KDE model: gaussian rot
2026-05-05 23:14:55,679 | INFO | Scenario: scenario_2___nu=3 | n_rep: 77 | KDE model: t-student rot df=3
2026-05-05 23:14:56,453 | INFO | Scenario: scenario_2___nu=3 | n_rep: 78 | KDE model: gaussian rot
2026-05-05 23:14:57,187 | INFO | Scenario: scenario_2___nu=3 | n_rep: 78 | KDE model: t-student rot df=3
2026-05-05 23:14:57,790 | INFO | Scenario: scenario_2___nu=3 | n_rep: 79 | KDE model: gaussian rot
2026-05-05 23:14:58,163 | INFO | Scenario: scenario_2___nu=3 | n_rep: 79 | KDE model: t-student rot df=3
2026-05-05 23:14:58,581 | INFO | Scenario: scenario_2___nu=3 | n_rep: 80 | KDE model: gaussian rot
2026-05-05 23:14:59,043 | INFO | Scenario: scenario_2___nu=3 | n_rep: 80 | KDE model: t-student rot df=3
2026-05-05 23:14:59,535 | INFO | Scenario: scenario_2___nu=3 | n_rep: 81 | KDE model: gaussian rot
2026-05-05 23:15:00,197 | INFO | Scenario: scenario_2___nu=3 | n_rep: 81 | KDE model: t-student rot df=3
2026-05-05 23:15:00,980 | INFO | Scenario: scenario_2___nu=3 | n_rep: 82 | KDE model: gaussian rot
2026-05-05 23:15:01,391 | INFO | Scenario: scenario_2___nu=3 | n_rep: 82 | KDE model: t-student rot df=3
2026-05-05 23:15:01,787 | INFO | Scenario: scenario_2___nu=3 | n_rep: 83 | KDE model: gaussian rot
2026-05-05 23:15:02,395 | INFO | Scenario: scenario_2___nu=3 | n_rep: 83 | KDE model: t-student rot df=3
2026-05-05 23:15:02,835 | INFO | Scenario: scenario_2___nu=3 | n_rep: 84 | KDE model: gaussian rot
2026-05-05 23:15:03,260 | INFO | Scenario: scenario_2___nu=3 | n_rep: 84 | KDE model: t-student rot df=3
2026-05-05 23:15:03,684 | INFO | Scenario: scenario_2___nu=3 | n_rep: 85 | KDE model: gaussian rot
2026-05-05 23:15:04,137 | INFO | Scenario: scenario_2___nu=3 | n_rep: 85 | KDE model: t-student rot df=3
2026-05-05 23:15:04,581 | INFO | Scenario: scenario_2___nu=3 | n_rep: 86 | KDE model: gaussian rot
2026-05-05 23:15:05,063 | INFO | Scenario: scenario_2___nu=3 | n_rep: 86 | KDE model: t-student rot df=3
2026-05-05 23:15:05,483 | INFO | Scenario: scenario_2___nu=3 | n_rep: 87 | KDE model: gaussian rot
2026-05-05 23:15:06,219 | INFO | Scenario: scenario_2___nu=3 | n_rep: 87 | KDE model: t-student rot df=3
2026-05-05 23:15:06,878 | INFO | Scenario: scenario_2___nu=3 | n_rep: 88 | KDE model: gaussian rot
2026-05-05 23:15:07,360 | INFO | Scenario: scenario_2___nu=3 | n_rep: 88 | KDE model: t-student rot df=3
2026-05-05 23:15:07,876 | INFO | Scenario: scenario_2___nu=3 | n_rep: 89 | KDE model: gaussian rot
2026-05-05 23:15:08,992 | INFO | Scenario: scenario_2___nu=3 | n_rep: 89 | KDE model: t-student rot df=3
2026-05-05 23:15:10,166 | INFO | Scenario: scenario_2___nu=3 | n_rep: 90 | KDE model: gaussian rot
2026-05-05 23:15:10,792 | INFO | Scenario: scenario_2___nu=3 | n_rep: 90 | KDE model: t-student rot df=3
2026-05-05 23:15:11,499 | INFO | Scenario: scenario_2___nu=3 | n_rep: 91 | KDE model: gaussian rot
2026-05-05 23:15:12,023 | INFO | Scenario: scenario_2___nu=3 | n_rep: 91 | KDE model: t-student rot df=3
2026-05-05 23:15:12,497 | INFO | Scenario: scenario_2___nu=3 | n_rep: 92 | KDE model: gaussian rot
2026-05-05 23:15:13,265 | INFO | Scenario: scenario_2___nu=3 | n_rep: 92 | KDE model: t-student rot df=3
2026-05-05 23:15:14,014 | INFO | Scenario: scenario_2___nu=3 | n_rep: 93 | KDE model: gaussian rot
2026-05-05 23:15:14,683 | INFO | Scenario: scenario_2___nu=3 | n_rep: 93 | KDE model: t-student rot df=3
2026-05-05 23:15:15,429 | INFO | Scenario: scenario_2___nu=3 | n_rep: 94 | KDE model: gaussian rot
2026-05-05 23:15:16,058 | INFO | Scenario: scenario_2___nu=3 | n_rep: 94 | KDE model: t-student rot df=3
2026-05-05 23:15:16,617 | INFO | Scenario: scenario_2___nu=3 | n_rep: 95 | KDE model: gaussian rot
2026-05-05 23:15:17,095 | INFO | Scenario: scenario_2___nu=3 | n_rep: 95 | KDE model: t-student rot df=3
2026-05-05 23:15:17,547 | INFO | Scenario: scenario_2___nu=3 | n_rep: 96 | KDE model: gaussian rot
2026-05-05 23:15:18,014 | INFO | Scenario: scenario_2___nu=3 | n_rep: 96 | KDE model: t-student rot df=3
2026-05-05 23:15:18,478 | INFO | Scenario: scenario_2___nu=3 | n_rep: 97 | KDE model: gaussian rot
2026-05-05 23:15:18,947 | INFO | Scenario: scenario_2___nu=3 | n_rep: 97 | KDE model: t-student rot df=3
2026-05-05 23:15:19,349 | INFO | Scenario: scenario_2___nu=3 | n_rep: 98 | KDE model: gaussian rot
2026-05-05 23:15:19,814 | INFO | Scenario: scenario_2___nu=3 | n_rep: 98 | KDE model: t-student rot df=3
2026-05-05 23:15:20,207 | INFO | Scenario: scenario_2___nu=3 | n_rep: 99 | KDE model: gaussian rot
2026-05-05 23:15:20,659 | INFO | Scenario: scenario_2___nu=3 | n_rep: 99 | KDE model: t-student rot df=3
2026-05-05 23:15:21,110 | INFO | Scenario: scenario_2___nu=3 | n_rep: 100 | KDE model: gaussian rot
2026-05-05 23:15:21,788 | INFO | Scenario: scenario_2___nu=3 | n_rep: 100 | KDE model: t-student rot df=3
2026-05-05 23:15:22,463 | INFO | Scenario: scenario_2___nu=3 | n_rep: 101 | KDE model: gaussian rot
2026-05-05 23:15:23,060 | INFO | Scenario: scenario_2___nu=3 | n_rep: 101 | KDE model: t-student rot df=3
2026-05-05 23:15:23,644 | INFO | Scenario: scenario_2___nu=3 | n_rep: 102 | KDE model: gaussian rot
2026-05-05 23:15:24,092 | INFO | Scenario: scenario_2___nu=3 | n_rep: 102 | KDE model: t-student rot df=3
2026-05-05 23:15:24,585 | INFO | Scenario: scenario_2___nu=3 | n_rep: 103 | KDE model: gaussian rot
2026-05-05 23:15:25,233 | INFO | Scenario: scenario_2___nu=3 | n_rep: 103 | KDE model: t-student rot df=3
2026-05-05 23:15:26,061 | INFO | Scenario: scenario_2___nu=3 | n_rep: 104 | KDE model: gaussian rot
2026-05-05 23:15:26,879 | INFO | Scenario: scenario_2___nu=3 | n_rep: 104 | KDE model: t-student rot df=3
2026-05-05 23:15:27,623 | INFO | Scenario: scenario_2___nu=3 | n_rep: 105 | KDE model: gaussian rot
2026-05-05 23:15:28,370 | INFO | Scenario: scenario_2___nu=3 | n_rep: 105 | KDE model: t-student rot df=3
2026-05-05 23:15:29,079 | INFO | Scenario: scenario_2___nu=3 | n_rep: 106 | KDE model: gaussian rot
2026-05-05 23:15:29,850 | INFO | Scenario: scenario_2___nu=3 | n_rep: 106 | KDE model: t-student rot df=3
2026-05-05 23:15:30,642 | INFO | Scenario: scenario_2___nu=3 | n_rep: 107 | KDE model: gaussian rot
2026-05-05 23:15:31,030 | INFO | Scenario: scenario_2___nu=3 | n_rep: 107 | KDE model: t-student rot df=3
2026-05-05 23:15:31,368 | INFO | Scenario: scenario_2___nu=3 | n_rep: 108 | KDE model: gaussian rot
2026-05-05 23:15:32,142 | INFO | Scenario: scenario_2___nu=3 | n_rep: 108 | KDE model: t-student rot df=3
2026-05-05 23:15:32,926 | INFO | Scenario: scenario_2___nu=3 | n_rep: 109 | KDE model: gaussian rot
2026-05-05 23:15:33,721 | INFO | Scenario: scenario_2___nu=3 | n_rep: 109 | KDE model: t-student rot df=3
2026-05-05 23:15:34,263 | INFO | Scenario: scenario_2___nu=3 | n_rep: 110 | KDE model: gaussian rot
2026-05-05 23:15:34,677 | INFO | Scenario: scenario_2___nu=3 | n_rep: 110 | KDE model: t-student rot df=3
2026-05-05 23:15:35,028 | INFO | Scenario: scenario_2___nu=3 | n_rep: 111 | KDE model: gaussian rot
2026-05-05 23:15:35,502 | INFO | Scenario: scenario_2___nu=3 | n_rep: 111 | KDE model: t-student rot df=3
2026-05-05 23:15:35,915 | INFO | Scenario: scenario_2___nu=3 | n_rep: 112 | KDE model: gaussian rot
2026-05-05 23:15:36,283 | INFO | Scenario: scenario_2___nu=3 | n_rep: 112 | KDE model: t-student rot df=3
2026-05-05 23:15:36,660 | INFO | Scenario: scenario_2___nu=3 | n_rep: 113 | KDE model: gaussian rot
2026-05-05 23:15:37,403 | INFO | Scenario: scenario_2___nu=3 | n_rep: 113 | KDE model: t-student rot df=3
2026-05-05 23:15:37,963 | INFO | Scenario: scenario_2___nu=3 | n_rep: 114 | KDE model: gaussian rot
2026-05-05 23:15:38,621 | INFO | Scenario: scenario_2___nu=3 | n_rep: 114 | KDE model: t-student rot df=3
2026-05-05 23:15:39,223 | INFO | Scenario: scenario_2___nu=3 | n_rep: 115 | KDE model: gaussian rot
2026-05-05 23:15:39,906 | INFO | Scenario: scenario_2___nu=3 | n_rep: 115 | KDE model: t-student rot df=3
2026-05-05 23:15:40,594 | INFO | Scenario: scenario_2___nu=3 | n_rep: 116 | KDE model: gaussian rot
2026-05-05 23:15:41,302 | INFO | Scenario: scenario_2___nu=3 | n_rep: 116 | KDE model: t-student rot df=3
2026-05-05 23:15:41,993 | INFO | Scenario: scenario_2___nu=3 | n_rep: 117 | KDE model: gaussian rot
2026-05-05 23:15:42,398 | INFO | Scenario: scenario_2___nu=3 | n_rep: 117 | KDE model: t-student rot df=3
2026-05-05 23:15:42,815 | INFO | Scenario: scenario_2___nu=3 | n_rep: 118 | KDE model: gaussian rot
2026-05-05 23:15:43,492 | INFO | Scenario: scenario_2___nu=3 | n_rep: 118 | KDE model: t-student rot df=3
2026-05-05 23:15:44,161 | INFO | Scenario: scenario_2___nu=3 | n_rep: 119 | KDE model: gaussian rot
2026-05-05 23:15:44,621 | INFO | Scenario: scenario_2___nu=3 | n_rep: 119 | KDE model: t-student rot df=3
2026-05-05 23:15:45,090 | INFO | Scenario: scenario_2___nu=3 | n_rep: 120 | KDE model: gaussian rot
2026-05-05 23:15:45,489 | INFO | Scenario: scenario_2___nu=3 | n_rep: 120 | KDE model: t-student rot df=3
2026-05-05 23:15:45,887 | INFO | Scenario: scenario_2___nu=3 | n_rep: 121 | KDE model: gaussian rot
2026-05-05 23:15:46,438 | INFO | Scenario: scenario_2___nu=3 | n_rep: 121 | KDE model: t-student rot df=3
2026-05-05 23:15:46,951 | INFO | Scenario: scenario_2___nu=3 | n_rep: 122 | KDE model: gaussian rot
2026-05-05 23:15:47,536 | INFO | Scenario: scenario_2___nu=3 | n_rep: 122 | KDE model: t-student rot df=3
2026-05-05 23:15:48,104 | INFO | Scenario: scenario_2___nu=3 | n_rep: 123 | KDE model: gaussian rot
2026-05-05 23:15:48,879 | INFO | Scenario: scenario_2___nu=3 | n_rep: 123 | KDE model: t-student rot df=3
2026-05-05 23:15:49,550 | INFO | Scenario: scenario_2___nu=3 | n_rep: 124 | KDE model: gaussian rot
2026-05-05 23:15:50,244 | INFO | Scenario: scenario_2___nu=3 | n_rep: 124 | KDE model: t-student rot df=3
2026-05-05 23:15:50,864 | INFO | Scenario: scenario_2___nu=3 | n_rep: 125 | KDE model: gaussian rot
2026-05-05 23:15:51,475 | INFO | Scenario: scenario_2___nu=3 | n_rep: 125 | KDE model: t-student rot df=3
2026-05-05 23:15:52,226 | INFO | Scenario: scenario_2___nu=3 | n_rep: 126 | KDE model: gaussian rot
2026-05-05 23:15:52,879 | INFO | Scenario: scenario_2___nu=3 | n_rep: 126 | KDE model: t-student rot df=3
2026-05-05 23:15:53,399 | INFO | Scenario: scenario_2___nu=3 | n_rep: 127 | KDE model: gaussian rot
2026-05-05 23:15:53,787 | INFO | Scenario: scenario_2___nu=3 | n_rep: 127 | KDE model: t-student rot df=3
2026-05-05 23:15:54,188 | INFO | Scenario: scenario_2___nu=3 | n_rep: 128 | KDE model: gaussian rot
2026-05-05 23:15:54,921 | INFO | Scenario: scenario_2___nu=3 | n_rep: 128 | KDE model: t-student rot df=3
2026-05-05 23:15:55,715 | INFO | Scenario: scenario_2___nu=3 | n_rep: 129 | KDE model: gaussian rot
2026-05-05 23:15:56,347 | INFO | Scenario: scenario_2___nu=3 | n_rep: 129 | KDE model: t-student rot df=3
2026-05-05 23:15:56,887 | INFO | Scenario: scenario_2___nu=3 | n_rep: 130 | KDE model: gaussian rot
2026-05-05 23:15:57,490 | INFO | Scenario: scenario_2___nu=3 | n_rep: 130 | KDE model: t-student rot df=3
2026-05-05 23:15:58,626 | INFO | Scenario: scenario_2___nu=3 | n_rep: 131 | KDE model: gaussian rot
2026-05-05 23:15:59,139 | INFO | Scenario: scenario_2___nu=3 | n_rep: 131 | KDE model: t-student rot df=3
2026-05-05 23:15:59,860 | INFO | Scenario: scenario_2___nu=3 | n_rep: 132 | KDE model: gaussian rot
2026-05-05 23:16:00,579 | INFO | Scenario: scenario_2___nu=3 | n_rep: 132 | KDE model: t-student rot df=3
2026-05-05 23:16:01,270 | INFO | Scenario: scenario_2___nu=3 | n_rep: 133 | KDE model: gaussian rot
2026-05-05 23:16:01,977 | INFO | Scenario: scenario_2___nu=3 | n_rep: 133 | KDE model: t-student rot df=3
2026-05-05 23:16:02,644 | INFO | Scenario: scenario_2___nu=3 | n_rep: 134 | KDE model: gaussian rot
2026-05-05 23:16:03,068 | INFO | Scenario: scenario_2___nu=3 | n_rep: 134 | KDE model: t-student rot df=3
2026-05-05 23:16:03,537 | INFO | Scenario: scenario_2___nu=3 | n_rep: 135 | KDE model: gaussian rot
2026-05-05 23:16:04,048 | INFO | Scenario: scenario_2___nu=3 | n_rep: 135 | KDE model: t-student rot df=3
2026-05-05 23:16:04,601 | INFO | Scenario: scenario_2___nu=3 | n_rep: 136 | KDE model: gaussian rot
2026-05-05 23:16:05,115 | INFO | Scenario: scenario_2___nu=3 | n_rep: 136 | KDE model: t-student rot df=3
2026-05-05 23:16:05,589 | INFO | Scenario: scenario_2___nu=3 | n_rep: 137 | KDE model: gaussian rot
2026-05-05 23:16:06,022 | INFO | Scenario: scenario_2___nu=3 | n_rep: 137 | KDE model: t-student rot df=3
2026-05-05 23:16:06,377 | INFO | Scenario: scenario_2___nu=3 | n_rep: 138 | KDE model: gaussian rot
2026-05-05 23:16:07,224 | INFO | Scenario: scenario_2___nu=3 | n_rep: 138 | KDE model: t-student rot df=3
2026-05-05 23:16:08,073 | INFO | Scenario: scenario_2___nu=3 | n_rep: 139 | KDE model: gaussian rot
2026-05-05 23:16:08,673 | INFO | Scenario: scenario_2___nu=3 | n_rep: 139 | KDE model: t-student rot df=3
2026-05-05 23:16:09,350 | INFO | Scenario: scenario_2___nu=3 | n_rep: 140 | KDE model: gaussian rot
2026-05-05 23:16:10,053 | INFO | Scenario: scenario_2___nu=3 | n_rep: 140 | KDE model: t-student rot df=3
2026-05-05 23:16:10,662 | INFO | Scenario: scenario_2___nu=3 | n_rep: 141 | KDE model: gaussian rot
2026-05-05 23:16:11,283 | INFO | Scenario: scenario_2___nu=3 | n_rep: 141 | KDE model: t-student rot df=3
2026-05-05 23:16:11,942 | INFO | Scenario: scenario_2___nu=3 | n_rep: 142 | KDE model: gaussian rot
2026-05-05 23:16:12,680 | INFO | Scenario: scenario_2___nu=3 | n_rep: 142 | KDE model: t-student rot df=3
2026-05-05 23:16:13,368 | INFO | Scenario: scenario_2___nu=3 | n_rep: 143 | KDE model: gaussian rot
2026-05-05 23:16:13,997 | INFO | Scenario: scenario_2___nu=3 | n_rep: 143 | KDE model: t-student rot df=3
2026-05-05 23:16:14,643 | INFO | Scenario: scenario_2___nu=3 | n_rep: 144 | KDE model: gaussian rot
2026-05-05 23:16:15,420 | INFO | Scenario: scenario_2___nu=3 | n_rep: 144 | KDE model: t-student rot df=3
2026-05-05 23:16:16,093 | INFO | Scenario: scenario_2___nu=3 | n_rep: 145 | KDE model: gaussian rot
2026-05-05 23:16:16,801 | INFO | Scenario: scenario_2___nu=3 | n_rep: 145 | KDE model: t-student rot df=3
2026-05-05 23:16:17,536 | INFO | Scenario: scenario_2___nu=3 | n_rep: 146 | KDE model: gaussian rot
2026-05-05 23:16:17,996 | INFO | Scenario: scenario_2___nu=3 | n_rep: 146 | KDE model: t-student rot df=3
2026-05-05 23:16:18,463 | INFO | Scenario: scenario_2___nu=3 | n_rep: 147 | KDE model: gaussian rot
2026-05-05 23:16:19,099 | INFO | Scenario: scenario_2___nu=3 | n_rep: 147 | KDE model: t-student rot df=3
2026-05-05 23:16:19,763 | INFO | Scenario: scenario_2___nu=3 | n_rep: 148 | KDE model: gaussian rot
2026-05-05 23:16:20,449 | INFO | Scenario: scenario_2___nu=3 | n_rep: 148 | KDE model: t-student rot df=3
2026-05-05 23:16:21,053 | INFO | Scenario: scenario_2___nu=3 | n_rep: 149 | KDE model: gaussian rot
2026-05-05 23:16:21,494 | INFO | Scenario: scenario_2___nu=3 | n_rep: 149 | KDE model: t-student rot df=3
2026-05-05 23:16:21,941 | INFO | Scenario: scenario_2___nu=3 | n_rep: 150 | KDE model: gaussian rot
2026-05-05 23:16:22,408 | INFO | Scenario: scenario_2___nu=3 | n_rep: 150 | KDE model: t-student rot df=3
2026-05-05 23:16:22,851 | INFO | Scenario: scenario_2___nu=3 | n_rep: 151 | KDE model: gaussian rot
2026-05-05 23:16:23,393 | INFO | Scenario: scenario_2___nu=3 | n_rep: 151 | KDE model: t-student rot df=3
2026-05-05 23:16:23,862 | INFO | Scenario: scenario_2___nu=3 | n_rep: 152 | KDE model: gaussian rot
2026-05-05 23:16:24,360 | INFO | Scenario: scenario_2___nu=3 | n_rep: 152 | KDE model: t-student rot df=3
2026-05-05 23:16:24,849 | INFO | Scenario: scenario_2___nu=3 | n_rep: 153 | KDE model: gaussian rot
2026-05-05 23:16:25,290 | INFO | Scenario: scenario_2___nu=3 | n_rep: 153 | KDE model: t-student rot df=3
2026-05-05 23:16:25,718 | INFO | Scenario: scenario_2___nu=3 | n_rep: 154 | KDE model: gaussian rot
2026-05-05 23:16:26,398 | INFO | Scenario: scenario_2___nu=3 | n_rep: 154 | KDE model: t-student rot df=3
2026-05-05 23:16:26,826 | INFO | Scenario: scenario_2___nu=3 | n_rep: 155 | KDE model: gaussian rot
2026-05-05 23:16:27,269 | INFO | Scenario: scenario_2___nu=3 | n_rep: 155 | KDE model: t-student rot df=3
2026-05-05 23:16:27,699 | INFO | Scenario: scenario_2___nu=3 | n_rep: 156 | KDE model: gaussian rot
2026-05-05 23:16:28,263 | INFO | Scenario: scenario_2___nu=3 | n_rep: 156 | KDE model: t-student rot df=3
2026-05-05 23:16:28,802 | INFO | Scenario: scenario_2___nu=3 | n_rep: 157 | KDE model: gaussian rot
2026-05-05 23:16:29,246 | INFO | Scenario: scenario_2___nu=3 | n_rep: 157 | KDE model: t-student rot df=3
2026-05-05 23:16:29,760 | INFO | Scenario: scenario_2___nu=3 | n_rep: 158 | KDE model: gaussian rot
2026-05-05 23:16:30,169 | INFO | Scenario: scenario_2___nu=3 | n_rep: 158 | KDE model: t-student rot df=3
2026-05-05 23:16:30,572 | INFO | Scenario: scenario_2___nu=3 | n_rep: 159 | KDE model: gaussian rot
2026-05-05 23:16:31,018 | INFO | Scenario: scenario_2___nu=3 | n_rep: 159 | KDE model: t-student rot df=3
2026-05-05 23:16:31,397 | INFO | Scenario: scenario_2___nu=3 | n_rep: 160 | KDE model: gaussian rot
2026-05-05 23:16:31,772 | INFO | Scenario: scenario_2___nu=3 | n_rep: 160 | KDE model: t-student rot df=3
2026-05-05 23:16:32,279 | INFO | Scenario: scenario_2___nu=3 | n_rep: 161 | KDE model: gaussian rot
2026-05-05 23:16:32,742 | INFO | Scenario: scenario_2___nu=3 | n_rep: 161 | KDE model: t-student rot df=3
2026-05-05 23:16:33,149 | INFO | Scenario: scenario_2___nu=3 | n_rep: 162 | KDE model: gaussian rot
2026-05-05 23:16:33,685 | INFO | Scenario: scenario_2___nu=3 | n_rep: 162 | KDE model: t-student rot df=3
2026-05-05 23:16:34,154 | INFO | Scenario: scenario_2___nu=3 | n_rep: 163 | KDE model: gaussian rot
2026-05-05 23:16:34,911 | INFO | Scenario: scenario_2___nu=3 | n_rep: 163 | KDE model: t-student rot df=3
2026-05-05 23:16:35,712 | INFO | Scenario: scenario_2___nu=3 | n_rep: 164 | KDE model: gaussian rot
2026-05-05 23:16:36,398 | INFO | Scenario: scenario_2___nu=3 | n_rep: 164 | KDE model: t-student rot df=3
2026-05-05 23:16:37,085 | INFO | Scenario: scenario_2___nu=3 | n_rep: 165 | KDE model: gaussian rot
2026-05-05 23:16:37,810 | INFO | Scenario: scenario_2___nu=3 | n_rep: 165 | KDE model: t-student rot df=3
2026-05-05 23:16:38,458 | INFO | Scenario: scenario_2___nu=3 | n_rep: 166 | KDE model: gaussian rot
2026-05-05 23:16:38,899 | INFO | Scenario: scenario_2___nu=3 | n_rep: 166 | KDE model: t-student rot df=3
2026-05-05 23:16:39,351 | INFO | Scenario: scenario_2___nu=3 | n_rep: 167 | KDE model: gaussian rot
2026-05-05 23:16:40,327 | INFO | Scenario: scenario_2___nu=3 | n_rep: 167 | KDE model: t-student rot df=3
2026-05-05 23:16:41,061 | INFO | Scenario: scenario_2___nu=3 | n_rep: 168 | KDE model: gaussian rot
2026-05-05 23:16:41,890 | INFO | Scenario: scenario_2___nu=3 | n_rep: 168 | KDE model: t-student rot df=3
2026-05-05 23:16:42,535 | INFO | Scenario: scenario_2___nu=3 | n_rep: 169 | KDE model: gaussian rot
2026-05-05 23:16:43,296 | INFO | Scenario: scenario_2___nu=3 | n_rep: 169 | KDE model: t-student rot df=3
2026-05-05 23:16:44,080 | INFO | Scenario: scenario_2___nu=3 | n_rep: 170 | KDE model: gaussian rot
2026-05-05 23:16:44,675 | INFO | Scenario: scenario_2___nu=3 | n_rep: 170 | KDE model: t-student rot df=3
2026-05-05 23:16:45,157 | INFO | Scenario: scenario_2___nu=3 | n_rep: 171 | KDE model: gaussian rot
2026-05-05 23:16:45,604 | INFO | Scenario: scenario_2___nu=3 | n_rep: 171 | KDE model: t-student rot df=3
2026-05-05 23:16:46,068 | INFO | Scenario: scenario_2___nu=3 | n_rep: 172 | KDE model: gaussian rot
2026-05-05 23:16:46,644 | INFO | Scenario: scenario_2___nu=3 | n_rep: 172 | KDE model: t-student rot df=3
2026-05-05 23:16:47,217 | INFO | Scenario: scenario_2___nu=3 | n_rep: 173 | KDE model: gaussian rot
2026-05-05 23:16:47,747 | INFO | Scenario: scenario_2___nu=3 | n_rep: 173 | KDE model: t-student rot df=3
2026-05-05 23:16:48,220 | INFO | Scenario: scenario_2___nu=3 | n_rep: 174 | KDE model: gaussian rot
2026-05-05 23:16:48,636 | INFO | Scenario: scenario_2___nu=3 | n_rep: 174 | KDE model: t-student rot df=3
2026-05-05 23:16:49,076 | INFO | Scenario: scenario_2___nu=3 | n_rep: 175 | KDE model: gaussian rot
2026-05-05 23:16:49,529 | INFO | Scenario: scenario_2___nu=3 | n_rep: 175 | KDE model: t-student rot df=3
2026-05-05 23:16:49,877 | INFO | Scenario: scenario_2___nu=3 | n_rep: 176 | KDE model: gaussian rot
2026-05-05 23:16:50,732 | INFO | Scenario: scenario_2___nu=3 | n_rep: 176 | KDE model: t-student rot df=3
2026-05-05 23:16:51,350 | INFO | Scenario: scenario_2___nu=3 | n_rep: 177 | KDE model: gaussian rot
2026-05-05 23:16:52,011 | INFO | Scenario: scenario_2___nu=3 | n_rep: 177 | KDE model: t-student rot df=3
2026-05-05 23:16:52,614 | INFO | Scenario: scenario_2___nu=3 | n_rep: 178 | KDE model: gaussian rot
2026-05-05 23:16:53,299 | INFO | Scenario: scenario_2___nu=3 | n_rep: 178 | KDE model: t-student rot df=3
2026-05-05 23:16:53,912 | INFO | Scenario: scenario_2___nu=3 | n_rep: 179 | KDE model: gaussian rot
2026-05-05 23:16:54,565 | INFO | Scenario: scenario_2___nu=3 | n_rep: 179 | KDE model: t-student rot df=3
2026-05-05 23:16:55,220 | INFO | Scenario: scenario_2___nu=3 | n_rep: 180 | KDE model: gaussian rot
2026-05-05 23:16:55,698 | INFO | Scenario: scenario_2___nu=3 | n_rep: 180 | KDE model: t-student rot df=3
2026-05-05 23:16:56,153 | INFO | Scenario: scenario_2___nu=3 | n_rep: 181 | KDE model: gaussian rot
2026-05-05 23:16:56,534 | INFO | Scenario: scenario_2___nu=3 | n_rep: 181 | KDE model: t-student rot df=3
2026-05-05 23:16:56,882 | INFO | Scenario: scenario_2___nu=3 | n_rep: 182 | KDE model: gaussian rot
2026-05-05 23:16:57,362 | INFO | Scenario: scenario_2___nu=3 | n_rep: 182 | KDE model: t-student rot df=3
2026-05-05 23:16:57,812 | INFO | Scenario: scenario_2___nu=3 | n_rep: 183 | KDE model: gaussian rot
2026-05-05 23:16:58,276 | INFO | Scenario: scenario_2___nu=3 | n_rep: 183 | KDE model: t-student rot df=3
2026-05-05 23:16:58,703 | INFO | Scenario: scenario_2___nu=3 | n_rep: 184 | KDE model: gaussian rot
2026-05-05 23:16:59,151 | INFO | Scenario: scenario_2___nu=3 | n_rep: 184 | KDE model: t-student rot df=3
2026-05-05 23:16:59,661 | INFO | Scenario: scenario_2___nu=3 | n_rep: 185 | KDE model: gaussian rot
2026-05-05 23:17:00,659 | INFO | Scenario: scenario_2___nu=3 | n_rep: 185 | KDE model: t-student rot df=3
2026-05-05 23:17:01,465 | INFO | Scenario: scenario_2___nu=3 | n_rep: 186 | KDE model: gaussian rot
2026-05-05 23:17:01,894 | INFO | Scenario: scenario_2___nu=3 | n_rep: 186 | KDE model: t-student rot df=3
2026-05-05 23:17:02,342 | INFO | Scenario: scenario_2___nu=3 | n_rep: 187 | KDE model: gaussian rot
2026-05-05 23:17:02,999 | INFO | Scenario: scenario_2___nu=3 | n_rep: 187 | KDE model: t-student rot df=3
2026-05-05 23:17:03,331 | INFO | Scenario: scenario_2___nu=3 | n_rep: 188 | KDE model: gaussian rot
2026-05-05 23:17:03,851 | INFO | Scenario: scenario_2___nu=3 | n_rep: 188 | KDE model: t-student rot df=3
2026-05-05 23:17:04,452 | INFO | Scenario: scenario_2___nu=3 | n_rep: 189 | KDE model: gaussian rot
2026-05-05 23:17:04,880 | INFO | Scenario: scenario_2___nu=3 | n_rep: 189 | KDE model: t-student rot df=3
2026-05-05 23:17:05,285 | INFO | Scenario: scenario_2___nu=3 | n_rep: 190 | KDE model: gaussian rot
2026-05-05 23:17:05,729 | INFO | Scenario: scenario_2___nu=3 | n_rep: 190 | KDE model: t-student rot df=3
2026-05-05 23:17:06,165 | INFO | Scenario: scenario_2___nu=3 | n_rep: 191 | KDE model: gaussian rot
2026-05-05 23:17:07,085 | INFO | Scenario: scenario_2___nu=3 | n_rep: 191 | KDE model: t-student rot df=3
2026-05-05 23:17:08,088 | INFO | Scenario: scenario_2___nu=3 | n_rep: 192 | KDE model: gaussian rot
2026-05-05 23:17:08,540 | INFO | Scenario: scenario_2___nu=3 | n_rep: 192 | KDE model: t-student rot df=3
2026-05-05 23:17:08,993 | INFO | Scenario: scenario_2___nu=3 | n_rep: 193 | KDE model: gaussian rot
2026-05-05 23:17:09,682 | INFO | Scenario: scenario_2___nu=3 | n_rep: 193 | KDE model: t-student rot df=3
2026-05-05 23:17:10,466 | INFO | Scenario: scenario_2___nu=3 | n_rep: 194 | KDE model: gaussian rot
2026-05-05 23:17:10,946 | INFO | Scenario: scenario_2___nu=3 | n_rep: 194 | KDE model: t-student rot df=3
2026-05-05 23:17:11,436 | INFO | Scenario: scenario_2___nu=3 | n_rep: 195 | KDE model: gaussian rot
2026-05-05 23:17:12,260 | INFO | Scenario: scenario_2___nu=3 | n_rep: 195 | KDE model: t-student rot df=3
2026-05-05 23:17:13,052 | INFO | Scenario: scenario_2___nu=3 | n_rep: 196 | KDE model: gaussian rot
2026-05-05 23:17:13,564 | INFO | Scenario: scenario_2___nu=3 | n_rep: 196 | KDE model: t-student rot df=3
2026-05-05 23:17:13,989 | INFO | Scenario: scenario_2___nu=3 | n_rep: 197 | KDE model: gaussian rot
2026-05-05 23:17:14,901 | INFO | Scenario: scenario_2___nu=3 | n_rep: 197 | KDE model: t-student rot df=3
2026-05-05 23:17:15,418 | INFO | Scenario: scenario_2___nu=3 | n_rep: 198 | KDE model: gaussian rot
2026-05-05 23:17:15,841 | INFO | Scenario: scenario_2___nu=3 | n_rep: 198 | KDE model: t-student rot df=3
2026-05-05 23:17:16,279 | INFO | Scenario: scenario_2___nu=3 | n_rep: 199 | KDE model: gaussian rot
2026-05-05 23:17:16,730 | INFO | Scenario: scenario_2___nu=3 | n_rep: 199 | KDE model: t-student rot df=3
2026-05-05 23:17:17,145 | INFO | Scenario: scenario_2___nu=3 | n_rep: 200 | KDE model: gaussian rot
2026-05-05 23:17:17,746 | INFO | Scenario: scenario_2___nu=3 | n_rep: 200 | KDE model: t-student rot df=3
2026-05-05 23:17:18,461 | INFO | Scenario: scenario_2___nu=3 | n_rep: 201 | KDE model: gaussian rot
2026-05-05 23:17:19,169 | INFO | Scenario: scenario_2___nu=3 | n_rep: 201 | KDE model: t-student rot df=3
2026-05-05 23:17:19,950 | INFO | Scenario: scenario_2___nu=3 | n_rep: 202 | KDE model: gaussian rot
2026-05-05 23:17:20,352 | INFO | Scenario: scenario_2___nu=3 | n_rep: 202 | KDE model: t-student rot df=3
2026-05-05 23:17:20,803 | INFO | Scenario: scenario_2___nu=3 | n_rep: 203 | KDE model: gaussian rot
2026-05-05 23:17:21,290 | INFO | Scenario: scenario_2___nu=3 | n_rep: 203 | KDE model: t-student rot df=3
2026-05-05 23:17:21,662 | INFO | Scenario: scenario_2___nu=3 | n_rep: 204 | KDE model: gaussian rot
2026-05-05 23:17:22,062 | INFO | Scenario: scenario_2___nu=3 | n_rep: 204 | KDE model: t-student rot df=3
2026-05-05 23:17:22,439 | INFO | Scenario: scenario_2___nu=3 | n_rep: 205 | KDE model: gaussian rot
2026-05-05 23:17:23,053 | INFO | Scenario: scenario_2___nu=3 | n_rep: 205 | KDE model: t-student rot df=3
2026-05-05 23:17:23,749 | INFO | Scenario: scenario_2___nu=3 | n_rep: 206 | KDE model: gaussian rot
2026-05-05 23:17:24,221 | INFO | Scenario: scenario_2___nu=3 | n_rep: 206 | KDE model: t-student rot df=3
2026-05-05 23:17:24,671 | INFO | Scenario: scenario_2___nu=3 | n_rep: 207 | KDE model: gaussian rot
2026-05-05 23:17:25,019 | INFO | Scenario: scenario_2___nu=3 | n_rep: 207 | KDE model: t-student rot df=3
2026-05-05 23:17:25,401 | INFO | Scenario: scenario_2___nu=3 | n_rep: 208 | KDE model: gaussian rot
2026-05-05 23:17:26,067 | INFO | Scenario: scenario_2___nu=3 | n_rep: 208 | KDE model: t-student rot df=3
2026-05-05 23:17:26,673 | INFO | Scenario: scenario_2___nu=3 | n_rep: 209 | KDE model: gaussian rot
2026-05-05 23:17:27,187 | INFO | Scenario: scenario_2___nu=3 | n_rep: 209 | KDE model: t-student rot df=3
2026-05-05 23:17:27,605 | INFO | Scenario: scenario_2___nu=3 | n_rep: 210 | KDE model: gaussian rot
2026-05-05 23:17:28,208 | INFO | Scenario: scenario_2___nu=3 | n_rep: 210 | KDE model: t-student rot df=3
2026-05-05 23:17:28,829 | INFO | Scenario: scenario_2___nu=3 | n_rep: 211 | KDE model: gaussian rot
2026-05-05 23:17:29,313 | INFO | Scenario: scenario_2___nu=3 | n_rep: 211 | KDE model: t-student rot df=3
2026-05-05 23:17:29,767 | INFO | Scenario: scenario_2___nu=3 | n_rep: 212 | KDE model: gaussian rot
2026-05-05 23:17:30,362 | INFO | Scenario: scenario_2___nu=3 | n_rep: 212 | KDE model: t-student rot df=3
2026-05-05 23:17:31,114 | INFO | Scenario: scenario_2___nu=3 | n_rep: 213 | KDE model: gaussian rot
2026-05-05 23:17:31,553 | INFO | Scenario: scenario_2___nu=3 | n_rep: 213 | KDE model: t-student rot df=3
2026-05-05 23:17:32,279 | INFO | Scenario: scenario_2___nu=3 | n_rep: 214 | KDE model: gaussian rot
2026-05-05 23:17:32,810 | INFO | Scenario: scenario_2___nu=3 | n_rep: 214 | KDE model: t-student rot df=3
2026-05-05 23:17:33,282 | INFO | Scenario: scenario_2___nu=3 | n_rep: 215 | KDE model: gaussian rot
2026-05-05 23:17:33,784 | INFO | Scenario: scenario_2___nu=3 | n_rep: 215 | KDE model: t-student rot df=3
2026-05-05 23:17:34,263 | INFO | Scenario: scenario_2___nu=3 | n_rep: 216 | KDE model: gaussian rot
2026-05-05 23:17:34,816 | INFO | Scenario: scenario_2___nu=3 | n_rep: 216 | KDE model: t-student rot df=3
2026-05-05 23:17:35,392 | INFO | Scenario: scenario_2___nu=3 | n_rep: 217 | KDE model: gaussian rot
2026-05-05 23:17:35,790 | INFO | Scenario: scenario_2___nu=3 | n_rep: 217 | KDE model: t-student rot df=3
2026-05-05 23:17:36,210 | INFO | Scenario: scenario_2___nu=3 | n_rep: 218 | KDE model: gaussian rot
2026-05-05 23:17:36,708 | INFO | Scenario: scenario_2___nu=3 | n_rep: 218 | KDE model: t-student rot df=3
2026-05-05 23:17:37,261 | INFO | Scenario: scenario_2___nu=3 | n_rep: 219 | KDE model: gaussian rot
2026-05-05 23:17:37,668 | INFO | Scenario: scenario_2___nu=3 | n_rep: 219 | KDE model: t-student rot df=3
2026-05-05 23:17:38,073 | INFO | Scenario: scenario_2___nu=3 | n_rep: 220 | KDE model: gaussian rot
2026-05-05 23:17:38,496 | INFO | Scenario: scenario_2___nu=3 | n_rep: 220 | KDE model: t-student rot df=3
2026-05-05 23:17:38,890 | INFO | Scenario: scenario_2___nu=3 | n_rep: 221 | KDE model: gaussian rot
2026-05-05 23:17:39,346 | INFO | Scenario: scenario_2___nu=3 | n_rep: 221 | KDE model: t-student rot df=3
2026-05-05 23:17:39,785 | INFO | Scenario: scenario_2___nu=3 | n_rep: 222 | KDE model: gaussian rot
2026-05-05 23:17:40,405 | INFO | Scenario: scenario_2___nu=3 | n_rep: 222 | KDE model: t-student rot df=3
2026-05-05 23:17:41,083 | INFO | Scenario: scenario_2___nu=3 | n_rep: 223 | KDE model: gaussian rot
2026-05-05 23:17:41,470 | INFO | Scenario: scenario_2___nu=3 | n_rep: 223 | KDE model: t-student rot df=3
2026-05-05 23:17:41,893 | INFO | Scenario: scenario_2___nu=3 | n_rep: 224 | KDE model: gaussian rot
2026-05-05 23:17:42,516 | INFO | Scenario: scenario_2___nu=3 | n_rep: 224 | KDE model: t-student rot df=3
2026-05-05 23:17:43,028 | INFO | Scenario: scenario_2___nu=3 | n_rep: 225 | KDE model: gaussian rot
2026-05-05 23:17:43,595 | INFO | Scenario: scenario_2___nu=3 | n_rep: 225 | KDE model: t-student rot df=3
2026-05-05 23:17:44,117 | INFO | Scenario: scenario_2___nu=3 | n_rep: 226 | KDE model: gaussian rot
2026-05-05 23:17:44,603 | INFO | Scenario: scenario_2___nu=3 | n_rep: 226 | KDE model: t-student rot df=3
2026-05-05 23:17:45,036 | INFO | Scenario: scenario_2___nu=3 | n_rep: 227 | KDE model: gaussian rot
2026-05-05 23:17:45,411 | INFO | Scenario: scenario_2___nu=3 | n_rep: 227 | KDE model: t-student rot df=3
2026-05-05 23:17:45,786 | INFO | Scenario: scenario_2___nu=3 | n_rep: 228 | KDE model: gaussian rot
2026-05-05 23:17:46,268 | INFO | Scenario: scenario_2___nu=3 | n_rep: 228 | KDE model: t-student rot df=3
2026-05-05 23:17:47,025 | INFO | Scenario: scenario_2___nu=3 | n_rep: 229 | KDE model: gaussian rot
2026-05-05 23:17:47,426 | INFO | Scenario: scenario_2___nu=3 | n_rep: 229 | KDE model: t-student rot df=3
2026-05-05 23:17:47,846 | INFO | Scenario: scenario_2___nu=3 | n_rep: 230 | KDE model: gaussian rot
2026-05-05 23:17:48,368 | INFO | Scenario: scenario_2___nu=3 | n_rep: 230 | KDE model: t-student rot df=3
2026-05-05 23:17:48,850 | INFO | Scenario: scenario_2___nu=3 | n_rep: 231 | KDE model: gaussian rot
2026-05-05 23:17:49,754 | INFO | Scenario: scenario_2___nu=3 | n_rep: 231 | KDE model: t-student rot df=3
2026-05-05 23:17:50,552 | INFO | Scenario: scenario_2___nu=3 | n_rep: 232 | KDE model: gaussian rot
2026-05-05 23:17:51,215 | INFO | Scenario: scenario_2___nu=3 | n_rep: 232 | KDE model: t-student rot df=3
2026-05-05 23:17:51,771 | INFO | Scenario: scenario_2___nu=3 | n_rep: 233 | KDE model: gaussian rot
2026-05-05 23:17:52,525 | INFO | Scenario: scenario_2___nu=3 | n_rep: 233 | KDE model: t-student rot df=3
2026-05-05 23:17:53,320 | INFO | Scenario: scenario_2___nu=3 | n_rep: 234 | KDE model: gaussian rot
2026-05-05 23:17:54,178 | INFO | Scenario: scenario_2___nu=3 | n_rep: 234 | KDE model: t-student rot df=3
2026-05-05 23:17:55,007 | INFO | Scenario: scenario_2___nu=3 | n_rep: 235 | KDE model: gaussian rot
2026-05-05 23:17:55,801 | INFO | Scenario: scenario_2___nu=3 | n_rep: 235 | KDE model: t-student rot df=3
2026-05-05 23:17:56,216 | INFO | Scenario: scenario_2___nu=3 | n_rep: 236 | KDE model: gaussian rot
2026-05-05 23:17:56,723 | INFO | Scenario: scenario_2___nu=3 | n_rep: 236 | KDE model: t-student rot df=3
2026-05-05 23:17:57,173 | INFO | Scenario: scenario_2___nu=3 | n_rep: 237 | KDE model: gaussian rot
2026-05-05 23:17:57,616 | INFO | Scenario: scenario_2___nu=3 | n_rep: 237 | KDE model: t-student rot df=3
2026-05-05 23:17:58,384 | INFO | Scenario: scenario_2___nu=3 | n_rep: 238 | KDE model: gaussian rot
2026-05-05 23:17:58,793 | INFO | Scenario: scenario_2___nu=3 | n_rep: 238 | KDE model: t-student rot df=3
2026-05-05 23:17:59,239 | INFO | Scenario: scenario_2___nu=3 | n_rep: 239 | KDE model: gaussian rot
2026-05-05 23:17:59,821 | INFO | Scenario: scenario_2___nu=3 | n_rep: 239 | KDE model: t-student rot df=3
2026-05-05 23:18:00,378 | INFO | Scenario: scenario_2___nu=3 | n_rep: 240 | KDE model: gaussian rot
2026-05-05 23:18:00,896 | INFO | Scenario: scenario_2___nu=3 | n_rep: 240 | KDE model: t-student rot df=3
2026-05-05 23:18:01,388 | INFO | Scenario: scenario_2___nu=3 | n_rep: 241 | KDE model: gaussian rot
2026-05-05 23:18:01,771 | INFO | Scenario: scenario_2___nu=3 | n_rep: 241 | KDE model: t-student rot df=3
2026-05-05 23:18:02,184 | INFO | Scenario: scenario_2___nu=3 | n_rep: 242 | KDE model: gaussian rot
2026-05-05 23:18:02,696 | INFO | Scenario: scenario_2___nu=3 | n_rep: 242 | KDE model: t-student rot df=3
2026-05-05 23:18:03,318 | INFO | Scenario: scenario_2___nu=3 | n_rep: 243 | KDE model: gaussian rot
2026-05-05 23:18:04,022 | INFO | Scenario: scenario_2___nu=3 | n_rep: 243 | KDE model: t-student rot df=3
2026-05-05 23:18:04,650 | INFO | Scenario: scenario_2___nu=3 | n_rep: 244 | KDE model: gaussian rot
2026-05-05 23:18:05,083 | INFO | Scenario: scenario_2___nu=3 | n_rep: 244 | KDE model: t-student rot df=3
2026-05-05 23:18:05,529 | INFO | Scenario: scenario_2___nu=3 | n_rep: 245 | KDE model: gaussian rot
2026-05-05 23:18:06,157 | INFO | Scenario: scenario_2___nu=3 | n_rep: 245 | KDE model: t-student rot df=3
2026-05-05 23:18:06,728 | INFO | Scenario: scenario_2___nu=3 | n_rep: 246 | KDE model: gaussian rot
2026-05-05 23:18:07,417 | INFO | Scenario: scenario_2___nu=3 | n_rep: 246 | KDE model: t-student rot df=3
2026-05-05 23:18:08,071 | INFO | Scenario: scenario_2___nu=3 | n_rep: 247 | KDE model: gaussian rot
2026-05-05 23:18:08,457 | INFO | Scenario: scenario_2___nu=3 | n_rep: 247 | KDE model: t-student rot df=3
2026-05-05 23:18:08,813 | INFO | Scenario: scenario_2___nu=3 | n_rep: 248 | KDE model: gaussian rot
2026-05-05 23:18:09,470 | INFO | Scenario: scenario_2___nu=3 | n_rep: 248 | KDE model: t-student rot df=3
2026-05-05 23:18:10,209 | INFO | Scenario: scenario_2___nu=3 | n_rep: 249 | KDE model: gaussian rot
2026-05-05 23:18:10,974 | INFO | Scenario: scenario_2___nu=3 | n_rep: 249 | KDE model: t-student rot df=3
2026-05-05 23:18:11,706 | INFO | Scenario: scenario_2___nu=3 | n_rep: 250 | KDE model: gaussian rot
2026-05-05 23:18:12,160 | INFO | Scenario: scenario_2___nu=3 | n_rep: 250 | KDE model: t-student rot df=3
2026-05-05 23:18:12,628 | INFO | Scenario: scenario_2___nu=3 | n_rep: 251 | KDE model: gaussian rot
2026-05-05 23:18:13,080 | INFO | Scenario: scenario_2___nu=3 | n_rep: 251 | KDE model: t-student rot df=3
2026-05-05 23:18:13,655 | INFO | Scenario: scenario_2___nu=3 | n_rep: 252 | KDE model: gaussian rot
2026-05-05 23:18:51,987 | INFO | 
Initiating cross validation...
2026-05-05 23:18:52,001 | INFO | Scenario: scenario_2___nu=3 | n_rep: 0 | KDE model: gaussian rot
2026-05-05 23:18:52,605 | INFO | Scenario: scenario_2___nu=3 | n_rep: 0 | KDE model: t-student rot df=3
2026-05-05 23:18:53,230 | INFO | Scenario: scenario_2___nu=3 | n_rep: 1 | KDE model: gaussian rot
2026-05-05 23:18:53,644 | INFO | Scenario: scenario_2___nu=3 | n_rep: 1 | KDE model: t-student rot df=3
2026-05-05 23:18:54,056 | INFO | Scenario: scenario_2___nu=3 | n_rep: 2 | KDE model: gaussian rot
2026-05-05 23:18:55,036 | INFO | Scenario: scenario_2___nu=3 | n_rep: 2 | KDE model: t-student rot df=3
2026-05-05 23:18:55,654 | INFO | Scenario: scenario_2___nu=3 | n_rep: 3 | KDE model: gaussian rot
2026-05-05 23:18:56,076 | INFO | Scenario: scenario_2___nu=3 | n_rep: 3 | KDE model: t-student rot df=3
2026-05-05 23:18:56,544 | INFO | Scenario: scenario_2___nu=3 | n_rep: 4 | KDE model: gaussian rot
2026-05-05 23:18:57,230 | INFO | Scenario: scenario_2___nu=3 | n_rep: 4 | KDE model: t-student rot df=3
2026-05-05 23:18:57,822 | INFO | Scenario: scenario_2___nu=3 | n_rep: 5 | KDE model: gaussian rot
2026-05-05 23:18:58,243 | INFO | Scenario: scenario_2___nu=3 | n_rep: 5 | KDE model: t-student rot df=3
2026-05-05 23:18:58,637 | INFO | Scenario: scenario_2___nu=3 | n_rep: 6 | KDE model: gaussian rot
2026-05-05 23:18:59,123 | INFO | Scenario: scenario_2___nu=3 | n_rep: 6 | KDE model: t-student rot df=3
2026-05-05 23:18:59,536 | INFO | Scenario: scenario_2___nu=3 | n_rep: 7 | KDE model: gaussian rot
2026-05-05 23:18:59,980 | INFO | Scenario: scenario_2___nu=3 | n_rep: 7 | KDE model: t-student rot df=3
2026-05-05 23:19:00,422 | INFO | Scenario: scenario_2___nu=3 | n_rep: 8 | KDE model: gaussian rot
2026-05-05 23:19:01,189 | INFO | Scenario: scenario_2___nu=3 | n_rep: 8 | KDE model: t-student rot df=3
2026-05-05 23:19:01,990 | INFO | Scenario: scenario_2___nu=3 | n_rep: 9 | KDE model: gaussian rot
2026-05-05 23:19:02,424 | INFO | Scenario: scenario_2___nu=3 | n_rep: 9 | KDE model: t-student rot df=3
2026-05-05 23:19:02,931 | INFO | Scenario: scenario_2___nu=3 | n_rep: 10 | KDE model: gaussian rot
2026-05-05 23:19:03,292 | INFO | Scenario: scenario_2___nu=3 | n_rep: 10 | KDE model: t-student rot df=3
2026-05-05 23:19:03,757 | INFO | Scenario: scenario_2___nu=3 | n_rep: 11 | KDE model: gaussian rot
2026-05-05 23:19:04,199 | INFO | Scenario: scenario_2___nu=3 | n_rep: 11 | KDE model: t-student rot df=3
2026-05-05 23:19:04,652 | INFO | Scenario: scenario_2___nu=3 | n_rep: 12 | KDE model: gaussian rot
2026-05-05 23:19:05,115 | INFO | Scenario: scenario_2___nu=3 | n_rep: 12 | KDE model: t-student rot df=3
2026-05-05 23:19:05,565 | INFO | Scenario: scenario_2___nu=3 | n_rep: 13 | KDE model: gaussian rot
2026-05-05 23:19:05,989 | INFO | Scenario: scenario_2___nu=3 | n_rep: 13 | KDE model: t-student rot df=3
2026-05-05 23:19:06,395 | INFO | Scenario: scenario_2___nu=3 | n_rep: 14 | KDE model: gaussian rot
2026-05-05 23:19:07,013 | INFO | Scenario: scenario_2___nu=3 | n_rep: 14 | KDE model: t-student rot df=3
2026-05-05 23:19:07,666 | INFO | Scenario: scenario_2___nu=3 | n_rep: 15 | KDE model: gaussian rot
2026-05-05 23:19:07,982 | INFO | Scenario: scenario_2___nu=3 | n_rep: 15 | KDE model: t-student rot df=3
2026-05-05 23:19:08,295 | INFO | Scenario: scenario_2___nu=3 | n_rep: 16 | KDE model: gaussian rot
2026-05-05 23:19:08,737 | INFO | Scenario: scenario_2___nu=3 | n_rep: 16 | KDE model: t-student rot df=3
2026-05-05 23:19:09,075 | INFO | Scenario: scenario_2___nu=3 | n_rep: 17 | KDE model: gaussian rot
2026-05-05 23:19:09,499 | INFO | Scenario: scenario_2___nu=3 | n_rep: 17 | KDE model: t-student rot df=3
2026-05-05 23:19:09,881 | INFO | Scenario: scenario_2___nu=3 | n_rep: 18 | KDE model: gaussian rot
2026-05-05 23:19:10,314 | INFO | Scenario: scenario_2___nu=3 | n_rep: 18 | KDE model: t-student rot df=3
2026-05-05 23:19:10,765 | INFO | Scenario: scenario_2___nu=3 | n_rep: 19 | KDE model: gaussian rot
2026-05-05 23:19:11,305 | INFO | Scenario: scenario_2___nu=3 | n_rep: 19 | KDE model: t-student rot df=3
2026-05-05 23:19:11,901 | INFO | Scenario: scenario_2___nu=3 | n_rep: 20 | KDE model: gaussian rot
2026-05-05 23:19:12,656 | INFO | Scenario: scenario_2___nu=3 | n_rep: 20 | KDE model: t-student rot df=3
2026-05-05 23:19:13,310 | INFO | Scenario: scenario_2___nu=3 | n_rep: 21 | KDE model: gaussian rot
2026-05-05 23:19:13,802 | INFO | Scenario: scenario_2___nu=3 | n_rep: 21 | KDE model: t-student rot df=3
2026-05-05 23:19:14,186 | INFO | Scenario: scenario_2___nu=3 | n_rep: 22 | KDE model: gaussian rot
2026-05-05 23:19:14,645 | INFO | Scenario: scenario_2___nu=3 | n_rep: 22 | KDE model: t-student rot df=3
2026-05-05 23:19:15,001 | INFO | Scenario: scenario_2___nu=3 | n_rep: 23 | KDE model: gaussian rot
2026-05-05 23:19:15,402 | INFO | Scenario: scenario_2___nu=3 | n_rep: 23 | KDE model: t-student rot df=3
2026-05-05 23:19:15,844 | INFO | Scenario: scenario_2___nu=3 | n_rep: 24 | KDE model: gaussian rot
2026-05-05 23:19:16,209 | INFO | Scenario: scenario_2___nu=3 | n_rep: 24 | KDE model: t-student rot df=3
2026-05-05 23:19:16,633 | INFO | Scenario: scenario_2___nu=3 | n_rep: 25 | KDE model: gaussian rot
2026-05-05 23:19:17,104 | INFO | Scenario: scenario_2___nu=3 | n_rep: 25 | KDE model: t-student rot df=3
2026-05-05 23:19:17,507 | INFO | Scenario: scenario_2___nu=3 | n_rep: 26 | KDE model: gaussian rot
2026-05-05 23:19:17,991 | INFO | Scenario: scenario_2___nu=3 | n_rep: 26 | KDE model: t-student rot df=3
2026-05-05 23:19:18,432 | INFO | Scenario: scenario_2___nu=3 | n_rep: 27 | KDE model: gaussian rot
2026-05-05 23:19:18,878 | INFO | Scenario: scenario_2___nu=3 | n_rep: 27 | KDE model: t-student rot df=3
2026-05-05 23:19:19,354 | INFO | Scenario: scenario_2___nu=3 | n_rep: 28 | KDE model: gaussian rot
2026-05-05 23:19:19,965 | INFO | Scenario: scenario_2___nu=3 | n_rep: 28 | KDE model: t-student rot df=3
2026-05-05 23:19:20,587 | INFO | Scenario: scenario_2___nu=3 | n_rep: 29 | KDE model: gaussian rot
2026-05-05 23:19:21,329 | INFO | Scenario: scenario_2___nu=3 | n_rep: 29 | KDE model: t-student rot df=3
2026-05-05 23:19:22,066 | INFO | Scenario: scenario_2___nu=3 | n_rep: 30 | KDE model: gaussian rot
2026-05-05 23:19:22,749 | INFO | Scenario: scenario_2___nu=3 | n_rep: 30 | KDE model: t-student rot df=3
2026-05-05 23:19:23,447 | INFO | Scenario: scenario_2___nu=3 | n_rep: 31 | KDE model: gaussian rot
2026-05-05 23:19:24,643 | INFO | Scenario: scenario_2___nu=3 | n_rep: 31 | KDE model: t-student rot df=3
2026-05-05 23:19:25,589 | INFO | Scenario: scenario_2___nu=3 | n_rep: 32 | KDE model: gaussian rot
2026-05-05 23:19:25,960 | INFO | Scenario: scenario_2___nu=3 | n_rep: 32 | KDE model: t-student rot df=3
2026-05-05 23:19:26,393 | INFO | Scenario: scenario_2___nu=3 | n_rep: 33 | KDE model: gaussian rot
2026-05-05 23:19:26,750 | INFO | Scenario: scenario_2___nu=3 | n_rep: 33 | KDE model: t-student rot df=3
2026-05-05 23:19:27,079 | INFO | Scenario: scenario_2___nu=3 | n_rep: 34 | KDE model: gaussian rot
2026-05-05 23:19:27,456 | INFO | Scenario: scenario_2___nu=3 | n_rep: 34 | KDE model: t-student rot df=3
2026-05-05 23:19:27,843 | INFO | Scenario: scenario_2___nu=3 | n_rep: 35 | KDE model: gaussian rot
2026-05-05 23:19:28,256 | INFO | Scenario: scenario_2___nu=3 | n_rep: 35 | KDE model: t-student rot df=3
2026-05-05 23:19:28,688 | INFO | Scenario: scenario_2___nu=3 | n_rep: 36 | KDE model: gaussian rot
2026-05-05 23:19:29,189 | INFO | Scenario: scenario_2___nu=3 | n_rep: 36 | KDE model: t-student rot df=3
2026-05-05 23:19:29,703 | INFO | Scenario: scenario_2___nu=3 | n_rep: 37 | KDE model: gaussian rot
2026-05-05 23:19:30,085 | INFO | Scenario: scenario_2___nu=3 | n_rep: 37 | KDE model: t-student rot df=3
2026-05-05 23:19:30,444 | INFO | Scenario: scenario_2___nu=3 | n_rep: 38 | KDE model: gaussian rot
2026-05-05 23:19:31,129 | INFO | Scenario: scenario_2___nu=3 | n_rep: 38 | KDE model: t-student rot df=3
2026-05-05 23:19:31,803 | INFO | Scenario: scenario_2___nu=3 | n_rep: 39 | KDE model: gaussian rot
2026-05-05 23:19:32,674 | INFO | Scenario: scenario_2___nu=3 | n_rep: 39 | KDE model: t-student rot df=3
2026-05-05 23:19:33,552 | INFO | Scenario: scenario_2___nu=3 | n_rep: 40 | KDE model: gaussian rot
2026-05-05 23:19:34,132 | INFO | Scenario: scenario_2___nu=3 | n_rep: 40 | KDE model: t-student rot df=3
2026-05-05 23:19:34,741 | INFO | Scenario: scenario_2___nu=3 | n_rep: 41 | KDE model: gaussian rot
2026-05-05 23:19:35,176 | INFO | Scenario: scenario_2___nu=3 | n_rep: 41 | KDE model: t-student rot df=3
2026-05-05 23:19:35,653 | INFO | Scenario: scenario_2___nu=3 | n_rep: 42 | KDE model: gaussian rot
2026-05-05 23:19:36,095 | INFO | Scenario: scenario_2___nu=3 | n_rep: 42 | KDE model: t-student rot df=3
2026-05-05 23:19:36,462 | INFO | Scenario: scenario_2___nu=3 | n_rep: 43 | KDE model: gaussian rot
2026-05-05 23:19:36,893 | INFO | Scenario: scenario_2___nu=3 | n_rep: 43 | KDE model: t-student rot df=3
2026-05-05 23:19:37,263 | INFO | Scenario: scenario_2___nu=3 | n_rep: 44 | KDE model: gaussian rot
2026-05-05 23:19:37,809 | INFO | Scenario: scenario_2___nu=3 | n_rep: 44 | KDE model: t-student rot df=3
2026-05-05 23:19:38,309 | INFO | Scenario: scenario_2___nu=3 | n_rep: 45 | KDE model: gaussian rot
2026-05-05 23:19:38,699 | INFO | Scenario: scenario_2___nu=3 | n_rep: 45 | KDE model: t-student rot df=3
2026-05-05 23:19:39,080 | INFO | Scenario: scenario_2___nu=3 | n_rep: 46 | KDE model: gaussian rot
2026-05-05 23:19:39,520 | INFO | Scenario: scenario_2___nu=3 | n_rep: 46 | KDE model: t-student rot df=3
2026-05-05 23:19:39,925 | INFO | Scenario: scenario_2___nu=3 | n_rep: 47 | KDE model: gaussian rot
2026-05-05 23:19:40,450 | INFO | Scenario: scenario_2___nu=3 | n_rep: 47 | KDE model: t-student rot df=3
2026-05-05 23:19:40,952 | INFO | Scenario: scenario_2___nu=3 | n_rep: 48 | KDE model: gaussian rot
2026-05-05 23:19:41,634 | INFO | Scenario: scenario_2___nu=3 | n_rep: 48 | KDE model: t-student rot df=3
2026-05-05 23:19:42,337 | INFO | Scenario: scenario_2___nu=3 | n_rep: 49 | KDE model: gaussian rot
2026-05-05 23:19:43,114 | INFO | Scenario: scenario_2___nu=3 | n_rep: 49 | KDE model: t-student rot df=3
2026-05-05 23:19:43,844 | INFO | Scenario: scenario_2___nu=3 | n_rep: 50 | KDE model: gaussian rot
2026-05-05 23:19:44,307 | INFO | Scenario: scenario_2___nu=3 | n_rep: 50 | KDE model: t-student rot df=3
2026-05-05 23:19:44,768 | INFO | Scenario: scenario_2___nu=3 | n_rep: 51 | KDE model: gaussian rot
2026-05-05 23:19:45,274 | INFO | Scenario: scenario_2___nu=3 | n_rep: 51 | KDE model: t-student rot df=3
2026-05-05 23:19:45,844 | INFO | Scenario: scenario_2___nu=3 | n_rep: 52 | KDE model: gaussian rot
2026-05-05 23:19:46,288 | INFO | Scenario: scenario_2___nu=3 | n_rep: 52 | KDE model: t-student rot df=3
2026-05-05 23:19:46,730 | INFO | Scenario: scenario_2___nu=3 | n_rep: 53 | KDE model: gaussian rot
2026-05-05 23:19:47,194 | INFO | Scenario: scenario_2___nu=3 | n_rep: 53 | KDE model: t-student rot df=3
2026-05-05 23:19:47,650 | INFO | Scenario: scenario_2___nu=3 | n_rep: 54 | KDE model: gaussian rot
2026-05-05 23:19:48,258 | INFO | Scenario: scenario_2___nu=3 | n_rep: 54 | KDE model: t-student rot df=3
2026-05-05 23:19:49,026 | INFO | Scenario: scenario_2___nu=3 | n_rep: 55 | KDE model: gaussian rot
2026-05-05 23:19:49,473 | INFO | Scenario: scenario_2___nu=3 | n_rep: 55 | KDE model: t-student rot df=3
2026-05-05 23:19:49,879 | INFO | Scenario: scenario_2___nu=3 | n_rep: 56 | KDE model: gaussian rot
2026-05-05 23:19:50,381 | INFO | Scenario: scenario_2___nu=3 | n_rep: 56 | KDE model: t-student rot df=3
2026-05-05 23:19:50,815 | INFO | Scenario: scenario_2___nu=3 | n_rep: 57 | KDE model: gaussian rot
2026-05-05 23:19:51,231 | INFO | Scenario: scenario_2___nu=3 | n_rep: 57 | KDE model: t-student rot df=3
2026-05-05 23:19:51,635 | INFO | Scenario: scenario_2___nu=3 | n_rep: 58 | KDE model: gaussian rot
2026-05-05 23:19:52,126 | INFO | Scenario: scenario_2___nu=3 | n_rep: 58 | KDE model: t-student rot df=3
2026-05-05 23:19:52,576 | INFO | Scenario: scenario_2___nu=3 | n_rep: 59 | KDE model: gaussian rot
2026-05-05 23:19:52,957 | INFO | Scenario: scenario_2___nu=3 | n_rep: 59 | KDE model: t-student rot df=3
2026-05-05 23:19:53,381 | INFO | Scenario: scenario_2___nu=3 | n_rep: 60 | KDE model: gaussian rot
2026-05-05 23:19:53,832 | INFO | Scenario: scenario_2___nu=3 | n_rep: 60 | KDE model: t-student rot df=3
2026-05-05 23:19:54,255 | INFO | Scenario: scenario_2___nu=3 | n_rep: 61 | KDE model: gaussian rot
2026-05-05 23:19:55,100 | INFO | Scenario: scenario_2___nu=3 | n_rep: 61 | KDE model: t-student rot df=3
2026-05-05 23:19:55,819 | INFO | Scenario: scenario_2___nu=3 | n_rep: 62 | KDE model: gaussian rot
2026-05-05 23:19:56,220 | INFO | Scenario: scenario_2___nu=3 | n_rep: 62 | KDE model: t-student rot df=3
2026-05-05 23:19:56,634 | INFO | Scenario: scenario_2___nu=3 | n_rep: 63 | KDE model: gaussian rot
2026-05-05 23:19:57,092 | INFO | Scenario: scenario_2___nu=3 | n_rep: 63 | KDE model: t-student rot df=3
2026-05-05 23:19:57,512 | INFO | Scenario: scenario_2___nu=3 | n_rep: 64 | KDE model: gaussian rot
2026-05-05 23:19:58,092 | INFO | Scenario: scenario_2___nu=3 | n_rep: 64 | KDE model: t-student rot df=3
2026-05-05 23:19:58,587 | INFO | Scenario: scenario_2___nu=3 | n_rep: 65 | KDE model: gaussian rot
2026-05-05 23:19:59,146 | INFO | Scenario: scenario_2___nu=3 | n_rep: 65 | KDE model: t-student rot df=3
2026-05-05 23:19:59,674 | INFO | Scenario: scenario_2___nu=3 | n_rep: 66 | KDE model: gaussian rot
2026-05-05 23:20:00,135 | INFO | Scenario: scenario_2___nu=3 | n_rep: 66 | KDE model: t-student rot df=3
2026-05-05 23:20:00,662 | INFO | Scenario: scenario_2___nu=3 | n_rep: 67 | KDE model: gaussian rot
2026-05-05 23:20:01,079 | INFO | Scenario: scenario_2___nu=3 | n_rep: 67 | KDE model: t-student rot df=3
2026-05-05 23:20:01,541 | INFO | Scenario: scenario_2___nu=3 | n_rep: 68 | KDE model: gaussian rot
2026-05-05 23:20:02,383 | INFO | Scenario: scenario_2___nu=3 | n_rep: 68 | KDE model: t-student rot df=3
2026-05-05 23:20:03,141 | INFO | Scenario: scenario_2___nu=3 | n_rep: 69 | KDE model: gaussian rot
2026-05-05 23:20:03,585 | INFO | Scenario: scenario_2___nu=3 | n_rep: 69 | KDE model: t-student rot df=3
2026-05-05 23:20:04,008 | INFO | Scenario: scenario_2___nu=3 | n_rep: 70 | KDE model: gaussian rot
2026-05-05 23:20:04,463 | INFO | Scenario: scenario_2___nu=3 | n_rep: 70 | KDE model: t-student rot df=3
2026-05-05 23:20:04,888 | INFO | Scenario: scenario_2___nu=3 | n_rep: 71 | KDE model: gaussian rot
2026-05-05 23:20:05,346 | INFO | Scenario: scenario_2___nu=3 | n_rep: 71 | KDE model: t-student rot df=3
2026-05-05 23:20:05,782 | INFO | Scenario: scenario_2___nu=3 | n_rep: 72 | KDE model: gaussian rot
2026-05-05 23:20:06,636 | INFO | Scenario: scenario_2___nu=3 | n_rep: 72 | KDE model: t-student rot df=3
2026-05-05 23:20:08,163 | INFO | Scenario: scenario_2___nu=3 | n_rep: 73 | KDE model: gaussian rot
2026-05-05 23:20:08,930 | INFO | Scenario: scenario_2___nu=3 | n_rep: 73 | KDE model: t-student rot df=3
2026-05-05 23:20:09,480 | INFO | Scenario: scenario_2___nu=3 | n_rep: 74 | KDE model: gaussian rot
2026-05-05 23:20:10,065 | INFO | Scenario: scenario_2___nu=3 | n_rep: 74 | KDE model: t-student rot df=3
2026-05-05 23:20:10,597 | INFO | Scenario: scenario_2___nu=3 | n_rep: 75 | KDE model: gaussian rot
2026-05-05 23:20:11,041 | INFO | Scenario: scenario_2___nu=3 | n_rep: 75 | KDE model: t-student rot df=3
2026-05-05 23:20:11,456 | INFO | Scenario: scenario_2___nu=3 | n_rep: 76 | KDE model: gaussian rot
2026-05-05 23:20:11,899 | INFO | Scenario: scenario_2___nu=3 | n_rep: 76 | KDE model: t-student rot df=3
2026-05-05 23:20:12,357 | INFO | Scenario: scenario_2___nu=3 | n_rep: 77 | KDE model: gaussian rot
2026-05-05 23:20:13,194 | INFO | Scenario: scenario_2___nu=3 | n_rep: 77 | KDE model: t-student rot df=3
2026-05-05 23:20:13,967 | INFO | Scenario: scenario_2___nu=3 | n_rep: 78 | KDE model: gaussian rot
2026-05-05 23:20:14,685 | INFO | Scenario: scenario_2___nu=3 | n_rep: 78 | KDE model: t-student rot df=3
2026-05-05 23:20:15,295 | INFO | Scenario: scenario_2___nu=3 | n_rep: 79 | KDE model: gaussian rot
2026-05-05 23:20:15,659 | INFO | Scenario: scenario_2___nu=3 | n_rep: 79 | KDE model: t-student rot df=3
2026-05-05 23:20:16,077 | INFO | Scenario: scenario_2___nu=3 | n_rep: 80 | KDE model: gaussian rot
2026-05-05 23:20:16,531 | INFO | Scenario: scenario_2___nu=3 | n_rep: 80 | KDE model: t-student rot df=3
2026-05-05 23:20:17,014 | INFO | Scenario: scenario_2___nu=3 | n_rep: 81 | KDE model: gaussian rot
2026-05-05 23:20:17,662 | INFO | Scenario: scenario_2___nu=3 | n_rep: 81 | KDE model: t-student rot df=3
2026-05-05 23:20:18,447 | INFO | Scenario: scenario_2___nu=3 | n_rep: 82 | KDE model: gaussian rot
2026-05-05 23:20:18,857 | INFO | Scenario: scenario_2___nu=3 | n_rep: 82 | KDE model: t-student rot df=3
2026-05-05 23:20:19,253 | INFO | Scenario: scenario_2___nu=3 | n_rep: 83 | KDE model: gaussian rot
2026-05-05 23:20:19,851 | INFO | Scenario: scenario_2___nu=3 | n_rep: 83 | KDE model: t-student rot df=3
2026-05-05 23:20:20,295 | INFO | Scenario: scenario_2___nu=3 | n_rep: 84 | KDE model: gaussian rot
2026-05-05 23:20:20,730 | INFO | Scenario: scenario_2___nu=3 | n_rep: 84 | KDE model: t-student rot df=3
2026-05-05 23:20:21,151 | INFO | Scenario: scenario_2___nu=3 | n_rep: 85 | KDE model: gaussian rot
2026-05-05 23:20:21,591 | INFO | Scenario: scenario_2___nu=3 | n_rep: 85 | KDE model: t-student rot df=3
2026-05-05 23:20:22,037 | INFO | Scenario: scenario_2___nu=3 | n_rep: 86 | KDE model: gaussian rot
2026-05-05 23:20:22,515 | INFO | Scenario: scenario_2___nu=3 | n_rep: 86 | KDE model: t-student rot df=3
2026-05-05 23:20:22,941 | INFO | Scenario: scenario_2___nu=3 | n_rep: 87 | KDE model: gaussian rot
2026-05-05 23:20:23,669 | INFO | Scenario: scenario_2___nu=3 | n_rep: 87 | KDE model: t-student rot df=3
2026-05-05 23:20:24,324 | INFO | Scenario: scenario_2___nu=3 | n_rep: 88 | KDE model: gaussian rot
2026-05-05 23:20:24,803 | INFO | Scenario: scenario_2___nu=3 | n_rep: 88 | KDE model: t-student rot df=3
2026-05-05 23:20:25,319 | INFO | Scenario: scenario_2___nu=3 | n_rep: 89 | KDE model: gaussian rot
2026-05-05 23:20:26,430 | INFO | Scenario: scenario_2___nu=3 | n_rep: 89 | KDE model: t-student rot df=3
2026-05-05 23:20:27,603 | INFO | Scenario: scenario_2___nu=3 | n_rep: 90 | KDE model: gaussian rot
2026-05-05 23:20:28,221 | INFO | Scenario: scenario_2___nu=3 | n_rep: 90 | KDE model: t-student rot df=3
2026-05-05 23:20:28,932 | INFO | Scenario: scenario_2___nu=3 | n_rep: 91 | KDE model: gaussian rot
2026-05-05 23:20:29,446 | INFO | Scenario: scenario_2___nu=3 | n_rep: 91 | KDE model: t-student rot df=3
2026-05-05 23:20:29,913 | INFO | Scenario: scenario_2___nu=3 | n_rep: 92 | KDE model: gaussian rot
2026-05-05 23:20:30,664 | INFO | Scenario: scenario_2___nu=3 | n_rep: 92 | KDE model: t-student rot df=3
2026-05-05 23:20:31,410 | INFO | Scenario: scenario_2___nu=3 | n_rep: 93 | KDE model: gaussian rot
2026-05-05 23:20:32,063 | INFO | Scenario: scenario_2___nu=3 | n_rep: 93 | KDE model: t-student rot df=3
2026-05-05 23:20:32,808 | INFO | Scenario: scenario_2___nu=3 | n_rep: 94 | KDE model: gaussian rot
2026-05-05 23:20:33,412 | INFO | Scenario: scenario_2___nu=3 | n_rep: 94 | KDE model: t-student rot df=3
2026-05-05 23:20:33,957 | INFO | Scenario: scenario_2___nu=3 | n_rep: 95 | KDE model: gaussian rot
2026-05-05 23:20:34,412 | INFO | Scenario: scenario_2___nu=3 | n_rep: 95 | KDE model: t-student rot df=3
2026-05-05 23:20:34,873 | INFO | Scenario: scenario_2___nu=3 | n_rep: 96 | KDE model: gaussian rot
2026-05-05 23:20:35,324 | INFO | Scenario: scenario_2___nu=3 | n_rep: 96 | KDE model: t-student rot df=3
2026-05-05 23:20:35,743 | INFO | Scenario: scenario_2___nu=3 | n_rep: 97 | KDE model: gaussian rot
2026-05-05 23:20:36,206 | INFO | Scenario: scenario_2___nu=3 | n_rep: 97 | KDE model: t-student rot df=3
2026-05-05 23:20:36,652 | INFO | Scenario: scenario_2___nu=3 | n_rep: 98 | KDE model: gaussian rot
2026-05-05 23:20:37,102 | INFO | Scenario: scenario_2___nu=3 | n_rep: 98 | KDE model: t-student rot df=3
2026-05-05 23:20:37,493 | INFO | Scenario: scenario_2___nu=3 | n_rep: 99 | KDE model: gaussian rot
2026-05-05 23:20:37,941 | INFO | Scenario: scenario_2___nu=3 | n_rep: 99 | KDE model: t-student rot df=3
2026-05-05 23:20:38,396 | INFO | Scenario: scenario_2___nu=3 | n_rep: 100 | KDE model: gaussian rot
2026-05-05 23:20:39,065 | INFO | Scenario: scenario_2___nu=3 | n_rep: 100 | KDE model: t-student rot df=3
2026-05-05 23:20:40,142 | INFO | Scenario: scenario_2___nu=3 | n_rep: 101 | KDE model: gaussian rot
2026-05-05 23:20:40,762 | INFO | Scenario: scenario_2___nu=3 | n_rep: 101 | KDE model: t-student rot df=3
2026-05-05 23:20:41,326 | INFO | Scenario: scenario_2___nu=3 | n_rep: 102 | KDE model: gaussian rot
2026-05-05 23:20:41,753 | INFO | Scenario: scenario_2___nu=3 | n_rep: 102 | KDE model: t-student rot df=3
2026-05-05 23:20:42,248 | INFO | Scenario: scenario_2___nu=3 | n_rep: 103 | KDE model: gaussian rot
2026-05-05 23:20:42,875 | INFO | Scenario: scenario_2___nu=3 | n_rep: 103 | KDE model: t-student rot df=3
2026-05-05 23:20:43,698 | INFO | Scenario: scenario_2___nu=3 | n_rep: 104 | KDE model: gaussian rot
2026-05-05 23:20:44,534 | INFO | Scenario: scenario_2___nu=3 | n_rep: 104 | KDE model: t-student rot df=3
2026-05-05 23:20:45,293 | INFO | Scenario: scenario_2___nu=3 | n_rep: 105 | KDE model: gaussian rot
2026-05-05 23:20:46,022 | INFO | Scenario: scenario_2___nu=3 | n_rep: 105 | KDE model: t-student rot df=3
2026-05-05 23:20:46,723 | INFO | Scenario: scenario_2___nu=3 | n_rep: 106 | KDE model: gaussian rot
2026-05-05 23:20:47,474 | INFO | Scenario: scenario_2___nu=3 | n_rep: 106 | KDE model: t-student rot df=3
2026-05-05 23:20:48,319 | INFO | Scenario: scenario_2___nu=3 | n_rep: 107 | KDE model: gaussian rot
2026-05-05 23:20:48,694 | INFO | Scenario: scenario_2___nu=3 | n_rep: 107 | KDE model: t-student rot df=3
2026-05-05 23:20:49,035 | INFO | Scenario: scenario_2___nu=3 | n_rep: 108 | KDE model: gaussian rot
2026-05-05 23:20:49,797 | INFO | Scenario: scenario_2___nu=3 | n_rep: 108 | KDE model: t-student rot df=3
2026-05-05 23:20:50,545 | INFO | Scenario: scenario_2___nu=3 | n_rep: 109 | KDE model: gaussian rot
2026-05-05 23:20:51,278 | INFO | Scenario: scenario_2___nu=3 | n_rep: 109 | KDE model: t-student rot df=3
2026-05-05 23:20:51,810 | INFO | Scenario: scenario_2___nu=3 | n_rep: 110 | KDE model: gaussian rot
2026-05-05 23:20:52,211 | INFO | Scenario: scenario_2___nu=3 | n_rep: 110 | KDE model: t-student rot df=3
2026-05-05 23:20:52,565 | INFO | Scenario: scenario_2___nu=3 | n_rep: 111 | KDE model: gaussian rot
2026-05-05 23:20:53,028 | INFO | Scenario: scenario_2___nu=3 | n_rep: 111 | KDE model: t-student rot df=3
2026-05-05 23:20:53,431 | INFO | Scenario: scenario_2___nu=3 | n_rep: 112 | KDE model: gaussian rot
2026-05-05 23:20:53,788 | INFO | Scenario: scenario_2___nu=3 | n_rep: 112 | KDE model: t-student rot df=3
2026-05-05 23:20:54,167 | INFO | Scenario: scenario_2___nu=3 | n_rep: 113 | KDE model: gaussian rot
2026-05-05 23:20:54,916 | INFO | Scenario: scenario_2___nu=3 | n_rep: 113 | KDE model: t-student rot df=3
2026-05-05 23:20:55,474 | INFO | Scenario: scenario_2___nu=3 | n_rep: 114 | KDE model: gaussian rot
2026-05-05 23:20:56,107 | INFO | Scenario: scenario_2___nu=3 | n_rep: 114 | KDE model: t-student rot df=3
2026-05-05 23:20:56,712 | INFO | Scenario: scenario_2___nu=3 | n_rep: 115 | KDE model: gaussian rot
2026-05-05 23:20:57,366 | INFO | Scenario: scenario_2___nu=3 | n_rep: 115 | KDE model: t-student rot df=3
2026-05-05 23:20:58,035 | INFO | Scenario: scenario_2___nu=3 | n_rep: 116 | KDE model: gaussian rot
2026-05-05 23:20:58,706 | INFO | Scenario: scenario_2___nu=3 | n_rep: 116 | KDE model: t-student rot df=3
2026-05-05 23:20:59,395 | INFO | Scenario: scenario_2___nu=3 | n_rep: 117 | KDE model: gaussian rot
2026-05-05 23:20:59,781 | INFO | Scenario: scenario_2___nu=3 | n_rep: 117 | KDE model: t-student rot df=3
2026-05-05 23:21:00,196 | INFO | Scenario: scenario_2___nu=3 | n_rep: 118 | KDE model: gaussian rot
2026-05-05 23:21:00,858 | INFO | Scenario: scenario_2___nu=3 | n_rep: 118 | KDE model: t-student rot df=3
2026-05-05 23:21:01,523 | INFO | Scenario: scenario_2___nu=3 | n_rep: 119 | KDE model: gaussian rot
2026-05-05 23:21:01,966 | INFO | Scenario: scenario_2___nu=3 | n_rep: 119 | KDE model: t-student rot df=3
2026-05-05 23:21:02,432 | INFO | Scenario: scenario_2___nu=3 | n_rep: 120 | KDE model: gaussian rot
2026-05-05 23:21:02,820 | INFO | Scenario: scenario_2___nu=3 | n_rep: 120 | KDE model: t-student rot df=3
2026-05-05 23:21:03,222 | INFO | Scenario: scenario_2___nu=3 | n_rep: 121 | KDE model: gaussian rot
2026-05-05 23:21:03,760 | INFO | Scenario: scenario_2___nu=3 | n_rep: 121 | KDE model: t-student rot df=3
2026-05-05 23:21:04,306 | INFO | Scenario: scenario_2___nu=3 | n_rep: 122 | KDE model: gaussian rot
2026-05-05 23:21:04,926 | INFO | Scenario: scenario_2___nu=3 | n_rep: 122 | KDE model: t-student rot df=3
2026-05-05 23:21:05,511 | INFO | Scenario: scenario_2___nu=3 | n_rep: 123 | KDE model: gaussian rot
2026-05-05 23:21:06,254 | INFO | Scenario: scenario_2___nu=3 | n_rep: 123 | KDE model: t-student rot df=3
2026-05-05 23:21:06,934 | INFO | Scenario: scenario_2___nu=3 | n_rep: 124 | KDE model: gaussian rot
2026-05-05 23:21:07,612 | INFO | Scenario: scenario_2___nu=3 | n_rep: 124 | KDE model: t-student rot df=3
2026-05-05 23:21:08,247 | INFO | Scenario: scenario_2___nu=3 | n_rep: 125 | KDE model: gaussian rot
2026-05-05 23:21:08,841 | INFO | Scenario: scenario_2___nu=3 | n_rep: 125 | KDE model: t-student rot df=3
2026-05-05 23:21:09,587 | INFO | Scenario: scenario_2___nu=3 | n_rep: 126 | KDE model: gaussian rot
2026-05-05 23:21:10,231 | INFO | Scenario: scenario_2___nu=3 | n_rep: 126 | KDE model: t-student rot df=3
2026-05-05 23:21:10,761 | INFO | Scenario: scenario_2___nu=3 | n_rep: 127 | KDE model: gaussian rot
2026-05-05 23:21:11,124 | INFO | Scenario: scenario_2___nu=3 | n_rep: 127 | KDE model: t-student rot df=3
2026-05-05 23:21:11,526 | INFO | Scenario: scenario_2___nu=3 | n_rep: 128 | KDE model: gaussian rot
2026-05-05 23:21:12,243 | INFO | Scenario: scenario_2___nu=3 | n_rep: 128 | KDE model: t-student rot df=3
2026-05-05 23:21:13,042 | INFO | Scenario: scenario_2___nu=3 | n_rep: 129 | KDE model: gaussian rot
2026-05-05 23:21:13,665 | INFO | Scenario: scenario_2___nu=3 | n_rep: 129 | KDE model: t-student rot df=3
2026-05-05 23:21:14,206 | INFO | Scenario: scenario_2___nu=3 | n_rep: 130 | KDE model: gaussian rot
2026-05-05 23:21:14,799 | INFO | Scenario: scenario_2___nu=3 | n_rep: 130 | KDE model: t-student rot df=3
2026-05-05 23:21:15,459 | INFO | Scenario: scenario_2___nu=3 | n_rep: 131 | KDE model: gaussian rot
2026-05-05 23:21:15,950 | INFO | Scenario: scenario_2___nu=3 | n_rep: 131 | KDE model: t-student rot df=3
2026-05-05 23:21:16,671 | INFO | Scenario: scenario_2___nu=3 | n_rep: 132 | KDE model: gaussian rot
2026-05-05 23:21:17,382 | INFO | Scenario: scenario_2___nu=3 | n_rep: 132 | KDE model: t-student rot df=3
2026-05-05 23:21:18,169 | INFO | Scenario: scenario_2___nu=3 | n_rep: 133 | KDE model: gaussian rot
2026-05-05 23:21:18,893 | INFO | Scenario: scenario_2___nu=3 | n_rep: 133 | KDE model: t-student rot df=3
2026-05-05 23:21:19,574 | INFO | Scenario: scenario_2___nu=3 | n_rep: 134 | KDE model: gaussian rot
2026-05-05 23:21:20,000 | INFO | Scenario: scenario_2___nu=3 | n_rep: 134 | KDE model: t-student rot df=3
2026-05-05 23:21:20,473 | INFO | Scenario: scenario_2___nu=3 | n_rep: 135 | KDE model: gaussian rot
2026-05-05 23:21:20,969 | INFO | Scenario: scenario_2___nu=3 | n_rep: 135 | KDE model: t-student rot df=3
2026-05-05 23:21:21,522 | INFO | Scenario: scenario_2___nu=3 | n_rep: 136 | KDE model: gaussian rot
2026-05-05 23:21:22,022 | INFO | Scenario: scenario_2___nu=3 | n_rep: 136 | KDE model: t-student rot df=3
2026-05-05 23:21:22,499 | INFO | Scenario: scenario_2___nu=3 | n_rep: 137 | KDE model: gaussian rot
2026-05-05 23:21:22,919 | INFO | Scenario: scenario_2___nu=3 | n_rep: 137 | KDE model: t-student rot df=3
2026-05-05 23:21:23,275 | INFO | Scenario: scenario_2___nu=3 | n_rep: 138 | KDE model: gaussian rot
2026-05-05 23:21:24,110 | INFO | Scenario: scenario_2___nu=3 | n_rep: 138 | KDE model: t-student rot df=3
2026-05-05 23:21:24,963 | INFO | Scenario: scenario_2___nu=3 | n_rep: 139 | KDE model: gaussian rot
2026-05-05 23:21:25,554 | INFO | Scenario: scenario_2___nu=3 | n_rep: 139 | KDE model: t-student rot df=3
2026-05-05 23:21:26,234 | INFO | Scenario: scenario_2___nu=3 | n_rep: 140 | KDE model: gaussian rot
2026-05-05 23:21:26,929 | INFO | Scenario: scenario_2___nu=3 | n_rep: 140 | KDE model: t-student rot df=3
2026-05-05 23:21:27,548 | INFO | Scenario: scenario_2___nu=3 | n_rep: 141 | KDE model: gaussian rot
2026-05-05 23:21:28,151 | INFO | Scenario: scenario_2___nu=3 | n_rep: 141 | KDE model: t-student rot df=3
2026-05-05 23:21:28,819 | INFO | Scenario: scenario_2___nu=3 | n_rep: 142 | KDE model: gaussian rot
2026-05-05 23:21:29,525 | INFO | Scenario: scenario_2___nu=3 | n_rep: 142 | KDE model: t-student rot df=3
2026-05-05 23:21:30,213 | INFO | Scenario: scenario_2___nu=3 | n_rep: 143 | KDE model: gaussian rot
2026-05-05 23:21:30,834 | INFO | Scenario: scenario_2___nu=3 | n_rep: 143 | KDE model: t-student rot df=3
2026-05-05 23:21:31,481 | INFO | Scenario: scenario_2___nu=3 | n_rep: 144 | KDE model: gaussian rot
2026-05-05 23:21:32,244 | INFO | Scenario: scenario_2___nu=3 | n_rep: 144 | KDE model: t-student rot df=3
2026-05-05 23:21:32,916 | INFO | Scenario: scenario_2___nu=3 | n_rep: 145 | KDE model: gaussian rot
2026-05-05 23:21:33,618 | INFO | Scenario: scenario_2___nu=3 | n_rep: 145 | KDE model: t-student rot df=3
2026-05-05 23:21:34,354 | INFO | Scenario: scenario_2___nu=3 | n_rep: 146 | KDE model: gaussian rot
2026-05-05 23:21:34,812 | INFO | Scenario: scenario_2___nu=3 | n_rep: 146 | KDE model: t-student rot df=3
2026-05-05 23:21:35,275 | INFO | Scenario: scenario_2___nu=3 | n_rep: 147 | KDE model: gaussian rot
2026-05-05 23:21:35,904 | INFO | Scenario: scenario_2___nu=3 | n_rep: 147 | KDE model: t-student rot df=3
2026-05-05 23:21:36,576 | INFO | Scenario: scenario_2___nu=3 | n_rep: 148 | KDE model: gaussian rot
2026-05-05 23:21:37,245 | INFO | Scenario: scenario_2___nu=3 | n_rep: 148 | KDE model: t-student rot df=3
2026-05-05 23:21:37,861 | INFO | Scenario: scenario_2___nu=3 | n_rep: 149 | KDE model: gaussian rot
2026-05-05 23:21:38,296 | INFO | Scenario: scenario_2___nu=3 | n_rep: 149 | KDE model: t-student rot df=3
2026-05-05 23:21:38,738 | INFO | Scenario: scenario_2___nu=3 | n_rep: 150 | KDE model: gaussian rot
2026-05-05 23:21:39,198 | INFO | Scenario: scenario_2___nu=3 | n_rep: 150 | KDE model: t-student rot df=3
2026-05-05 23:21:39,642 | INFO | Scenario: scenario_2___nu=3 | n_rep: 151 | KDE model: gaussian rot
2026-05-05 23:21:40,173 | INFO | Scenario: scenario_2___nu=3 | n_rep: 151 | KDE model: t-student rot df=3
2026-05-05 23:21:40,650 | INFO | Scenario: scenario_2___nu=3 | n_rep: 152 | KDE model: gaussian rot
2026-05-05 23:21:41,135 | INFO | Scenario: scenario_2___nu=3 | n_rep: 152 | KDE model: t-student rot df=3
2026-05-05 23:21:41,629 | INFO | Scenario: scenario_2___nu=3 | n_rep: 153 | KDE model: gaussian rot
2026-05-05 23:21:42,055 | INFO | Scenario: scenario_2___nu=3 | n_rep: 153 | KDE model: t-student rot df=3
2026-05-05 23:21:42,481 | INFO | Scenario: scenario_2___nu=3 | n_rep: 154 | KDE model: gaussian rot
2026-05-05 23:21:43,164 | INFO | Scenario: scenario_2___nu=3 | n_rep: 154 | KDE model: t-student rot df=3
2026-05-05 23:21:43,592 | INFO | Scenario: scenario_2___nu=3 | n_rep: 155 | KDE model: gaussian rot
2026-05-05 23:21:44,018 | INFO | Scenario: scenario_2___nu=3 | n_rep: 155 | KDE model: t-student rot df=3
2026-05-05 23:21:44,447 | INFO | Scenario: scenario_2___nu=3 | n_rep: 156 | KDE model: gaussian rot
2026-05-05 23:21:44,987 | INFO | Scenario: scenario_2___nu=3 | n_rep: 156 | KDE model: t-student rot df=3
2026-05-05 23:21:45,526 | INFO | Scenario: scenario_2___nu=3 | n_rep: 157 | KDE model: gaussian rot
2026-05-05 23:21:45,960 | INFO | Scenario: scenario_2___nu=3 | n_rep: 157 | KDE model: t-student rot df=3
2026-05-05 23:21:46,480 | INFO | Scenario: scenario_2___nu=3 | n_rep: 158 | KDE model: gaussian rot
2026-05-05 23:21:46,875 | INFO | Scenario: scenario_2___nu=3 | n_rep: 158 | KDE model: t-student rot df=3
2026-05-05 23:21:47,276 | INFO | Scenario: scenario_2___nu=3 | n_rep: 159 | KDE model: gaussian rot
2026-05-05 23:21:47,709 | INFO | Scenario: scenario_2___nu=3 | n_rep: 159 | KDE model: t-student rot df=3
2026-05-05 23:21:48,086 | INFO | Scenario: scenario_2___nu=3 | n_rep: 160 | KDE model: gaussian rot
2026-05-05 23:21:48,454 | INFO | Scenario: scenario_2___nu=3 | n_rep: 160 | KDE model: t-student rot df=3
2026-05-05 23:21:48,955 | INFO | Scenario: scenario_2___nu=3 | n_rep: 161 | KDE model: gaussian rot
2026-05-05 23:21:49,368 | INFO | Scenario: scenario_2___nu=3 | n_rep: 161 | KDE model: t-student rot df=3
2026-05-05 23:21:49,795 | INFO | Scenario: scenario_2___nu=3 | n_rep: 162 | KDE model: gaussian rot
2026-05-05 23:21:50,287 | INFO | Scenario: scenario_2___nu=3 | n_rep: 162 | KDE model: t-student rot df=3
2026-05-05 23:21:50,714 | INFO | Scenario: scenario_2___nu=3 | n_rep: 163 | KDE model: gaussian rot
2026-05-05 23:21:51,440 | INFO | Scenario: scenario_2___nu=3 | n_rep: 163 | KDE model: t-student rot df=3
2026-05-05 23:21:52,253 | INFO | Scenario: scenario_2___nu=3 | n_rep: 164 | KDE model: gaussian rot
2026-05-05 23:21:52,939 | INFO | Scenario: scenario_2___nu=3 | n_rep: 164 | KDE model: t-student rot df=3
2026-05-05 23:21:53,638 | INFO | Scenario: scenario_2___nu=3 | n_rep: 165 | KDE model: gaussian rot
2026-05-05 23:21:54,369 | INFO | Scenario: scenario_2___nu=3 | n_rep: 165 | KDE model: t-student rot df=3
2026-05-05 23:21:55,035 | INFO | Scenario: scenario_2___nu=3 | n_rep: 166 | KDE model: gaussian rot
2026-05-05 23:21:55,476 | INFO | Scenario: scenario_2___nu=3 | n_rep: 166 | KDE model: t-student rot df=3
2026-05-05 23:21:55,940 | INFO | Scenario: scenario_2___nu=3 | n_rep: 167 | KDE model: gaussian rot
2026-05-05 23:21:56,974 | INFO | Scenario: scenario_2___nu=3 | n_rep: 167 | KDE model: t-student rot df=3
2026-05-05 23:21:57,741 | INFO | Scenario: scenario_2___nu=3 | n_rep: 168 | KDE model: gaussian rot
2026-05-05 23:21:58,575 | INFO | Scenario: scenario_2___nu=3 | n_rep: 168 | KDE model: t-student rot df=3
2026-05-05 23:21:59,214 | INFO | Scenario: scenario_2___nu=3 | n_rep: 169 | KDE model: gaussian rot
2026-05-05 23:21:59,992 | INFO | Scenario: scenario_2___nu=3 | n_rep: 169 | KDE model: t-student rot df=3
2026-05-05 23:22:00,755 | INFO | Scenario: scenario_2___nu=3 | n_rep: 170 | KDE model: gaussian rot
2026-05-05 23:22:01,314 | INFO | Scenario: scenario_2___nu=3 | n_rep: 170 | KDE model: t-student rot df=3
2026-05-05 23:22:01,800 | INFO | Scenario: scenario_2___nu=3 | n_rep: 171 | KDE model: gaussian rot
2026-05-05 23:22:02,240 | INFO | Scenario: scenario_2___nu=3 | n_rep: 171 | KDE model: t-student rot df=3
2026-05-05 23:22:02,693 | INFO | Scenario: scenario_2___nu=3 | n_rep: 172 | KDE model: gaussian rot
2026-05-05 23:22:03,120 | INFO | Scenario: scenario_2___nu=3 | n_rep: 172 | KDE model: t-student rot df=3
2026-05-05 23:22:03,631 | INFO | Scenario: scenario_2___nu=3 | n_rep: 173 | KDE model: gaussian rot
2026-05-05 23:22:04,139 | INFO | Scenario: scenario_2___nu=3 | n_rep: 173 | KDE model: t-student rot df=3
2026-05-05 23:22:04,561 | INFO | Scenario: scenario_2___nu=3 | n_rep: 174 | KDE model: gaussian rot
2026-05-05 23:22:04,963 | INFO | Scenario: scenario_2___nu=3 | n_rep: 174 | KDE model: t-student rot df=3
2026-05-05 23:22:05,419 | INFO | Scenario: scenario_2___nu=3 | n_rep: 175 | KDE model: gaussian rot
2026-05-05 23:22:05,865 | INFO | Scenario: scenario_2___nu=3 | n_rep: 175 | KDE model: t-student rot df=3
2026-05-05 23:22:06,222 | INFO | Scenario: scenario_2___nu=3 | n_rep: 176 | KDE model: gaussian rot
2026-05-05 23:22:07,085 | INFO | Scenario: scenario_2___nu=3 | n_rep: 176 | KDE model: t-student rot df=3
2026-05-05 23:22:07,712 | INFO | Scenario: scenario_2___nu=3 | n_rep: 177 | KDE model: gaussian rot
2026-05-05 23:22:08,375 | INFO | Scenario: scenario_2___nu=3 | n_rep: 177 | KDE model: t-student rot df=3
2026-05-05 23:22:08,996 | INFO | Scenario: scenario_2___nu=3 | n_rep: 178 | KDE model: gaussian rot
2026-05-05 23:22:09,666 | INFO | Scenario: scenario_2___nu=3 | n_rep: 178 | KDE model: t-student rot df=3
2026-05-05 23:22:10,277 | INFO | Scenario: scenario_2___nu=3 | n_rep: 179 | KDE model: gaussian rot
2026-05-05 23:22:10,970 | INFO | Scenario: scenario_2___nu=3 | n_rep: 179 | KDE model: t-student rot df=3
2026-05-05 23:22:11,620 | INFO | Scenario: scenario_2___nu=3 | n_rep: 180 | KDE model: gaussian rot
2026-05-05 23:22:12,113 | INFO | Scenario: scenario_2___nu=3 | n_rep: 180 | KDE model: t-student rot df=3
2026-05-05 23:22:12,555 | INFO | Scenario: scenario_2___nu=3 | n_rep: 181 | KDE model: gaussian rot
2026-05-05 23:22:12,942 | INFO | Scenario: scenario_2___nu=3 | n_rep: 181 | KDE model: t-student rot df=3
2026-05-05 23:22:13,305 | INFO | Scenario: scenario_2___nu=3 | n_rep: 182 | KDE model: gaussian rot
2026-05-05 23:22:13,776 | INFO | Scenario: scenario_2___nu=3 | n_rep: 182 | KDE model: t-student rot df=3
2026-05-05 23:22:14,229 | INFO | Scenario: scenario_2___nu=3 | n_rep: 183 | KDE model: gaussian rot
2026-05-05 23:22:14,662 | INFO | Scenario: scenario_2___nu=3 | n_rep: 183 | KDE model: t-student rot df=3
2026-05-05 23:22:15,100 | INFO | Scenario: scenario_2___nu=3 | n_rep: 184 | KDE model: gaussian rot
2026-05-05 23:22:15,545 | INFO | Scenario: scenario_2___nu=3 | n_rep: 184 | KDE model: t-student rot df=3
2026-05-05 23:22:16,058 | INFO | Scenario: scenario_2___nu=3 | n_rep: 185 | KDE model: gaussian rot
2026-05-05 23:22:17,049 | INFO | Scenario: scenario_2___nu=3 | n_rep: 185 | KDE model: t-student rot df=3
2026-05-05 23:22:17,858 | INFO | Scenario: scenario_2___nu=3 | n_rep: 186 | KDE model: gaussian rot
2026-05-05 23:22:18,285 | INFO | Scenario: scenario_2___nu=3 | n_rep: 186 | KDE model: t-student rot df=3
2026-05-05 23:22:18,743 | INFO | Scenario: scenario_2___nu=3 | n_rep: 187 | KDE model: gaussian rot
2026-05-05 23:22:19,404 | INFO | Scenario: scenario_2___nu=3 | n_rep: 187 | KDE model: t-student rot df=3
2026-05-05 23:22:19,745 | INFO | Scenario: scenario_2___nu=3 | n_rep: 188 | KDE model: gaussian rot
2026-05-05 23:22:20,264 | INFO | Scenario: scenario_2___nu=3 | n_rep: 188 | KDE model: t-student rot df=3
2026-05-05 23:22:20,828 | INFO | Scenario: scenario_2___nu=3 | n_rep: 189 | KDE model: gaussian rot
2026-05-05 23:22:21,261 | INFO | Scenario: scenario_2___nu=3 | n_rep: 189 | KDE model: t-student rot df=3
2026-05-05 23:22:21,677 | INFO | Scenario: scenario_2___nu=3 | n_rep: 190 | KDE model: gaussian rot
2026-05-05 23:22:22,113 | INFO | Scenario: scenario_2___nu=3 | n_rep: 190 | KDE model: t-student rot df=3
2026-05-05 23:22:22,579 | INFO | Scenario: scenario_2___nu=3 | n_rep: 191 | KDE model: gaussian rot
2026-05-05 23:22:23,534 | INFO | Scenario: scenario_2___nu=3 | n_rep: 191 | KDE model: t-student rot df=3
2026-05-05 23:22:24,560 | INFO | Scenario: scenario_2___nu=3 | n_rep: 192 | KDE model: gaussian rot
2026-05-05 23:22:24,967 | INFO | Scenario: scenario_2___nu=3 | n_rep: 192 | KDE model: t-student rot df=3
2026-05-05 23:22:25,429 | INFO | Scenario: scenario_2___nu=3 | n_rep: 193 | KDE model: gaussian rot
2026-05-05 23:22:26,116 | INFO | Scenario: scenario_2___nu=3 | n_rep: 193 | KDE model: t-student rot df=3
2026-05-05 23:22:26,924 | INFO | Scenario: scenario_2___nu=3 | n_rep: 194 | KDE model: gaussian rot
2026-05-05 23:22:27,408 | INFO | Scenario: scenario_2___nu=3 | n_rep: 194 | KDE model: t-student rot df=3
2026-05-05 23:22:27,898 | INFO | Scenario: scenario_2___nu=3 | n_rep: 195 | KDE model: gaussian rot
2026-05-05 23:22:28,711 | INFO | Scenario: scenario_2___nu=3 | n_rep: 195 | KDE model: t-student rot df=3
2026-05-05 23:22:29,523 | INFO | Scenario: scenario_2___nu=3 | n_rep: 196 | KDE model: gaussian rot
2026-05-05 23:22:30,000 | INFO | Scenario: scenario_2___nu=3 | n_rep: 196 | KDE model: t-student rot df=3
2026-05-05 23:22:30,433 | INFO | Scenario: scenario_2___nu=3 | n_rep: 197 | KDE model: gaussian rot
2026-05-05 23:22:31,358 | INFO | Scenario: scenario_2___nu=3 | n_rep: 197 | KDE model: t-student rot df=3
2026-05-05 23:22:31,873 | INFO | Scenario: scenario_2___nu=3 | n_rep: 198 | KDE model: gaussian rot
2026-05-05 23:22:32,299 | INFO | Scenario: scenario_2___nu=3 | n_rep: 198 | KDE model: t-student rot df=3
2026-05-05 23:22:32,757 | INFO | Scenario: scenario_2___nu=3 | n_rep: 199 | KDE model: gaussian rot
2026-05-05 23:22:33,201 | INFO | Scenario: scenario_2___nu=3 | n_rep: 199 | KDE model: t-student rot df=3
2026-05-05 23:22:33,622 | INFO | Scenario: scenario_2___nu=3 | n_rep: 200 | KDE model: gaussian rot
2026-05-05 23:22:34,221 | INFO | Scenario: scenario_2___nu=3 | n_rep: 200 | KDE model: t-student rot df=3
2026-05-05 23:22:34,952 | INFO | Scenario: scenario_2___nu=3 | n_rep: 201 | KDE model: gaussian rot
2026-05-05 23:22:35,659 | INFO | Scenario: scenario_2___nu=3 | n_rep: 201 | KDE model: t-student rot df=3
2026-05-05 23:22:36,457 | INFO | Scenario: scenario_2___nu=3 | n_rep: 202 | KDE model: gaussian rot
2026-05-05 23:22:36,843 | INFO | Scenario: scenario_2___nu=3 | n_rep: 202 | KDE model: t-student rot df=3
2026-05-05 23:22:37,307 | INFO | Scenario: scenario_2___nu=3 | n_rep: 203 | KDE model: gaussian rot
2026-05-05 23:22:37,765 | INFO | Scenario: scenario_2___nu=3 | n_rep: 203 | KDE model: t-student rot df=3
2026-05-05 23:22:38,147 | INFO | Scenario: scenario_2___nu=3 | n_rep: 204 | KDE model: gaussian rot
2026-05-05 23:22:38,538 | INFO | Scenario: scenario_2___nu=3 | n_rep: 204 | KDE model: t-student rot df=3
2026-05-05 23:22:38,921 | INFO | Scenario: scenario_2___nu=3 | n_rep: 205 | KDE model: gaussian rot
2026-05-05 23:22:39,551 | INFO | Scenario: scenario_2___nu=3 | n_rep: 205 | KDE model: t-student rot df=3
2026-05-05 23:22:40,242 | INFO | Scenario: scenario_2___nu=3 | n_rep: 206 | KDE model: gaussian rot
2026-05-05 23:22:40,705 | INFO | Scenario: scenario_2___nu=3 | n_rep: 206 | KDE model: t-student rot df=3
2026-05-05 23:22:41,158 | INFO | Scenario: scenario_2___nu=3 | n_rep: 207 | KDE model: gaussian rot
2026-05-05 23:22:41,501 | INFO | Scenario: scenario_2___nu=3 | n_rep: 207 | KDE model: t-student rot df=3
2026-05-05 23:22:41,886 | INFO | Scenario: scenario_2___nu=3 | n_rep: 208 | KDE model: gaussian rot
2026-05-05 23:22:42,533 | INFO | Scenario: scenario_2___nu=3 | n_rep: 208 | KDE model: t-student rot df=3
2026-05-05 23:22:43,168 | INFO | Scenario: scenario_2___nu=3 | n_rep: 209 | KDE model: gaussian rot
2026-05-05 23:22:43,672 | INFO | Scenario: scenario_2___nu=3 | n_rep: 209 | KDE model: t-student rot df=3
2026-05-05 23:22:44,098 | INFO | Scenario: scenario_2___nu=3 | n_rep: 210 | KDE model: gaussian rot
2026-05-05 23:22:44,706 | INFO | Scenario: scenario_2___nu=3 | n_rep: 210 | KDE model: t-student rot df=3
2026-05-05 23:22:45,306 | INFO | Scenario: scenario_2___nu=3 | n_rep: 211 | KDE model: gaussian rot
2026-05-05 23:22:45,747 | INFO | Scenario: scenario_2___nu=3 | n_rep: 211 | KDE model: t-student rot df=3
2026-05-05 23:22:46,175 | INFO | Scenario: scenario_2___nu=3 | n_rep: 212 | KDE model: gaussian rot
2026-05-05 23:22:46,756 | INFO | Scenario: scenario_2___nu=3 | n_rep: 212 | KDE model: t-student rot df=3
2026-05-05 23:22:47,498 | INFO | Scenario: scenario_2___nu=3 | n_rep: 213 | KDE model: gaussian rot
2026-05-05 23:22:47,941 | INFO | Scenario: scenario_2___nu=3 | n_rep: 213 | KDE model: t-student rot df=3
2026-05-05 23:22:48,678 | INFO | Scenario: scenario_2___nu=3 | n_rep: 214 | KDE model: gaussian rot
2026-05-05 23:22:49,168 | INFO | Scenario: scenario_2___nu=3 | n_rep: 214 | KDE model: t-student rot df=3
2026-05-05 23:22:49,623 | INFO | Scenario: scenario_2___nu=3 | n_rep: 215 | KDE model: gaussian rot
2026-05-05 23:22:50,115 | INFO | Scenario: scenario_2___nu=3 | n_rep: 215 | KDE model: t-student rot df=3
2026-05-05 23:22:50,569 | INFO | Scenario: scenario_2___nu=3 | n_rep: 216 | KDE model: gaussian rot
2026-05-05 23:22:51,089 | INFO | Scenario: scenario_2___nu=3 | n_rep: 216 | KDE model: t-student rot df=3
2026-05-05 23:22:51,664 | INFO | Scenario: scenario_2___nu=3 | n_rep: 217 | KDE model: gaussian rot
2026-05-05 23:22:52,049 | INFO | Scenario: scenario_2___nu=3 | n_rep: 217 | KDE model: t-student rot df=3
2026-05-05 23:22:52,464 | INFO | Scenario: scenario_2___nu=3 | n_rep: 218 | KDE model: gaussian rot
2026-05-05 23:22:52,845 | INFO | Scenario: scenario_2___nu=3 | n_rep: 218 | KDE model: t-student rot df=3
2026-05-05 23:22:53,271 | INFO | Scenario: scenario_2___nu=3 | n_rep: 219 | KDE model: gaussian rot
2026-05-05 23:22:53,653 | INFO | Scenario: scenario_2___nu=3 | n_rep: 219 | KDE model: t-student rot df=3
2026-05-05 23:22:54,066 | INFO | Scenario: scenario_2___nu=3 | n_rep: 220 | KDE model: gaussian rot
2026-05-05 23:22:54,479 | INFO | Scenario: scenario_2___nu=3 | n_rep: 220 | KDE model: t-student rot df=3
2026-05-05 23:22:54,895 | INFO | Scenario: scenario_2___nu=3 | n_rep: 221 | KDE model: gaussian rot
2026-05-05 23:22:55,360 | INFO | Scenario: scenario_2___nu=3 | n_rep: 221 | KDE model: t-student rot df=3
2026-05-05 23:22:55,788 | INFO | Scenario: scenario_2___nu=3 | n_rep: 222 | KDE model: gaussian rot
2026-05-05 23:22:56,414 | INFO | Scenario: scenario_2___nu=3 | n_rep: 222 | KDE model: t-student rot df=3
2026-05-05 23:22:57,099 | INFO | Scenario: scenario_2___nu=3 | n_rep: 223 | KDE model: gaussian rot
2026-05-05 23:22:57,499 | INFO | Scenario: scenario_2___nu=3 | n_rep: 223 | KDE model: t-student rot df=3
2026-05-05 23:22:57,935 | INFO | Scenario: scenario_2___nu=3 | n_rep: 224 | KDE model: gaussian rot
2026-05-05 23:22:58,560 | INFO | Scenario: scenario_2___nu=3 | n_rep: 224 | KDE model: t-student rot df=3
2026-05-05 23:22:59,067 | INFO | Scenario: scenario_2___nu=3 | n_rep: 225 | KDE model: gaussian rot
2026-05-05 23:22:59,556 | INFO | Scenario: scenario_2___nu=3 | n_rep: 225 | KDE model: t-student rot df=3
2026-05-05 23:23:00,041 | INFO | Scenario: scenario_2___nu=3 | n_rep: 226 | KDE model: gaussian rot
2026-05-05 23:23:00,432 | INFO | Scenario: scenario_2___nu=3 | n_rep: 226 | KDE model: t-student rot df=3
2026-05-05 23:23:00,830 | INFO | Scenario: scenario_2___nu=3 | n_rep: 227 | KDE model: gaussian rot
2026-05-05 23:23:01,193 | INFO | Scenario: scenario_2___nu=3 | n_rep: 227 | KDE model: t-student rot df=3
2026-05-05 23:23:01,542 | INFO | Scenario: scenario_2___nu=3 | n_rep: 228 | KDE model: gaussian rot
2026-05-05 23:23:02,017 | INFO | Scenario: scenario_2___nu=3 | n_rep: 228 | KDE model: t-student rot df=3
2026-05-05 23:23:02,773 | INFO | Scenario: scenario_2___nu=3 | n_rep: 229 | KDE model: gaussian rot
2026-05-05 23:23:03,145 | INFO | Scenario: scenario_2___nu=3 | n_rep: 229 | KDE model: t-student rot df=3
2026-05-05 23:23:03,999 | INFO | Scenario: scenario_2___nu=3 | n_rep: 230 | KDE model: gaussian rot
2026-05-05 23:23:04,448 | INFO | Scenario: scenario_2___nu=3 | n_rep: 230 | KDE model: t-student rot df=3
2026-05-05 23:23:04,923 | INFO | Scenario: scenario_2___nu=3 | n_rep: 231 | KDE model: gaussian rot
2026-05-05 23:23:05,825 | INFO | Scenario: scenario_2___nu=3 | n_rep: 231 | KDE model: t-student rot df=3
2026-05-05 23:23:06,635 | INFO | Scenario: scenario_2___nu=3 | n_rep: 232 | KDE model: gaussian rot
2026-05-05 23:23:07,297 | INFO | Scenario: scenario_2___nu=3 | n_rep: 232 | KDE model: t-student rot df=3
2026-05-05 23:23:07,854 | INFO | Scenario: scenario_2___nu=3 | n_rep: 233 | KDE model: gaussian rot
2026-05-05 23:23:08,597 | INFO | Scenario: scenario_2___nu=3 | n_rep: 233 | KDE model: t-student rot df=3
2026-05-05 23:23:09,412 | INFO | Scenario: scenario_2___nu=3 | n_rep: 234 | KDE model: gaussian rot
2026-05-05 23:23:10,266 | INFO | Scenario: scenario_2___nu=3 | n_rep: 234 | KDE model: t-student rot df=3
2026-05-05 23:23:11,092 | INFO | Scenario: scenario_2___nu=3 | n_rep: 235 | KDE model: gaussian rot
2026-05-05 23:23:11,848 | INFO | Scenario: scenario_2___nu=3 | n_rep: 235 | KDE model: t-student rot df=3
2026-05-05 23:23:12,269 | INFO | Scenario: scenario_2___nu=3 | n_rep: 236 | KDE model: gaussian rot
2026-05-05 23:23:12,763 | INFO | Scenario: scenario_2___nu=3 | n_rep: 236 | KDE model: t-student rot df=3
2026-05-05 23:23:13,219 | INFO | Scenario: scenario_2___nu=3 | n_rep: 237 | KDE model: gaussian rot
2026-05-05 23:23:13,649 | INFO | Scenario: scenario_2___nu=3 | n_rep: 237 | KDE model: t-student rot df=3
2026-05-05 23:23:14,422 | INFO | Scenario: scenario_2___nu=3 | n_rep: 238 | KDE model: gaussian rot
2026-05-05 23:23:14,821 | INFO | Scenario: scenario_2___nu=3 | n_rep: 238 | KDE model: t-student rot df=3
2026-05-05 23:23:15,268 | INFO | Scenario: scenario_2___nu=3 | n_rep: 239 | KDE model: gaussian rot
2026-05-05 23:23:15,841 | INFO | Scenario: scenario_2___nu=3 | n_rep: 239 | KDE model: t-student rot df=3
2026-05-05 23:23:16,404 | INFO | Scenario: scenario_2___nu=3 | n_rep: 240 | KDE model: gaussian rot
2026-05-05 23:23:16,906 | INFO | Scenario: scenario_2___nu=3 | n_rep: 240 | KDE model: t-student rot df=3
2026-05-05 23:23:17,401 | INFO | Scenario: scenario_2___nu=3 | n_rep: 241 | KDE model: gaussian rot
2026-05-05 23:23:17,757 | INFO | Scenario: scenario_2___nu=3 | n_rep: 241 | KDE model: t-student rot df=3
2026-05-05 23:23:18,167 | INFO | Scenario: scenario_2___nu=3 | n_rep: 242 | KDE model: gaussian rot
2026-05-05 23:23:18,682 | INFO | Scenario: scenario_2___nu=3 | n_rep: 242 | KDE model: t-student rot df=3
2026-05-05 23:23:19,306 | INFO | Scenario: scenario_2___nu=3 | n_rep: 243 | KDE model: gaussian rot
2026-05-05 23:23:20,000 | INFO | Scenario: scenario_2___nu=3 | n_rep: 243 | KDE model: t-student rot df=3
2026-05-05 23:23:20,618 | INFO | Scenario: scenario_2___nu=3 | n_rep: 244 | KDE model: gaussian rot
2026-05-05 23:23:21,038 | INFO | Scenario: scenario_2___nu=3 | n_rep: 244 | KDE model: t-student rot df=3
2026-05-05 23:23:21,478 | INFO | Scenario: scenario_2___nu=3 | n_rep: 245 | KDE model: gaussian rot
2026-05-05 23:23:22,076 | INFO | Scenario: scenario_2___nu=3 | n_rep: 245 | KDE model: t-student rot df=3
2026-05-05 23:23:22,647 | INFO | Scenario: scenario_2___nu=3 | n_rep: 246 | KDE model: gaussian rot
2026-05-05 23:23:23,319 | INFO | Scenario: scenario_2___nu=3 | n_rep: 246 | KDE model: t-student rot df=3
2026-05-05 23:23:23,958 | INFO | Scenario: scenario_2___nu=3 | n_rep: 247 | KDE model: gaussian rot
2026-05-05 23:23:24,319 | INFO | Scenario: scenario_2___nu=3 | n_rep: 247 | KDE model: t-student rot df=3
2026-05-05 23:23:24,668 | INFO | Scenario: scenario_2___nu=3 | n_rep: 248 | KDE model: gaussian rot
2026-05-05 23:23:25,310 | INFO | Scenario: scenario_2___nu=3 | n_rep: 248 | KDE model: t-student rot df=3
2026-05-05 23:23:26,040 | INFO | Scenario: scenario_2___nu=3 | n_rep: 249 | KDE model: gaussian rot
2026-05-05 23:23:26,779 | INFO | Scenario: scenario_2___nu=3 | n_rep: 249 | KDE model: t-student rot df=3
2026-05-05 23:23:27,496 | INFO | Scenario: scenario_2___nu=3 | n_rep: 250 | KDE model: gaussian rot
2026-05-05 23:23:27,933 | INFO | Scenario: scenario_2___nu=3 | n_rep: 250 | KDE model: t-student rot df=3
2026-05-05 23:23:28,396 | INFO | Scenario: scenario_2___nu=3 | n_rep: 251 | KDE model: gaussian rot
2026-05-05 23:23:28,794 | INFO | Scenario: scenario_2___nu=3 | n_rep: 251 | KDE model: t-student rot df=3
2026-05-05 23:23:29,290 | INFO | Scenario: scenario_2___nu=3 | n_rep: 252 | KDE model: gaussian rot
2026-05-05 23:23:30,035 | INFO | Scenario: scenario_2___nu=3 | n_rep: 252 | KDE model: t-student rot df=3
2026-05-05 23:23:30,726 | INFO | Scenario: scenario_2___nu=3 | n_rep: 253 | KDE model: gaussian rot
2026-05-05 23:23:31,233 | INFO | Scenario: scenario_2___nu=3 | n_rep: 253 | KDE model: t-student rot df=3
2026-05-05 23:23:31,654 | INFO | Scenario: scenario_2___nu=3 | n_rep: 254 | KDE model: gaussian rot
2026-05-05 23:23:32,114 | INFO | Scenario: scenario_2___nu=3 | n_rep: 254 | KDE model: t-student rot df=3
2026-05-05 23:23:32,595 | INFO | Scenario: scenario_2___nu=3 | n_rep: 255 | KDE model: gaussian rot
2026-05-05 23:23:33,262 | INFO | Scenario: scenario_2___nu=3 | n_rep: 255 | KDE model: t-student rot df=3
2026-05-05 23:23:34,017 | INFO | Scenario: scenario_2___nu=3 | n_rep: 256 | KDE model: gaussian rot
2026-05-05 23:23:34,396 | INFO | Scenario: scenario_2___nu=3 | n_rep: 256 | KDE model: t-student rot df=3
2026-05-05 23:23:35,084 | INFO | Scenario: scenario_2___nu=3 | n_rep: 257 | KDE model: gaussian rot
2026-05-05 23:23:35,453 | INFO | Scenario: scenario_2___nu=3 | n_rep: 257 | KDE model: t-student rot df=3
2026-05-05 23:23:35,892 | INFO | Scenario: scenario_2___nu=3 | n_rep: 258 | KDE model: gaussian rot
2026-05-05 23:23:36,659 | INFO | Scenario: scenario_2___nu=3 | n_rep: 258 | KDE model: t-student rot df=3
2026-05-05 23:23:37,334 | INFO | Scenario: scenario_2___nu=3 | n_rep: 259 | KDE model: gaussian rot
2026-05-05 23:23:37,758 | INFO | Scenario: scenario_2___nu=3 | n_rep: 259 | KDE model: t-student rot df=3
2026-05-05 23:23:38,189 | INFO | Scenario: scenario_2___nu=3 | n_rep: 260 | KDE model: gaussian rot
2026-05-05 23:23:39,017 | INFO | Scenario: scenario_2___nu=3 | n_rep: 260 | KDE model: t-student rot df=3
2026-05-05 23:23:39,895 | INFO | Scenario: scenario_2___nu=3 | n_rep: 261 | KDE model: gaussian rot
2026-05-05 23:23:40,500 | INFO | Scenario: scenario_2___nu=3 | n_rep: 261 | KDE model: t-student rot df=3
2026-05-05 23:23:40,946 | INFO | Scenario: scenario_2___nu=3 | n_rep: 262 | KDE model: gaussian rot
2026-05-05 23:23:41,376 | INFO | Scenario: scenario_2___nu=3 | n_rep: 262 | KDE model: t-student rot df=3
2026-05-05 23:23:41,823 | INFO | Scenario: scenario_2___nu=3 | n_rep: 263 | KDE model: gaussian rot
2026-05-05 23:23:42,336 | INFO | Scenario: scenario_2___nu=3 | n_rep: 263 | KDE model: t-student rot df=3
2026-05-05 23:23:42,830 | INFO | Scenario: scenario_2___nu=3 | n_rep: 264 | KDE model: gaussian rot
2026-05-05 23:23:43,516 | INFO | Scenario: scenario_2___nu=3 | n_rep: 264 | KDE model: t-student rot df=3
2026-05-05 23:23:44,281 | INFO | Scenario: scenario_2___nu=3 | n_rep: 265 | KDE model: gaussian rot
2026-05-05 23:23:44,744 | INFO | Scenario: scenario_2___nu=3 | n_rep: 265 | KDE model: t-student rot df=3
2026-05-05 23:23:45,206 | INFO | Scenario: scenario_2___nu=3 | n_rep: 266 | KDE model: gaussian rot
2026-05-05 23:23:45,655 | INFO | Scenario: scenario_2___nu=3 | n_rep: 266 | KDE model: t-student rot df=3
2026-05-05 23:23:46,036 | INFO | Scenario: scenario_2___nu=3 | n_rep: 267 | KDE model: gaussian rot
2026-05-05 23:23:46,780 | INFO | Scenario: scenario_2___nu=3 | n_rep: 267 | KDE model: t-student rot df=3
2026-05-05 23:23:47,596 | INFO | Scenario: scenario_2___nu=3 | n_rep: 268 | KDE model: gaussian rot
2026-05-05 23:23:47,971 | INFO | Scenario: scenario_2___nu=3 | n_rep: 268 | KDE model: t-student rot df=3
2026-05-05 23:23:48,334 | INFO | Scenario: scenario_2___nu=3 | n_rep: 269 | KDE model: gaussian rot
2026-05-05 23:23:48,823 | INFO | Scenario: scenario_2___nu=3 | n_rep: 269 | KDE model: t-student rot df=3
2026-05-05 23:23:49,310 | INFO | Scenario: scenario_2___nu=3 | n_rep: 270 | KDE model: gaussian rot
2026-05-05 23:23:49,879 | INFO | Scenario: scenario_2___nu=3 | n_rep: 270 | KDE model: t-student rot df=3
2026-05-05 23:23:50,463 | INFO | Scenario: scenario_2___nu=3 | n_rep: 271 | KDE model: gaussian rot
2026-05-05 23:23:50,809 | INFO | Scenario: scenario_2___nu=3 | n_rep: 271 | KDE model: t-student rot df=3
2026-05-05 23:23:51,151 | INFO | Scenario: scenario_2___nu=3 | n_rep: 272 | KDE model: gaussian rot
2026-05-05 23:23:51,871 | INFO | Scenario: scenario_2___nu=3 | n_rep: 272 | KDE model: t-student rot df=3
2026-05-05 23:23:52,533 | INFO | Scenario: scenario_2___nu=3 | n_rep: 273 | KDE model: gaussian rot
2026-05-05 23:23:52,945 | INFO | Scenario: scenario_2___nu=3 | n_rep: 273 | KDE model: t-student rot df=3
2026-05-05 23:23:53,291 | INFO | Scenario: scenario_2___nu=3 | n_rep: 274 | KDE model: gaussian rot
2026-05-05 23:23:53,726 | INFO | Scenario: scenario_2___nu=3 | n_rep: 274 | KDE model: t-student rot df=3
2026-05-05 23:23:54,178 | INFO | Scenario: scenario_2___nu=3 | n_rep: 275 | KDE model: gaussian rot
2026-05-05 23:23:54,909 | INFO | Scenario: scenario_2___nu=3 | n_rep: 275 | KDE model: t-student rot df=3
2026-05-05 23:23:55,586 | INFO | Scenario: scenario_2___nu=3 | n_rep: 276 | KDE model: gaussian rot
2026-05-05 23:23:56,064 | INFO | Scenario: scenario_2___nu=3 | n_rep: 276 | KDE model: t-student rot df=3
2026-05-05 23:23:56,522 | INFO | Scenario: scenario_2___nu=3 | n_rep: 277 | KDE model: gaussian rot
2026-05-05 23:23:57,044 | INFO | Scenario: scenario_2___nu=3 | n_rep: 277 | KDE model: t-student rot df=3
2026-05-05 23:23:57,516 | INFO | Scenario: scenario_2___nu=3 | n_rep: 278 | KDE model: gaussian rot
2026-05-05 23:23:58,035 | INFO | Scenario: scenario_2___nu=3 | n_rep: 278 | KDE model: t-student rot df=3
2026-05-05 23:23:58,486 | INFO | Scenario: scenario_2___nu=3 | n_rep: 279 | KDE model: gaussian rot
2026-05-05 23:23:58,923 | INFO | Scenario: scenario_2___nu=3 | n_rep: 279 | KDE model: t-student rot df=3
2026-05-05 23:23:59,435 | INFO | Scenario: scenario_2___nu=3 | n_rep: 280 | KDE model: gaussian rot
2026-05-05 23:24:00,252 | INFO | Scenario: scenario_2___nu=3 | n_rep: 280 | KDE model: t-student rot df=3
2026-05-05 23:24:00,976 | INFO | Scenario: scenario_2___nu=3 | n_rep: 281 | KDE model: gaussian rot
2026-05-05 23:24:01,405 | INFO | Scenario: scenario_2___nu=3 | n_rep: 281 | KDE model: t-student rot df=3
2026-05-05 23:24:01,823 | INFO | Scenario: scenario_2___nu=3 | n_rep: 282 | KDE model: gaussian rot
2026-05-05 23:24:02,264 | INFO | Scenario: scenario_2___nu=3 | n_rep: 282 | KDE model: t-student rot df=3
2026-05-05 23:24:02,597 | INFO | Scenario: scenario_2___nu=3 | n_rep: 283 | KDE model: gaussian rot
2026-05-05 23:24:03,008 | INFO | Scenario: scenario_2___nu=3 | n_rep: 283 | KDE model: t-student rot df=3
2026-05-05 23:24:03,517 | INFO | Scenario: scenario_2___nu=3 | n_rep: 284 | KDE model: gaussian rot
2026-05-05 23:24:03,968 | INFO | Scenario: scenario_2___nu=3 | n_rep: 284 | KDE model: t-student rot df=3
2026-05-05 23:24:04,447 | INFO | Scenario: scenario_2___nu=3 | n_rep: 285 | KDE model: gaussian rot
2026-05-05 23:24:04,849 | INFO | Scenario: scenario_2___nu=3 | n_rep: 285 | KDE model: t-student rot df=3
2026-05-05 23:24:05,235 | INFO | Scenario: scenario_2___nu=3 | n_rep: 286 | KDE model: gaussian rot
2026-05-05 23:24:05,711 | INFO | Scenario: scenario_2___nu=3 | n_rep: 286 | KDE model: t-student rot df=3
2026-05-05 23:24:06,188 | INFO | Scenario: scenario_2___nu=3 | n_rep: 287 | KDE model: gaussian rot
2026-05-05 23:24:06,628 | INFO | Scenario: scenario_2___nu=3 | n_rep: 287 | KDE model: t-student rot df=3
2026-05-05 23:24:07,036 | INFO | Scenario: scenario_2___nu=3 | n_rep: 288 | KDE model: gaussian rot
2026-05-05 23:24:07,475 | INFO | Scenario: scenario_2___nu=3 | n_rep: 288 | KDE model: t-student rot df=3
2026-05-05 23:24:07,917 | INFO | Scenario: scenario_2___nu=3 | n_rep: 289 | KDE model: gaussian rot
2026-05-05 23:24:08,402 | INFO | Scenario: scenario_2___nu=3 | n_rep: 289 | KDE model: t-student rot df=3
2026-05-05 23:24:08,832 | INFO | Scenario: scenario_2___nu=3 | n_rep: 290 | KDE model: gaussian rot
2026-05-05 23:24:09,324 | INFO | Scenario: scenario_2___nu=3 | n_rep: 290 | KDE model: t-student rot df=3
2026-05-05 23:24:09,765 | INFO | Scenario: scenario_2___nu=3 | n_rep: 291 | KDE model: gaussian rot
2026-05-05 23:24:10,159 | INFO | Scenario: scenario_2___nu=3 | n_rep: 291 | KDE model: t-student rot df=3
2026-05-05 23:24:10,596 | INFO | Scenario: scenario_2___nu=3 | n_rep: 292 | KDE model: gaussian rot
2026-05-05 23:24:11,097 | INFO | Scenario: scenario_2___nu=3 | n_rep: 292 | KDE model: t-student rot df=3
2026-05-05 23:24:11,546 | INFO | Scenario: scenario_2___nu=3 | n_rep: 293 | KDE model: gaussian rot
2026-05-05 23:24:12,083 | INFO | Scenario: scenario_2___nu=3 | n_rep: 293 | KDE model: t-student rot df=3
2026-05-05 23:24:12,601 | INFO | Scenario: scenario_2___nu=3 | n_rep: 294 | KDE model: gaussian rot
2026-05-05 23:24:13,045 | INFO | Scenario: scenario_2___nu=3 | n_rep: 294 | KDE model: t-student rot df=3
2026-05-05 23:24:13,442 | INFO | Scenario: scenario_2___nu=3 | n_rep: 295 | KDE model: gaussian rot
2026-05-05 23:24:13,941 | INFO | Scenario: scenario_2___nu=3 | n_rep: 295 | KDE model: t-student rot df=3
2026-05-05 23:24:14,364 | INFO | Scenario: scenario_2___nu=3 | n_rep: 296 | KDE model: gaussian rot
2026-05-05 23:24:14,878 | INFO | Scenario: scenario_2___nu=3 | n_rep: 296 | KDE model: t-student rot df=3
2026-05-05 23:24:15,328 | INFO | Scenario: scenario_2___nu=3 | n_rep: 297 | KDE model: gaussian rot
2026-05-05 23:24:15,755 | INFO | Scenario: scenario_2___nu=3 | n_rep: 297 | KDE model: t-student rot df=3
2026-05-05 23:24:16,125 | INFO | Scenario: scenario_2___nu=3 | n_rep: 298 | KDE model: gaussian rot
2026-05-05 23:24:16,989 | INFO | Scenario: scenario_2___nu=3 | n_rep: 298 | KDE model: t-student rot df=3
2026-05-05 23:24:17,774 | INFO | Scenario: scenario_2___nu=3 | n_rep: 299 | KDE model: gaussian rot
2026-05-05 23:24:18,553 | INFO | Scenario: scenario_2___nu=3 | n_rep: 299 | KDE model: t-student rot df=3
2026-05-05 23:24:19,290 | INFO | Scenario: scenario_2___nu=3 | n_rep: 300 | KDE model: gaussian rot
2026-05-05 23:24:19,646 | INFO | Scenario: scenario_2___nu=3 | n_rep: 300 | KDE model: t-student rot df=3
2026-05-05 23:24:20,119 | INFO | Scenario: scenario_2___nu=3 | n_rep: 301 | KDE model: gaussian rot
2026-05-05 23:24:20,533 | INFO | Scenario: scenario_2___nu=3 | n_rep: 301 | KDE model: t-student rot df=3
2026-05-05 23:24:20,984 | INFO | Scenario: scenario_2___nu=3 | n_rep: 302 | KDE model: gaussian rot
2026-05-05 23:24:21,754 | INFO | Scenario: scenario_2___nu=3 | n_rep: 302 | KDE model: t-student rot df=3
2026-05-05 23:24:22,421 | INFO | Scenario: scenario_2___nu=3 | n_rep: 303 | KDE model: gaussian rot
2026-05-05 23:24:22,785 | INFO | Scenario: scenario_2___nu=3 | n_rep: 303 | KDE model: t-student rot df=3
2026-05-05 23:24:23,108 | INFO | Scenario: scenario_2___nu=3 | n_rep: 304 | KDE model: gaussian rot
2026-05-05 23:24:23,526 | INFO | Scenario: scenario_2___nu=3 | n_rep: 304 | KDE model: t-student rot df=3
2026-05-05 23:24:23,957 | INFO | Scenario: scenario_2___nu=3 | n_rep: 305 | KDE model: gaussian rot
2026-05-05 23:24:24,473 | INFO | Scenario: scenario_2___nu=3 | n_rep: 305 | KDE model: t-student rot df=3
2026-05-05 23:24:25,155 | INFO | Scenario: scenario_2___nu=3 | n_rep: 306 | KDE model: gaussian rot
2026-05-05 23:24:25,944 | INFO | Scenario: scenario_2___nu=3 | n_rep: 306 | KDE model: t-student rot df=3
2026-05-05 23:24:26,760 | INFO | Scenario: scenario_2___nu=3 | n_rep: 307 | KDE model: gaussian rot
2026-05-05 23:24:27,362 | INFO | Scenario: scenario_2___nu=3 | n_rep: 307 | KDE model: t-student rot df=3
2026-05-05 23:24:27,921 | INFO | Scenario: scenario_2___nu=3 | n_rep: 308 | KDE model: gaussian rot
2026-05-05 23:24:28,350 | INFO | Scenario: scenario_2___nu=3 | n_rep: 308 | KDE model: t-student rot df=3
2026-05-05 23:24:28,757 | INFO | Scenario: scenario_2___nu=3 | n_rep: 309 | KDE model: gaussian rot
2026-05-05 23:24:29,474 | INFO | Scenario: scenario_2___nu=3 | n_rep: 309 | KDE model: t-student rot df=3
2026-05-05 23:24:30,153 | INFO | Scenario: scenario_2___nu=3 | n_rep: 310 | KDE model: gaussian rot
2026-05-05 23:24:30,578 | INFO | Scenario: scenario_2___nu=3 | n_rep: 310 | KDE model: t-student rot df=3
2026-05-05 23:24:30,966 | INFO | Scenario: scenario_2___nu=3 | n_rep: 311 | KDE model: gaussian rot
2026-05-05 23:24:31,459 | INFO | Scenario: scenario_2___nu=3 | n_rep: 311 | KDE model: t-student rot df=3
2026-05-05 23:24:31,826 | INFO | Scenario: scenario_2___nu=3 | n_rep: 312 | KDE model: gaussian rot
2026-05-05 23:24:32,398 | INFO | Scenario: scenario_2___nu=3 | n_rep: 312 | KDE model: t-student rot df=3
2026-05-05 23:24:32,921 | INFO | Scenario: scenario_2___nu=3 | n_rep: 313 | KDE model: gaussian rot
2026-05-05 23:24:33,689 | INFO | Scenario: scenario_2___nu=3 | n_rep: 313 | KDE model: t-student rot df=3
2026-05-05 23:24:34,816 | INFO | Scenario: scenario_2___nu=3 | n_rep: 314 | KDE model: gaussian rot
2026-05-05 23:24:35,532 | INFO | Scenario: scenario_2___nu=3 | n_rep: 314 | KDE model: t-student rot df=3
2026-05-05 23:24:36,170 | INFO | Scenario: scenario_2___nu=3 | n_rep: 315 | KDE model: gaussian rot
2026-05-05 23:24:36,625 | INFO | Scenario: scenario_2___nu=3 | n_rep: 315 | KDE model: t-student rot df=3
2026-05-05 23:24:37,024 | INFO | Scenario: scenario_2___nu=3 | n_rep: 316 | KDE model: gaussian rot
2026-05-05 23:24:37,414 | INFO | Scenario: scenario_2___nu=3 | n_rep: 316 | KDE model: t-student rot df=3
2026-05-05 23:24:38,069 | INFO | Scenario: scenario_2___nu=3 | n_rep: 317 | KDE model: gaussian rot
2026-05-05 23:24:38,556 | INFO | Scenario: scenario_2___nu=3 | n_rep: 317 | KDE model: t-student rot df=3
2026-05-05 23:24:39,012 | INFO | Scenario: scenario_2___nu=3 | n_rep: 318 | KDE model: gaussian rot
2026-05-05 23:24:39,807 | INFO | Scenario: scenario_2___nu=3 | n_rep: 318 | KDE model: t-student rot df=3
2026-05-05 23:24:40,520 | INFO | Scenario: scenario_2___nu=3 | n_rep: 319 | KDE model: gaussian rot
2026-05-05 23:24:41,064 | INFO | Scenario: scenario_2___nu=3 | n_rep: 319 | KDE model: t-student rot df=3
2026-05-05 23:24:41,671 | INFO | Scenario: scenario_2___nu=3 | n_rep: 320 | KDE model: gaussian rot
2026-05-05 23:24:42,418 | INFO | Scenario: scenario_2___nu=3 | n_rep: 320 | KDE model: t-student rot df=3
2026-05-05 23:24:42,948 | INFO | Scenario: scenario_2___nu=3 | n_rep: 321 | KDE model: gaussian rot
2026-05-05 23:24:43,402 | INFO | Scenario: scenario_2___nu=3 | n_rep: 321 | KDE model: t-student rot df=3
2026-05-05 23:24:43,832 | INFO | Scenario: scenario_2___nu=3 | n_rep: 322 | KDE model: gaussian rot
2026-05-05 23:24:44,256 | INFO | Scenario: scenario_2___nu=3 | n_rep: 322 | KDE model: t-student rot df=3
2026-05-05 23:24:44,654 | INFO | Scenario: scenario_2___nu=3 | n_rep: 323 | KDE model: gaussian rot
2026-05-05 23:24:45,150 | INFO | Scenario: scenario_2___nu=3 | n_rep: 323 | KDE model: t-student rot df=3
2026-05-05 23:24:45,733 | INFO | Scenario: scenario_2___nu=3 | n_rep: 324 | KDE model: gaussian rot
2026-05-05 23:24:46,560 | INFO | Scenario: scenario_2___nu=3 | n_rep: 324 | KDE model: t-student rot df=3
2026-05-05 23:24:47,324 | INFO | Scenario: scenario_2___nu=3 | n_rep: 325 | KDE model: gaussian rot
2026-05-05 23:24:47,805 | INFO | Scenario: scenario_2___nu=3 | n_rep: 325 | KDE model: t-student rot df=3
2026-05-05 23:24:48,210 | INFO | Scenario: scenario_2___nu=3 | n_rep: 326 | KDE model: gaussian rot
2026-05-05 23:24:48,690 | INFO | Scenario: scenario_2___nu=3 | n_rep: 326 | KDE model: t-student rot df=3
2026-05-05 23:24:49,116 | INFO | Scenario: scenario_2___nu=3 | n_rep: 327 | KDE model: gaussian rot
2026-05-05 23:24:49,531 | INFO | Scenario: scenario_2___nu=3 | n_rep: 327 | KDE model: t-student rot df=3
2026-05-05 23:24:49,948 | INFO | Scenario: scenario_2___nu=3 | n_rep: 328 | KDE model: gaussian rot
2026-05-05 23:24:50,329 | INFO | Scenario: scenario_2___nu=3 | n_rep: 328 | KDE model: t-student rot df=3
2026-05-05 23:24:50,727 | INFO | Scenario: scenario_2___nu=3 | n_rep: 329 | KDE model: gaussian rot
2026-05-05 23:24:51,233 | INFO | Scenario: scenario_2___nu=3 | n_rep: 329 | KDE model: t-student rot df=3
2026-05-05 23:24:51,738 | INFO | Scenario: scenario_2___nu=3 | n_rep: 330 | KDE model: gaussian rot
2026-05-05 23:24:52,259 | INFO | Scenario: scenario_2___nu=3 | n_rep: 330 | KDE model: t-student rot df=3
2026-05-05 23:24:52,693 | INFO | Scenario: scenario_2___nu=3 | n_rep: 331 | KDE model: gaussian rot
2026-05-05 23:24:53,119 | INFO | Scenario: scenario_2___nu=3 | n_rep: 331 | KDE model: t-student rot df=3
2026-05-05 23:24:53,618 | INFO | Scenario: scenario_2___nu=3 | n_rep: 332 | KDE model: gaussian rot
2026-05-05 23:24:54,390 | INFO | Scenario: scenario_2___nu=3 | n_rep: 332 | KDE model: t-student rot df=3
2026-05-05 23:24:55,112 | INFO | Scenario: scenario_2___nu=3 | n_rep: 333 | KDE model: gaussian rot
2026-05-05 23:24:55,465 | INFO | Scenario: scenario_2___nu=3 | n_rep: 333 | KDE model: t-student rot df=3
2026-05-05 23:24:55,892 | INFO | Scenario: scenario_2___nu=3 | n_rep: 334 | KDE model: gaussian rot
2026-05-05 23:24:56,300 | INFO | Scenario: scenario_2___nu=3 | n_rep: 334 | KDE model: t-student rot df=3
2026-05-05 23:24:56,657 | INFO | Scenario: scenario_2___nu=3 | n_rep: 335 | KDE model: gaussian rot
2026-05-05 23:24:57,275 | INFO | Scenario: scenario_2___nu=3 | n_rep: 335 | KDE model: t-student rot df=3
2026-05-05 23:24:57,771 | INFO | Scenario: scenario_2___nu=3 | n_rep: 336 | KDE model: gaussian rot
2026-05-05 23:24:58,435 | INFO | Scenario: scenario_2___nu=3 | n_rep: 336 | KDE model: t-student rot df=3
2026-05-05 23:24:58,881 | INFO | Scenario: scenario_2___nu=3 | n_rep: 337 | KDE model: gaussian rot
2026-05-05 23:24:59,359 | INFO | Scenario: scenario_2___nu=3 | n_rep: 337 | KDE model: t-student rot df=3
2026-05-05 23:24:59,860 | INFO | Scenario: scenario_2___nu=3 | n_rep: 338 | KDE model: gaussian rot
2026-05-05 23:25:00,238 | INFO | Scenario: scenario_2___nu=3 | n_rep: 338 | KDE model: t-student rot df=3
2026-05-05 23:25:00,542 | INFO | Scenario: scenario_2___nu=3 | n_rep: 339 | KDE model: gaussian rot
2026-05-05 23:25:01,135 | INFO | Scenario: scenario_2___nu=3 | n_rep: 339 | KDE model: t-student rot df=3
2026-05-05 23:25:01,788 | INFO | Scenario: scenario_2___nu=3 | n_rep: 340 | KDE model: gaussian rot
2026-05-05 23:25:02,319 | INFO | Scenario: scenario_2___nu=3 | n_rep: 340 | KDE model: t-student rot df=3
2026-05-05 23:25:02,838 | INFO | Scenario: scenario_2___nu=3 | n_rep: 341 | KDE model: gaussian rot
2026-05-05 23:25:03,436 | INFO | Scenario: scenario_2___nu=3 | n_rep: 341 | KDE model: t-student rot df=3
2026-05-05 23:25:03,769 | INFO | Scenario: scenario_2___nu=3 | n_rep: 342 | KDE model: gaussian rot
2026-05-05 23:25:04,342 | INFO | Scenario: scenario_2___nu=3 | n_rep: 342 | KDE model: t-student rot df=3
2026-05-05 23:25:04,941 | INFO | Scenario: scenario_2___nu=3 | n_rep: 343 | KDE model: gaussian rot
2026-05-05 23:25:05,399 | INFO | Scenario: scenario_2___nu=3 | n_rep: 343 | KDE model: t-student rot df=3
2026-05-05 23:25:05,852 | INFO | Scenario: scenario_2___nu=3 | n_rep: 344 | KDE model: gaussian rot
2026-05-05 23:25:06,306 | INFO | Scenario: scenario_2___nu=3 | n_rep: 344 | KDE model: t-student rot df=3
2026-05-05 23:25:06,715 | INFO | Scenario: scenario_2___nu=3 | n_rep: 345 | KDE model: gaussian rot
2026-05-05 23:25:07,398 | INFO | Scenario: scenario_2___nu=3 | n_rep: 345 | KDE model: t-student rot df=3
2026-05-05 23:25:08,078 | INFO | Scenario: scenario_2___nu=3 | n_rep: 346 | KDE model: gaussian rot
2026-05-05 23:25:08,911 | INFO | Scenario: scenario_2___nu=3 | n_rep: 346 | KDE model: t-student rot df=3
2026-05-05 23:25:09,675 | INFO | Scenario: scenario_2___nu=3 | n_rep: 347 | KDE model: gaussian rot
2026-05-05 23:25:10,084 | INFO | Scenario: scenario_2___nu=3 | n_rep: 347 | KDE model: t-student rot df=3
2026-05-05 23:25:10,470 | INFO | Scenario: scenario_2___nu=3 | n_rep: 348 | KDE model: gaussian rot
2026-05-05 23:25:10,857 | INFO | Scenario: scenario_2___nu=3 | n_rep: 348 | KDE model: t-student rot df=3
2026-05-05 23:25:11,298 | INFO | Scenario: scenario_2___nu=3 | n_rep: 349 | KDE model: gaussian rot
2026-05-05 23:25:12,020 | INFO | Scenario: scenario_2___nu=3 | n_rep: 349 | KDE model: t-student rot df=3
2026-05-05 23:25:12,755 | INFO | Scenario: scenario_2___nu=3 | n_rep: 350 | KDE model: gaussian rot
2026-05-05 23:25:13,268 | INFO | Scenario: scenario_2___nu=3 | n_rep: 350 | KDE model: t-student rot df=3
2026-05-05 23:25:13,796 | INFO | Scenario: scenario_2___nu=3 | n_rep: 351 | KDE model: gaussian rot
2026-05-05 23:25:14,242 | INFO | Scenario: scenario_2___nu=3 | n_rep: 351 | KDE model: t-student rot df=3
2026-05-05 23:25:14,673 | INFO | Scenario: scenario_2___nu=3 | n_rep: 352 | KDE model: gaussian rot
2026-05-05 23:25:15,107 | INFO | Scenario: scenario_2___nu=3 | n_rep: 352 | KDE model: t-student rot df=3
2026-05-05 23:25:15,520 | INFO | Scenario: scenario_2___nu=3 | n_rep: 353 | KDE model: gaussian rot
2026-05-05 23:25:15,924 | INFO | Scenario: scenario_2___nu=3 | n_rep: 353 | KDE model: t-student rot df=3
2026-05-05 23:25:16,419 | INFO | Scenario: scenario_2___nu=3 | n_rep: 354 | KDE model: gaussian rot
2026-05-05 23:25:16,871 | INFO | Scenario: scenario_2___nu=3 | n_rep: 354 | KDE model: t-student rot df=3
2026-05-05 23:25:17,369 | INFO | Scenario: scenario_2___nu=3 | n_rep: 355 | KDE model: gaussian rot
2026-05-05 23:25:17,770 | INFO | Scenario: scenario_2___nu=3 | n_rep: 355 | KDE model: t-student rot df=3
2026-05-05 23:25:18,150 | INFO | Scenario: scenario_2___nu=3 | n_rep: 356 | KDE model: gaussian rot
2026-05-05 23:25:18,604 | INFO | Scenario: scenario_2___nu=3 | n_rep: 356 | KDE model: t-student rot df=3
2026-05-05 23:25:19,104 | INFO | Scenario: scenario_2___nu=3 | n_rep: 357 | KDE model: gaussian rot
2026-05-05 23:25:19,919 | INFO | Scenario: scenario_2___nu=3 | n_rep: 357 | KDE model: t-student rot df=3
2026-05-05 23:25:20,721 | INFO | Scenario: scenario_2___nu=3 | n_rep: 358 | KDE model: gaussian rot
2026-05-05 23:25:21,163 | INFO | Scenario: scenario_2___nu=3 | n_rep: 358 | KDE model: t-student rot df=3
2026-05-05 23:25:21,599 | INFO | Scenario: scenario_2___nu=3 | n_rep: 359 | KDE model: gaussian rot
2026-05-05 23:25:22,338 | INFO | Scenario: scenario_2___nu=3 | n_rep: 359 | KDE model: t-student rot df=3
2026-05-05 23:25:22,995 | INFO | Scenario: scenario_2___nu=3 | n_rep: 360 | KDE model: gaussian rot
2026-05-05 23:25:23,384 | INFO | Scenario: scenario_2___nu=3 | n_rep: 360 | KDE model: t-student rot df=3
2026-05-05 23:25:23,784 | INFO | Scenario: scenario_2___nu=3 | n_rep: 361 | KDE model: gaussian rot
2026-05-05 23:25:24,198 | INFO | Scenario: scenario_2___nu=3 | n_rep: 361 | KDE model: t-student rot df=3
2026-05-05 23:25:24,550 | INFO | Scenario: scenario_2___nu=3 | n_rep: 362 | KDE model: gaussian rot
2026-05-05 23:25:25,460 | INFO | Scenario: scenario_2___nu=3 | n_rep: 362 | KDE model: t-student rot df=3
2026-05-05 23:25:25,922 | INFO | Scenario: scenario_2___nu=3 | n_rep: 363 | KDE model: gaussian rot
2026-05-05 23:25:26,491 | INFO | Scenario: scenario_2___nu=3 | n_rep: 363 | KDE model: t-student rot df=3
2026-05-05 23:25:27,093 | INFO | Scenario: scenario_2___nu=3 | n_rep: 364 | KDE model: gaussian rot
2026-05-05 23:25:27,486 | INFO | Scenario: scenario_2___nu=3 | n_rep: 364 | KDE model: t-student rot df=3
2026-05-05 23:25:27,892 | INFO | Scenario: scenario_2___nu=3 | n_rep: 365 | KDE model: gaussian rot
2026-05-05 23:25:28,663 | INFO | Scenario: scenario_2___nu=3 | n_rep: 365 | KDE model: t-student rot df=3
2026-05-05 23:25:29,474 | INFO | Scenario: scenario_2___nu=3 | n_rep: 366 | KDE model: gaussian rot
2026-05-05 23:25:30,252 | INFO | Scenario: scenario_2___nu=3 | n_rep: 366 | KDE model: t-student rot df=3
2026-05-05 23:25:31,040 | INFO | Scenario: scenario_2___nu=3 | n_rep: 367 | KDE model: gaussian rot
2026-05-05 23:25:31,484 | INFO | Scenario: scenario_2___nu=3 | n_rep: 367 | KDE model: t-student rot df=3
2026-05-05 23:25:31,973 | INFO | Scenario: scenario_2___nu=3 | n_rep: 368 | KDE model: gaussian rot
2026-05-05 23:25:32,455 | INFO | Scenario: scenario_2___nu=3 | n_rep: 368 | KDE model: t-student rot df=3
2026-05-05 23:25:33,003 | INFO | Scenario: scenario_2___nu=3 | n_rep: 369 | KDE model: gaussian rot
2026-05-05 23:25:33,934 | INFO | Scenario: scenario_2___nu=3 | n_rep: 369 | KDE model: t-student rot df=3
2026-05-05 23:25:34,774 | INFO | Scenario: scenario_2___nu=3 | n_rep: 370 | KDE model: gaussian rot
2026-05-05 23:25:35,307 | INFO | Scenario: scenario_2___nu=3 | n_rep: 370 | KDE model: t-student rot df=3
2026-05-05 23:25:35,750 | INFO | Scenario: scenario_2___nu=3 | n_rep: 371 | KDE model: gaussian rot
2026-05-05 23:25:36,211 | INFO | Scenario: scenario_2___nu=3 | n_rep: 371 | KDE model: t-student rot df=3
2026-05-05 23:25:36,720 | INFO | Scenario: scenario_2___nu=3 | n_rep: 372 | KDE model: gaussian rot
2026-05-05 23:25:37,499 | INFO | Scenario: scenario_2___nu=3 | n_rep: 372 | KDE model: t-student rot df=3
2026-05-05 23:25:38,233 | INFO | Scenario: scenario_2___nu=3 | n_rep: 373 | KDE model: gaussian rot
2026-05-05 23:25:38,695 | INFO | Scenario: scenario_2___nu=3 | n_rep: 373 | KDE model: t-student rot df=3
2026-05-05 23:25:39,106 | INFO | Scenario: scenario_2___nu=3 | n_rep: 374 | KDE model: gaussian rot
2026-05-05 23:25:39,878 | INFO | Scenario: scenario_2___nu=3 | n_rep: 374 | KDE model: t-student rot df=3
2026-05-05 23:25:40,596 | INFO | Scenario: scenario_2___nu=3 | n_rep: 375 | KDE model: gaussian rot
2026-05-05 23:25:41,042 | INFO | Scenario: scenario_2___nu=3 | n_rep: 375 | KDE model: t-student rot df=3
2026-05-05 23:25:41,493 | INFO | Scenario: scenario_2___nu=3 | n_rep: 376 | KDE model: gaussian rot
2026-05-05 23:25:42,009 | INFO | Scenario: scenario_2___nu=3 | n_rep: 376 | KDE model: t-student rot df=3
2026-05-05 23:25:42,560 | INFO | Scenario: scenario_2___nu=3 | n_rep: 377 | KDE model: gaussian rot
2026-05-05 23:25:43,141 | INFO | Scenario: scenario_2___nu=3 | n_rep: 377 | KDE model: t-student rot df=3
2026-05-05 23:25:43,853 | INFO | Scenario: scenario_2___nu=3 | n_rep: 378 | KDE model: gaussian rot
2026-05-05 23:25:44,369 | INFO | Scenario: scenario_2___nu=3 | n_rep: 378 | KDE model: t-student rot df=3
2026-05-05 23:25:44,849 | INFO | Scenario: scenario_2___nu=3 | n_rep: 379 | KDE model: gaussian rot
2026-05-05 23:25:45,391 | INFO | Scenario: scenario_2___nu=3 | n_rep: 379 | KDE model: t-student rot df=3
2026-05-05 23:25:46,006 | INFO | Scenario: scenario_2___nu=3 | n_rep: 380 | KDE model: gaussian rot
2026-05-05 23:25:46,440 | INFO | Scenario: scenario_2___nu=3 | n_rep: 380 | KDE model: t-student rot df=3
2026-05-05 23:25:46,862 | INFO | Scenario: scenario_2___nu=3 | n_rep: 381 | KDE model: gaussian rot
2026-05-05 23:25:47,247 | INFO | Scenario: scenario_2___nu=3 | n_rep: 381 | KDE model: t-student rot df=3
2026-05-05 23:25:47,677 | INFO | Scenario: scenario_2___nu=3 | n_rep: 382 | KDE model: gaussian rot
2026-05-05 23:25:48,176 | INFO | Scenario: scenario_2___nu=3 | n_rep: 382 | KDE model: t-student rot df=3
2026-05-05 23:25:48,618 | INFO | Scenario: scenario_2___nu=3 | n_rep: 383 | KDE model: gaussian rot
2026-05-05 23:25:49,083 | INFO | Scenario: scenario_2___nu=3 | n_rep: 383 | KDE model: t-student rot df=3
2026-05-05 23:25:49,569 | INFO | Scenario: scenario_2___nu=3 | n_rep: 384 | KDE model: gaussian rot
2026-05-05 23:25:49,902 | INFO | Scenario: scenario_2___nu=3 | n_rep: 384 | KDE model: t-student rot df=3
2026-05-05 23:25:50,229 | INFO | Scenario: scenario_2___nu=3 | n_rep: 385 | KDE model: gaussian rot
2026-05-05 23:25:50,658 | INFO | Scenario: scenario_2___nu=3 | n_rep: 385 | KDE model: t-student rot df=3
2026-05-05 23:25:51,114 | INFO | Scenario: scenario_2___nu=3 | n_rep: 386 | KDE model: gaussian rot
2026-05-05 23:25:51,570 | INFO | Scenario: scenario_2___nu=3 | n_rep: 386 | KDE model: t-student rot df=3
2026-05-05 23:25:51,951 | INFO | Scenario: scenario_2___nu=3 | n_rep: 387 | KDE model: gaussian rot
2026-05-05 23:25:52,339 | INFO | Scenario: scenario_2___nu=3 | n_rep: 387 | KDE model: t-student rot df=3
2026-05-05 23:25:52,745 | INFO | Scenario: scenario_2___nu=3 | n_rep: 388 | KDE model: gaussian rot
2026-05-05 23:25:53,167 | INFO | Scenario: scenario_2___nu=3 | n_rep: 388 | KDE model: t-student rot df=3
2026-05-05 23:25:53,546 | INFO | Scenario: scenario_2___nu=3 | n_rep: 389 | KDE model: gaussian rot
2026-05-05 23:25:53,941 | INFO | Scenario: scenario_2___nu=3 | n_rep: 389 | KDE model: t-student rot df=3
2026-05-05 23:25:54,310 | INFO | Scenario: scenario_2___nu=3 | n_rep: 390 | KDE model: gaussian rot
2026-05-05 23:25:54,781 | INFO | Scenario: scenario_2___nu=3 | n_rep: 390 | KDE model: t-student rot df=3
2026-05-05 23:25:55,307 | INFO | Scenario: scenario_2___nu=3 | n_rep: 391 | KDE model: gaussian rot
2026-05-05 23:25:55,765 | INFO | Scenario: scenario_2___nu=3 | n_rep: 391 | KDE model: t-student rot df=3
2026-05-05 23:25:56,232 | INFO | Scenario: scenario_2___nu=3 | n_rep: 392 | KDE model: gaussian rot
2026-05-05 23:25:56,875 | INFO | Scenario: scenario_2___nu=3 | n_rep: 392 | KDE model: t-student rot df=3
2026-05-05 23:25:57,550 | INFO | Scenario: scenario_2___nu=3 | n_rep: 393 | KDE model: gaussian rot
2026-05-05 23:25:58,712 | INFO | Scenario: scenario_2___nu=3 | n_rep: 393 | KDE model: t-student rot df=3
2026-05-05 23:25:59,351 | INFO | Scenario: scenario_2___nu=3 | n_rep: 394 | KDE model: gaussian rot
2026-05-05 23:25:59,799 | INFO | Scenario: scenario_2___nu=3 | n_rep: 394 | KDE model: t-student rot df=3
2026-05-05 23:26:00,226 | INFO | Scenario: scenario_2___nu=3 | n_rep: 395 | KDE model: gaussian rot
2026-05-05 23:26:00,624 | INFO | Scenario: scenario_2___nu=3 | n_rep: 395 | KDE model: t-student rot df=3
2026-05-05 23:26:01,022 | INFO | Scenario: scenario_2___nu=3 | n_rep: 396 | KDE model: gaussian rot
2026-05-05 23:26:01,463 | INFO | Scenario: scenario_2___nu=3 | n_rep: 396 | KDE model: t-student rot df=3
2026-05-05 23:26:01,894 | INFO | Scenario: scenario_2___nu=3 | n_rep: 397 | KDE model: gaussian rot
2026-05-05 23:26:02,309 | INFO | Scenario: scenario_2___nu=3 | n_rep: 397 | KDE model: t-student rot df=3
2026-05-05 23:26:02,681 | INFO | Scenario: scenario_2___nu=3 | n_rep: 398 | KDE model: gaussian rot
2026-05-05 23:26:03,112 | INFO | Scenario: scenario_2___nu=3 | n_rep: 398 | KDE model: t-student rot df=3
2026-05-05 23:26:03,604 | INFO | Scenario: scenario_2___nu=3 | n_rep: 399 | KDE model: gaussian rot
2026-05-05 23:26:04,374 | INFO | Scenario: scenario_2___nu=3 | n_rep: 399 | KDE model: t-student rot df=3
2026-05-05 23:26:05,054 | INFO | Scenario: scenario_2___nu=3 | n_rep: 400 | KDE model: gaussian rot
2026-05-05 23:26:05,845 | INFO | Scenario: scenario_2___nu=3 | n_rep: 400 | KDE model: t-student rot df=3
2026-05-05 23:26:06,560 | INFO | Scenario: scenario_2___nu=3 | n_rep: 401 | KDE model: gaussian rot
2026-05-05 23:26:06,964 | INFO | Scenario: scenario_2___nu=3 | n_rep: 401 | KDE model: t-student rot df=3
2026-05-05 23:26:07,346 | INFO | Scenario: scenario_2___nu=3 | n_rep: 402 | KDE model: gaussian rot
2026-05-05 23:26:08,002 | INFO | Scenario: scenario_2___nu=3 | n_rep: 402 | KDE model: t-student rot df=3
2026-05-05 23:26:08,645 | INFO | Scenario: scenario_2___nu=3 | n_rep: 403 | KDE model: gaussian rot
2026-05-05 23:26:09,390 | INFO | Scenario: scenario_2___nu=3 | n_rep: 403 | KDE model: t-student rot df=3
2026-05-05 23:26:09,999 | INFO | Scenario: scenario_2___nu=3 | n_rep: 404 | KDE model: gaussian rot
2026-05-05 23:26:10,670 | INFO | Scenario: scenario_2___nu=3 | n_rep: 404 | KDE model: t-student rot df=3
2026-05-05 23:26:11,315 | INFO | Scenario: scenario_2___nu=3 | n_rep: 405 | KDE model: gaussian rot
2026-05-05 23:26:12,035 | INFO | Scenario: scenario_2___nu=3 | n_rep: 405 | KDE model: t-student rot df=3
2026-05-05 23:26:12,726 | INFO | Scenario: scenario_2___nu=3 | n_rep: 406 | KDE model: gaussian rot
2026-05-05 23:26:13,534 | INFO | Scenario: scenario_2___nu=3 | n_rep: 406 | KDE model: t-student rot df=3
2026-05-05 23:26:14,327 | INFO | Scenario: scenario_2___nu=3 | n_rep: 407 | KDE model: gaussian rot
2026-05-05 23:26:14,803 | INFO | Scenario: scenario_2___nu=3 | n_rep: 407 | KDE model: t-student rot df=3
2026-05-05 23:26:15,332 | INFO | Scenario: scenario_2___nu=3 | n_rep: 408 | KDE model: gaussian rot
2026-05-05 23:26:15,752 | INFO | Scenario: scenario_2___nu=3 | n_rep: 408 | KDE model: t-student rot df=3
2026-05-05 23:26:16,122 | INFO | Scenario: scenario_2___nu=3 | n_rep: 409 | KDE model: gaussian rot
2026-05-05 23:26:17,191 | INFO | Scenario: scenario_2___nu=3 | n_rep: 409 | KDE model: t-student rot df=3
2026-05-05 23:26:18,033 | INFO | Scenario: scenario_2___nu=3 | n_rep: 410 | KDE model: gaussian rot
2026-05-05 23:26:18,544 | INFO | Scenario: scenario_2___nu=3 | n_rep: 410 | KDE model: t-student rot df=3
2026-05-05 23:26:19,090 | INFO | Scenario: scenario_2___nu=3 | n_rep: 411 | KDE model: gaussian rot
2026-05-05 23:26:19,518 | INFO | Scenario: scenario_2___nu=3 | n_rep: 411 | KDE model: t-student rot df=3
2026-05-05 23:26:19,879 | INFO | Scenario: scenario_2___nu=3 | n_rep: 412 | KDE model: gaussian rot
2026-05-05 23:26:20,758 | INFO | Scenario: scenario_2___nu=3 | n_rep: 412 | KDE model: t-student rot df=3
2026-05-05 23:26:21,536 | INFO | Scenario: scenario_2___nu=3 | n_rep: 413 | KDE model: gaussian rot
2026-05-05 23:26:21,881 | INFO | Scenario: scenario_2___nu=3 | n_rep: 413 | KDE model: t-student rot df=3
2026-05-05 23:26:22,268 | INFO | Scenario: scenario_2___nu=3 | n_rep: 414 | KDE model: gaussian rot
2026-05-05 23:26:22,640 | INFO | Scenario: scenario_2___nu=3 | n_rep: 414 | KDE model: t-student rot df=3
2026-05-05 23:26:23,088 | INFO | Scenario: scenario_2___nu=3 | n_rep: 415 | KDE model: gaussian rot
2026-05-05 23:26:23,402 | INFO | Scenario: scenario_2___nu=3 | n_rep: 415 | KDE model: t-student rot df=3
2026-05-05 23:26:23,779 | INFO | Scenario: scenario_2___nu=3 | n_rep: 416 | KDE model: gaussian rot
2026-05-05 23:26:24,209 | INFO | Scenario: scenario_2___nu=3 | n_rep: 416 | KDE model: t-student rot df=3
2026-05-05 23:26:24,648 | INFO | Scenario: scenario_2___nu=3 | n_rep: 417 | KDE model: gaussian rot
2026-05-05 23:26:25,132 | INFO | Scenario: scenario_2___nu=3 | n_rep: 417 | KDE model: t-student rot df=3
2026-05-05 23:26:25,683 | INFO | Scenario: scenario_2___nu=3 | n_rep: 418 | KDE model: gaussian rot
2026-05-05 23:26:26,110 | INFO | Scenario: scenario_2___nu=3 | n_rep: 418 | KDE model: t-student rot df=3
2026-05-05 23:26:26,471 | INFO | Scenario: scenario_2___nu=3 | n_rep: 419 | KDE model: gaussian rot
2026-05-05 23:26:27,097 | INFO | Scenario: scenario_2___nu=3 | n_rep: 419 | KDE model: t-student rot df=3
2026-05-05 23:26:27,789 | INFO | Scenario: scenario_2___nu=3 | n_rep: 420 | KDE model: gaussian rot
2026-05-05 23:26:28,496 | INFO | Scenario: scenario_2___nu=3 | n_rep: 420 | KDE model: t-student rot df=3
2026-05-05 23:26:29,114 | INFO | Scenario: scenario_2___nu=3 | n_rep: 421 | KDE model: gaussian rot
2026-05-05 23:26:29,552 | INFO | Scenario: scenario_2___nu=3 | n_rep: 421 | KDE model: t-student rot df=3
2026-05-05 23:26:29,941 | INFO | Scenario: scenario_2___nu=3 | n_rep: 422 | KDE model: gaussian rot
2026-05-05 23:26:30,373 | INFO | Scenario: scenario_2___nu=3 | n_rep: 422 | KDE model: t-student rot df=3
2026-05-05 23:26:30,748 | INFO | Scenario: scenario_2___nu=3 | n_rep: 423 | KDE model: gaussian rot
2026-05-05 23:26:31,553 | INFO | Scenario: scenario_2___nu=3 | n_rep: 423 | KDE model: t-student rot df=3
2026-05-05 23:26:32,323 | INFO | Scenario: scenario_2___nu=3 | n_rep: 424 | KDE model: gaussian rot
2026-05-05 23:26:32,686 | INFO | Scenario: scenario_2___nu=3 | n_rep: 424 | KDE model: t-student rot df=3
2026-05-05 23:26:33,024 | INFO | Scenario: scenario_2___nu=3 | n_rep: 425 | KDE model: gaussian rot
2026-05-05 23:26:33,446 | INFO | Scenario: scenario_2___nu=3 | n_rep: 425 | KDE model: t-student rot df=3
2026-05-05 23:26:33,804 | INFO | Scenario: scenario_2___nu=3 | n_rep: 426 | KDE model: gaussian rot
2026-05-05 23:26:34,389 | INFO | Scenario: scenario_2___nu=3 | n_rep: 426 | KDE model: t-student rot df=3
2026-05-05 23:26:34,995 | INFO | Scenario: scenario_2___nu=3 | n_rep: 427 | KDE model: gaussian rot
2026-05-05 23:26:35,486 | INFO | Scenario: scenario_2___nu=3 | n_rep: 427 | KDE model: t-student rot df=3
2026-05-05 23:26:35,923 | INFO | Scenario: scenario_2___nu=3 | n_rep: 428 | KDE model: gaussian rot
2026-05-05 23:26:36,369 | INFO | Scenario: scenario_2___nu=3 | n_rep: 428 | KDE model: t-student rot df=3
2026-05-05 23:26:36,787 | INFO | Scenario: scenario_2___nu=3 | n_rep: 429 | KDE model: gaussian rot
2026-05-05 23:26:37,441 | INFO | Scenario: scenario_2___nu=3 | n_rep: 429 | KDE model: t-student rot df=3
2026-05-05 23:26:38,094 | INFO | Scenario: scenario_2___nu=3 | n_rep: 430 | KDE model: gaussian rot
2026-05-05 23:26:38,724 | INFO | Scenario: scenario_2___nu=3 | n_rep: 430 | KDE model: t-student rot df=3
2026-05-05 23:26:39,070 | INFO | Scenario: scenario_2___nu=3 | n_rep: 431 | KDE model: gaussian rot
2026-05-05 23:26:39,504 | INFO | Scenario: scenario_2___nu=3 | n_rep: 431 | KDE model: t-student rot df=3
2026-05-05 23:26:39,944 | INFO | Scenario: scenario_2___nu=3 | n_rep: 432 | KDE model: gaussian rot
2026-05-05 23:26:40,357 | INFO | Scenario: scenario_2___nu=3 | n_rep: 432 | KDE model: t-student rot df=3
2026-05-05 23:26:40,751 | INFO | Scenario: scenario_2___nu=3 | n_rep: 433 | KDE model: gaussian rot
2026-05-05 23:26:41,532 | INFO | Scenario: scenario_2___nu=3 | n_rep: 433 | KDE model: t-student rot df=3
2026-05-05 23:26:42,195 | INFO | Scenario: scenario_2___nu=3 | n_rep: 434 | KDE model: gaussian rot
2026-05-05 23:26:42,677 | INFO | Scenario: scenario_2___nu=3 | n_rep: 434 | KDE model: t-student rot df=3
2026-05-05 23:26:43,152 | INFO | Scenario: scenario_2___nu=3 | n_rep: 435 | KDE model: gaussian rot
2026-05-05 23:26:43,810 | INFO | Scenario: scenario_2___nu=3 | n_rep: 435 | KDE model: t-student rot df=3
2026-05-05 23:26:44,449 | INFO | Scenario: scenario_2___nu=3 | n_rep: 436 | KDE model: gaussian rot
2026-05-05 23:26:44,936 | INFO | Scenario: scenario_2___nu=3 | n_rep: 436 | KDE model: t-student rot df=3
2026-05-05 23:26:45,425 | INFO | Scenario: scenario_2___nu=3 | n_rep: 437 | KDE model: gaussian rot
2026-05-05 23:26:45,834 | INFO | Scenario: scenario_2___nu=3 | n_rep: 437 | KDE model: t-student rot df=3
2026-05-05 23:26:46,267 | INFO | Scenario: scenario_2___nu=3 | n_rep: 438 | KDE model: gaussian rot
2026-05-05 23:26:46,748 | INFO | Scenario: scenario_2___nu=3 | n_rep: 438 | KDE model: t-student rot df=3
2026-05-05 23:26:47,478 | INFO | Scenario: scenario_2___nu=3 | n_rep: 439 | KDE model: gaussian rot
2026-05-05 23:26:47,855 | INFO | Scenario: scenario_2___nu=3 | n_rep: 439 | KDE model: t-student rot df=3
2026-05-05 23:26:48,246 | INFO | Scenario: scenario_2___nu=3 | n_rep: 440 | KDE model: gaussian rot
2026-05-05 23:26:48,710 | INFO | Scenario: scenario_2___nu=3 | n_rep: 440 | KDE model: t-student rot df=3
2026-05-05 23:26:49,125 | INFO | Scenario: scenario_2___nu=3 | n_rep: 441 | KDE model: gaussian rot
2026-05-05 23:26:49,593 | INFO | Scenario: scenario_2___nu=3 | n_rep: 441 | KDE model: t-student rot df=3
2026-05-05 23:26:50,039 | INFO | Scenario: scenario_2___nu=3 | n_rep: 442 | KDE model: gaussian rot
2026-05-05 23:26:50,498 | INFO | Scenario: scenario_2___nu=3 | n_rep: 442 | KDE model: t-student rot df=3
2026-05-05 23:26:50,924 | INFO | Scenario: scenario_2___nu=3 | n_rep: 443 | KDE model: gaussian rot
2026-05-05 23:26:51,369 | INFO | Scenario: scenario_2___nu=3 | n_rep: 443 | KDE model: t-student rot df=3
2026-05-05 23:26:51,733 | INFO | Scenario: scenario_2___nu=3 | n_rep: 444 | KDE model: gaussian rot
2026-05-05 23:26:52,128 | INFO | Scenario: scenario_2___nu=3 | n_rep: 444 | KDE model: t-student rot df=3
2026-05-05 23:26:52,640 | INFO | Scenario: scenario_2___nu=3 | n_rep: 445 | KDE model: gaussian rot
2026-05-05 23:26:53,415 | INFO | Scenario: scenario_2___nu=3 | n_rep: 445 | KDE model: t-student rot df=3
2026-05-05 23:26:54,156 | INFO | Scenario: scenario_2___nu=3 | n_rep: 446 | KDE model: gaussian rot
2026-05-05 23:26:54,664 | INFO | Scenario: scenario_2___nu=3 | n_rep: 446 | KDE model: t-student rot df=3
2026-05-05 23:26:55,144 | INFO | Scenario: scenario_2___nu=3 | n_rep: 447 | KDE model: gaussian rot
2026-05-05 23:26:55,703 | INFO | Scenario: scenario_2___nu=3 | n_rep: 447 | KDE model: t-student rot df=3
2026-05-05 23:26:56,243 | INFO | Scenario: scenario_2___nu=3 | n_rep: 448 | KDE model: gaussian rot
2026-05-05 23:26:56,680 | INFO | Scenario: scenario_2___nu=3 | n_rep: 448 | KDE model: t-student rot df=3
2026-05-05 23:26:57,099 | INFO | Scenario: scenario_2___nu=3 | n_rep: 449 | KDE model: gaussian rot
2026-05-05 23:26:57,569 | INFO | Scenario: scenario_2___nu=3 | n_rep: 449 | KDE model: t-student rot df=3
2026-05-05 23:26:57,995 | INFO | Scenario: scenario_2___nu=3 | n_rep: 450 | KDE model: gaussian rot
2026-05-05 23:26:58,365 | INFO | Scenario: scenario_2___nu=3 | n_rep: 450 | KDE model: t-student rot df=3
2026-05-05 23:26:58,716 | INFO | Scenario: scenario_2___nu=3 | n_rep: 451 | KDE model: gaussian rot
2026-05-05 23:26:59,166 | INFO | Scenario: scenario_2___nu=3 | n_rep: 451 | KDE model: t-student rot df=3
2026-05-05 23:26:59,619 | INFO | Scenario: scenario_2___nu=3 | n_rep: 452 | KDE model: gaussian rot
2026-05-05 23:27:00,029 | INFO | Scenario: scenario_2___nu=3 | n_rep: 452 | KDE model: t-student rot df=3
2026-05-05 23:27:00,459 | INFO | Scenario: scenario_2___nu=3 | n_rep: 453 | KDE model: gaussian rot
2026-05-05 23:27:00,956 | INFO | Scenario: scenario_2___nu=3 | n_rep: 453 | KDE model: t-student rot df=3
2026-05-05 23:27:01,426 | INFO | Scenario: scenario_2___nu=3 | n_rep: 454 | KDE model: gaussian rot
2026-05-05 23:27:01,901 | INFO | Scenario: scenario_2___nu=3 | n_rep: 454 | KDE model: t-student rot df=3
2026-05-05 23:27:02,363 | INFO | Scenario: scenario_2___nu=3 | n_rep: 455 | KDE model: gaussian rot
2026-05-05 23:27:02,871 | INFO | Scenario: scenario_2___nu=3 | n_rep: 455 | KDE model: t-student rot df=3
2026-05-05 23:27:03,394 | INFO | Scenario: scenario_2___nu=3 | n_rep: 456 | KDE model: gaussian rot
2026-05-05 23:27:03,976 | INFO | Scenario: scenario_2___nu=3 | n_rep: 456 | KDE model: t-student rot df=3
2026-05-05 23:27:04,784 | INFO | Scenario: scenario_2___nu=3 | n_rep: 457 | KDE model: gaussian rot
2026-05-05 23:27:05,262 | INFO | Scenario: scenario_2___nu=3 | n_rep: 457 | KDE model: t-student rot df=3
2026-05-05 23:27:05,689 | INFO | Scenario: scenario_2___nu=3 | n_rep: 458 | KDE model: gaussian rot
2026-05-05 23:27:06,371 | INFO | Scenario: scenario_2___nu=3 | n_rep: 458 | KDE model: t-student rot df=3
2026-05-05 23:27:07,071 | INFO | Scenario: scenario_2___nu=3 | n_rep: 459 | KDE model: gaussian rot
2026-05-05 23:27:07,432 | INFO | Scenario: scenario_2___nu=3 | n_rep: 459 | KDE model: t-student rot df=3
2026-05-05 23:27:07,896 | INFO | Scenario: scenario_2___nu=3 | n_rep: 460 | KDE model: gaussian rot
2026-05-05 23:27:08,639 | INFO | Scenario: scenario_2___nu=3 | n_rep: 460 | KDE model: t-student rot df=3
2026-05-05 23:27:09,299 | INFO | Scenario: scenario_2___nu=3 | n_rep: 461 | KDE model: gaussian rot
2026-05-05 23:27:09,810 | INFO | Scenario: scenario_2___nu=3 | n_rep: 461 | KDE model: t-student rot df=3
2026-05-05 23:27:10,327 | INFO | Scenario: scenario_2___nu=3 | n_rep: 462 | KDE model: gaussian rot
2026-05-05 23:27:10,789 | INFO | Scenario: scenario_2___nu=3 | n_rep: 462 | KDE model: t-student rot df=3
2026-05-05 23:27:11,251 | INFO | Scenario: scenario_2___nu=3 | n_rep: 463 | KDE model: gaussian rot
2026-05-05 23:27:11,627 | INFO | Scenario: scenario_2___nu=3 | n_rep: 463 | KDE model: t-student rot df=3
2026-05-05 23:27:12,001 | INFO | Scenario: scenario_2___nu=3 | n_rep: 464 | KDE model: gaussian rot
2026-05-05 23:27:12,506 | INFO | Scenario: scenario_2___nu=3 | n_rep: 464 | KDE model: t-student rot df=3
2026-05-05 23:27:12,968 | INFO | Scenario: scenario_2___nu=3 | n_rep: 465 | KDE model: gaussian rot
2026-05-05 23:27:13,400 | INFO | Scenario: scenario_2___nu=3 | n_rep: 465 | KDE model: t-student rot df=3
2026-05-05 23:27:13,836 | INFO | Scenario: scenario_2___nu=3 | n_rep: 466 | KDE model: gaussian rot
2026-05-05 23:27:14,311 | INFO | Scenario: scenario_2___nu=3 | n_rep: 466 | KDE model: t-student rot df=3
2026-05-05 23:27:14,721 | INFO | Scenario: scenario_2___nu=3 | n_rep: 467 | KDE model: gaussian rot
2026-05-05 23:27:15,182 | INFO | Scenario: scenario_2___nu=3 | n_rep: 467 | KDE model: t-student rot df=3
2026-05-05 23:27:15,607 | INFO | Scenario: scenario_2___nu=3 | n_rep: 468 | KDE model: gaussian rot
2026-05-05 23:27:16,362 | INFO | Scenario: scenario_2___nu=3 | n_rep: 468 | KDE model: t-student rot df=3
2026-05-05 23:27:17,041 | INFO | Scenario: scenario_2___nu=3 | n_rep: 469 | KDE model: gaussian rot
2026-05-05 23:27:17,468 | INFO | Scenario: scenario_2___nu=3 | n_rep: 469 | KDE model: t-student rot df=3
2026-05-05 23:27:17,917 | INFO | Scenario: scenario_2___nu=3 | n_rep: 470 | KDE model: gaussian rot
2026-05-05 23:27:18,617 | INFO | Scenario: scenario_2___nu=3 | n_rep: 470 | KDE model: t-student rot df=3
2026-05-05 23:27:19,342 | INFO | Scenario: scenario_2___nu=3 | n_rep: 471 | KDE model: gaussian rot
2026-05-05 23:27:19,741 | INFO | Scenario: scenario_2___nu=3 | n_rep: 471 | KDE model: t-student rot df=3
2026-05-05 23:27:20,114 | INFO | Scenario: scenario_2___nu=3 | n_rep: 472 | KDE model: gaussian rot
2026-05-05 23:27:20,742 | INFO | Scenario: scenario_2___nu=3 | n_rep: 472 | KDE model: t-student rot df=3
2026-05-05 23:27:21,392 | INFO | Scenario: scenario_2___nu=3 | n_rep: 473 | KDE model: gaussian rot
2026-05-05 23:27:21,878 | INFO | Scenario: scenario_2___nu=3 | n_rep: 473 | KDE model: t-student rot df=3
2026-05-05 23:27:22,227 | INFO | Scenario: scenario_2___nu=3 | n_rep: 474 | KDE model: gaussian rot
2026-05-05 23:27:22,755 | INFO | Scenario: scenario_2___nu=3 | n_rep: 474 | KDE model: t-student rot df=3
2026-05-05 23:27:23,338 | INFO | Scenario: scenario_2___nu=3 | n_rep: 475 | KDE model: gaussian rot
2026-05-05 23:27:23,980 | INFO | Scenario: scenario_2___nu=3 | n_rep: 475 | KDE model: t-student rot df=3
2026-05-05 23:27:24,432 | INFO | Scenario: scenario_2___nu=3 | n_rep: 476 | KDE model: gaussian rot
2026-05-05 23:27:24,809 | INFO | Scenario: scenario_2___nu=3 | n_rep: 476 | KDE model: t-student rot df=3
2026-05-05 23:27:25,287 | INFO | Scenario: scenario_2___nu=3 | n_rep: 477 | KDE model: gaussian rot
2026-05-05 23:27:25,737 | INFO | Scenario: scenario_2___nu=3 | n_rep: 477 | KDE model: t-student rot df=3
2026-05-05 23:27:26,170 | INFO | Scenario: scenario_2___nu=3 | n_rep: 478 | KDE model: gaussian rot
2026-05-05 23:27:26,839 | INFO | Scenario: scenario_2___nu=3 | n_rep: 478 | KDE model: t-student rot df=3
2026-05-05 23:27:27,346 | INFO | Scenario: scenario_2___nu=3 | n_rep: 479 | KDE model: gaussian rot
2026-05-05 23:27:27,887 | INFO | Scenario: scenario_2___nu=3 | n_rep: 479 | KDE model: t-student rot df=3
2026-05-05 23:27:28,409 | INFO | Scenario: scenario_2___nu=3 | n_rep: 480 | KDE model: gaussian rot
2026-05-05 23:27:29,294 | INFO | Scenario: scenario_2___nu=3 | n_rep: 480 | KDE model: t-student rot df=3
2026-05-05 23:27:30,229 | INFO | Scenario: scenario_2___nu=3 | n_rep: 481 | KDE model: gaussian rot
2026-05-05 23:27:30,599 | INFO | Scenario: scenario_2___nu=3 | n_rep: 481 | KDE model: t-student rot df=3
2026-05-05 23:27:30,944 | INFO | Scenario: scenario_2___nu=3 | n_rep: 482 | KDE model: gaussian rot
2026-05-05 23:27:31,412 | INFO | Scenario: scenario_2___nu=3 | n_rep: 482 | KDE model: t-student rot df=3
2026-05-05 23:27:31,882 | INFO | Scenario: scenario_2___nu=3 | n_rep: 483 | KDE model: gaussian rot
2026-05-05 23:27:32,322 | INFO | Scenario: scenario_2___nu=3 | n_rep: 483 | KDE model: t-student rot df=3
2026-05-05 23:27:32,751 | INFO | Scenario: scenario_2___nu=3 | n_rep: 484 | KDE model: gaussian rot
2026-05-05 23:27:33,410 | INFO | Scenario: scenario_2___nu=3 | n_rep: 484 | KDE model: t-student rot df=3
2026-05-05 23:27:33,933 | INFO | Scenario: scenario_2___nu=3 | n_rep: 485 | KDE model: gaussian rot
2026-05-05 23:27:34,370 | INFO | Scenario: scenario_2___nu=3 | n_rep: 485 | KDE model: t-student rot df=3
2026-05-05 23:27:34,724 | INFO | Scenario: scenario_2___nu=3 | n_rep: 486 | KDE model: gaussian rot
2026-05-05 23:27:35,489 | INFO | Scenario: scenario_2___nu=3 | n_rep: 486 | KDE model: t-student rot df=3
2026-05-05 23:27:36,313 | INFO | Scenario: scenario_2___nu=3 | n_rep: 487 | KDE model: gaussian rot
2026-05-05 23:27:36,778 | INFO | Scenario: scenario_2___nu=3 | n_rep: 487 | KDE model: t-student rot df=3
2026-05-05 23:27:37,175 | INFO | Scenario: scenario_2___nu=3 | n_rep: 488 | KDE model: gaussian rot
2026-05-05 23:27:37,759 | INFO | Scenario: scenario_2___nu=3 | n_rep: 488 | KDE model: t-student rot df=3
2026-05-05 23:27:38,369 | INFO | Scenario: scenario_2___nu=3 | n_rep: 489 | KDE model: gaussian rot
2026-05-05 23:27:38,800 | INFO | Scenario: scenario_2___nu=3 | n_rep: 489 | KDE model: t-student rot df=3
2026-05-05 23:27:39,270 | INFO | Scenario: scenario_2___nu=3 | n_rep: 490 | KDE model: gaussian rot
2026-05-05 23:27:39,664 | INFO | Scenario: scenario_2___nu=3 | n_rep: 490 | KDE model: t-student rot df=3
2026-05-05 23:27:40,028 | INFO | Scenario: scenario_2___nu=3 | n_rep: 491 | KDE model: gaussian rot
2026-05-05 23:27:40,404 | INFO | Scenario: scenario_2___nu=3 | n_rep: 491 | KDE model: t-student rot df=3
2026-05-05 23:27:40,866 | INFO | Scenario: scenario_2___nu=3 | n_rep: 492 | KDE model: gaussian rot
2026-05-05 23:27:41,281 | INFO | Scenario: scenario_2___nu=3 | n_rep: 492 | KDE model: t-student rot df=3
2026-05-05 23:27:41,723 | INFO | Scenario: scenario_2___nu=3 | n_rep: 493 | KDE model: gaussian rot
2026-05-05 23:27:42,454 | INFO | Scenario: scenario_2___nu=3 | n_rep: 493 | KDE model: t-student rot df=3
2026-05-05 23:27:43,207 | INFO | Scenario: scenario_2___nu=3 | n_rep: 494 | KDE model: gaussian rot
2026-05-05 23:27:43,725 | INFO | Scenario: scenario_2___nu=3 | n_rep: 494 | KDE model: t-student rot df=3
2026-05-05 23:27:44,246 | INFO | Scenario: scenario_2___nu=3 | n_rep: 495 | KDE model: gaussian rot
2026-05-05 23:27:44,726 | INFO | Scenario: scenario_2___nu=3 | n_rep: 495 | KDE model: t-student rot df=3
2026-05-05 23:27:45,163 | INFO | Scenario: scenario_2___nu=3 | n_rep: 496 | KDE model: gaussian rot
2026-05-05 23:27:46,253 | INFO | Scenario: scenario_2___nu=3 | n_rep: 496 | KDE model: t-student rot df=3
2026-05-05 23:27:46,683 | INFO | Scenario: scenario_2___nu=3 | n_rep: 497 | KDE model: gaussian rot
2026-05-05 23:27:47,121 | INFO | Scenario: scenario_2___nu=3 | n_rep: 497 | KDE model: t-student rot df=3
2026-05-05 23:27:47,579 | INFO | Scenario: scenario_2___nu=3 | n_rep: 498 | KDE model: gaussian rot
2026-05-05 23:27:48,343 | INFO | Scenario: scenario_2___nu=3 | n_rep: 498 | KDE model: t-student rot df=3
2026-05-05 23:27:49,164 | INFO | Scenario: scenario_2___nu=3 | n_rep: 499 | KDE model: gaussian rot
2026-05-05 23:27:49,708 | INFO | Scenario: scenario_2___nu=3 | n_rep: 499 | KDE model: t-student rot df=3
2026-05-05 23:27:50,408 | INFO | Scenario: scenario_2___nu=8 | n_rep: 0 | KDE model: gaussian rot
2026-05-05 23:27:50,959 | INFO | Scenario: scenario_2___nu=8 | n_rep: 0 | KDE model: t-student rot df=3
2026-05-05 23:27:51,460 | INFO | Scenario: scenario_2___nu=8 | n_rep: 1 | KDE model: gaussian rot
2026-05-05 23:27:51,828 | INFO | Scenario: scenario_2___nu=8 | n_rep: 1 | KDE model: t-student rot df=3
2026-05-05 23:27:52,173 | INFO | Scenario: scenario_2___nu=8 | n_rep: 2 | KDE model: gaussian rot
2026-05-05 23:27:52,667 | INFO | Scenario: scenario_2___nu=8 | n_rep: 2 | KDE model: t-student rot df=3
2026-05-05 23:27:53,098 | INFO | Scenario: scenario_2___nu=8 | n_rep: 3 | KDE model: gaussian rot
2026-05-05 23:27:53,551 | INFO | Scenario: scenario_2___nu=8 | n_rep: 3 | KDE model: t-student rot df=3
2026-05-05 23:27:53,986 | INFO | Scenario: scenario_2___nu=8 | n_rep: 4 | KDE model: gaussian rot
2026-05-05 23:27:54,755 | INFO | Scenario: scenario_2___nu=8 | n_rep: 4 | KDE model: t-student rot df=3
2026-05-05 23:27:55,615 | INFO | Scenario: scenario_2___nu=8 | n_rep: 5 | KDE model: gaussian rot
2026-05-05 23:27:56,434 | INFO | Scenario: scenario_2___nu=8 | n_rep: 5 | KDE model: t-student rot df=3
2026-05-05 23:27:57,509 | INFO | Scenario: scenario_2___nu=8 | n_rep: 6 | KDE model: gaussian rot
2026-05-05 23:27:58,018 | INFO | Scenario: scenario_2___nu=8 | n_rep: 6 | KDE model: t-student rot df=3
2026-05-05 23:27:58,456 | INFO | Scenario: scenario_2___nu=8 | n_rep: 7 | KDE model: gaussian rot
2026-05-05 23:27:58,910 | INFO | Scenario: scenario_2___nu=8 | n_rep: 7 | KDE model: t-student rot df=3
2026-05-05 23:27:59,347 | INFO | Scenario: scenario_2___nu=8 | n_rep: 8 | KDE model: gaussian rot
2026-05-05 23:27:59,773 | INFO | Scenario: scenario_2___nu=8 | n_rep: 8 | KDE model: t-student rot df=3
2026-05-05 23:28:00,184 | INFO | Scenario: scenario_2___nu=8 | n_rep: 9 | KDE model: gaussian rot
2026-05-05 23:28:00,595 | INFO | Scenario: scenario_2___nu=8 | n_rep: 9 | KDE model: t-student rot df=3
2026-05-05 23:28:00,998 | INFO | Scenario: scenario_2___nu=8 | n_rep: 10 | KDE model: gaussian rot
2026-05-05 23:28:01,797 | INFO | Scenario: scenario_2___nu=8 | n_rep: 10 | KDE model: t-student rot df=3
2026-05-05 23:28:02,559 | INFO | Scenario: scenario_2___nu=8 | n_rep: 11 | KDE model: gaussian rot
2026-05-05 23:28:03,443 | INFO | Scenario: scenario_2___nu=8 | n_rep: 11 | KDE model: t-student rot df=3
2026-05-05 23:28:03,955 | INFO | Scenario: scenario_2___nu=8 | n_rep: 12 | KDE model: gaussian rot
2026-05-05 23:28:04,981 | INFO | Scenario: scenario_2___nu=8 | n_rep: 12 | KDE model: t-student rot df=3
2026-05-05 23:28:05,377 | INFO | Scenario: scenario_2___nu=8 | n_rep: 13 | KDE model: gaussian rot
2026-05-05 23:28:05,879 | INFO | Scenario: scenario_2___nu=8 | n_rep: 13 | KDE model: t-student rot df=3
2026-05-05 23:28:06,336 | INFO | Scenario: scenario_2___nu=8 | n_rep: 14 | KDE model: gaussian rot
2026-05-05 23:28:06,788 | INFO | Scenario: scenario_2___nu=8 | n_rep: 14 | KDE model: t-student rot df=3
2026-05-05 23:28:07,236 | INFO | Scenario: scenario_2___nu=8 | n_rep: 15 | KDE model: gaussian rot
2026-05-05 23:28:07,727 | INFO | Scenario: scenario_2___nu=8 | n_rep: 15 | KDE model: t-student rot df=3
2026-05-05 23:28:08,194 | INFO | Scenario: scenario_2___nu=8 | n_rep: 16 | KDE model: gaussian rot
2026-05-05 23:28:09,246 | INFO | Scenario: scenario_2___nu=8 | n_rep: 16 | KDE model: t-student rot df=3
2026-05-05 23:28:09,739 | INFO | Scenario: scenario_2___nu=8 | n_rep: 17 | KDE model: gaussian rot
2026-05-05 23:28:10,184 | INFO | Scenario: scenario_2___nu=8 | n_rep: 17 | KDE model: t-student rot df=3
2026-05-05 23:28:10,631 | INFO | Scenario: scenario_2___nu=8 | n_rep: 18 | KDE model: gaussian rot
2026-05-05 23:28:10,984 | INFO | Scenario: scenario_2___nu=8 | n_rep: 18 | KDE model: t-student rot df=3
2026-05-05 23:28:11,388 | INFO | Scenario: scenario_2___nu=8 | n_rep: 19 | KDE model: gaussian rot
2026-05-05 23:28:11,832 | INFO | Scenario: scenario_2___nu=8 | n_rep: 19 | KDE model: t-student rot df=3
2026-05-05 23:28:12,237 | INFO | Scenario: scenario_2___nu=8 | n_rep: 20 | KDE model: gaussian rot
2026-05-05 23:28:12,721 | INFO | Scenario: scenario_2___nu=8 | n_rep: 20 | KDE model: t-student rot df=3
2026-05-05 23:28:13,176 | INFO | Scenario: scenario_2___nu=8 | n_rep: 21 | KDE model: gaussian rot
2026-05-05 23:28:13,520 | INFO | Scenario: scenario_2___nu=8 | n_rep: 21 | KDE model: t-student rot df=3
2026-05-05 23:28:13,940 | INFO | Scenario: scenario_2___nu=8 | n_rep: 22 | KDE model: gaussian rot
2026-05-05 23:28:14,473 | INFO | Scenario: scenario_2___nu=8 | n_rep: 22 | KDE model: t-student rot df=3
2026-05-05 23:28:14,993 | INFO | Scenario: scenario_2___nu=8 | n_rep: 23 | KDE model: gaussian rot
2026-05-05 23:28:15,599 | INFO | Scenario: scenario_2___nu=8 | n_rep: 23 | KDE model: t-student rot df=3
2026-05-05 23:28:16,312 | INFO | Scenario: scenario_2___nu=8 | n_rep: 24 | KDE model: gaussian rot
2026-05-05 23:28:16,793 | INFO | Scenario: scenario_2___nu=8 | n_rep: 24 | KDE model: t-student rot df=3
2026-05-05 23:28:17,272 | INFO | Scenario: scenario_2___nu=8 | n_rep: 25 | KDE model: gaussian rot
2026-05-05 23:28:17,677 | INFO | Scenario: scenario_2___nu=8 | n_rep: 25 | KDE model: t-student rot df=3
2026-05-05 23:28:18,092 | INFO | Scenario: scenario_2___nu=8 | n_rep: 26 | KDE model: gaussian rot
2026-05-05 23:28:18,528 | INFO | Scenario: scenario_2___nu=8 | n_rep: 26 | KDE model: t-student rot df=3
2026-05-05 23:28:18,961 | INFO | Scenario: scenario_2___nu=8 | n_rep: 27 | KDE model: gaussian rot
2026-05-05 23:28:19,437 | INFO | Scenario: scenario_2___nu=8 | n_rep: 27 | KDE model: t-student rot df=3
2026-05-05 23:28:20,239 | INFO | Scenario: scenario_2___nu=8 | n_rep: 28 | KDE model: gaussian rot
2026-05-05 23:28:20,766 | INFO | Scenario: scenario_2___nu=8 | n_rep: 28 | KDE model: t-student rot df=3
2026-05-05 23:28:21,382 | INFO | Scenario: scenario_2___nu=8 | n_rep: 29 | KDE model: gaussian rot
2026-05-05 23:28:21,976 | INFO | Scenario: scenario_2___nu=8 | n_rep: 29 | KDE model: t-student rot df=3
2026-05-05 23:28:22,559 | INFO | Scenario: scenario_2___nu=8 | n_rep: 30 | KDE model: gaussian rot
2026-05-05 23:28:23,028 | INFO | Scenario: scenario_2___nu=8 | n_rep: 30 | KDE model: t-student rot df=3
2026-05-05 23:28:23,434 | INFO | Scenario: scenario_2___nu=8 | n_rep: 31 | KDE model: gaussian rot
2026-05-05 23:28:23,886 | INFO | Scenario: scenario_2___nu=8 | n_rep: 31 | KDE model: t-student rot df=3
2026-05-05 23:28:24,307 | INFO | Scenario: scenario_2___nu=8 | n_rep: 32 | KDE model: gaussian rot
2026-05-05 23:28:24,785 | INFO | Scenario: scenario_2___nu=8 | n_rep: 32 | KDE model: t-student rot df=3
2026-05-05 23:28:25,177 | INFO | Scenario: scenario_2___nu=8 | n_rep: 33 | KDE model: gaussian rot
2026-05-05 23:28:25,615 | INFO | Scenario: scenario_2___nu=8 | n_rep: 33 | KDE model: t-student rot df=3
2026-05-05 23:28:26,027 | INFO | Scenario: scenario_2___nu=8 | n_rep: 34 | KDE model: gaussian rot
2026-05-05 23:28:26,432 | INFO | Scenario: scenario_2___nu=8 | n_rep: 34 | KDE model: t-student rot df=3
2026-05-05 23:28:26,809 | INFO | Scenario: scenario_2___nu=8 | n_rep: 35 | KDE model: gaussian rot
2026-05-05 23:28:27,236 | INFO | Scenario: scenario_2___nu=8 | n_rep: 35 | KDE model: t-student rot df=3
2026-05-05 23:28:27,653 | INFO | Scenario: scenario_2___nu=8 | n_rep: 36 | KDE model: gaussian rot
2026-05-05 23:28:28,009 | INFO | Scenario: scenario_2___nu=8 | n_rep: 36 | KDE model: t-student rot df=3
2026-05-05 23:28:28,621 | INFO | Scenario: scenario_2___nu=8 | n_rep: 37 | KDE model: gaussian rot
2026-05-05 23:28:29,052 | INFO | Scenario: scenario_2___nu=8 | n_rep: 37 | KDE model: t-student rot df=3
2026-05-05 23:28:29,500 | INFO | Scenario: scenario_2___nu=8 | n_rep: 38 | KDE model: gaussian rot
2026-05-05 23:28:30,033 | INFO | Scenario: scenario_2___nu=8 | n_rep: 38 | KDE model: t-student rot df=3
2026-05-05 23:28:30,407 | INFO | Scenario: scenario_2___nu=8 | n_rep: 39 | KDE model: gaussian rot
2026-05-05 23:28:30,789 | INFO | Scenario: scenario_2___nu=8 | n_rep: 39 | KDE model: t-student rot df=3
2026-05-05 23:28:31,174 | INFO | Scenario: scenario_2___nu=8 | n_rep: 40 | KDE model: gaussian rot
2026-05-05 23:28:31,898 | INFO | Scenario: scenario_2___nu=8 | n_rep: 40 | KDE model: t-student rot df=3
2026-05-05 23:28:32,409 | INFO | Scenario: scenario_2___nu=8 | n_rep: 41 | KDE model: gaussian rot
2026-05-05 23:28:32,863 | INFO | Scenario: scenario_2___nu=8 | n_rep: 41 | KDE model: t-student rot df=3
2026-05-05 23:28:33,338 | INFO | Scenario: scenario_2___nu=8 | n_rep: 42 | KDE model: gaussian rot
2026-05-05 23:28:33,889 | INFO | Scenario: scenario_2___nu=8 | n_rep: 42 | KDE model: t-student rot df=3
2026-05-05 23:28:34,515 | INFO | Scenario: scenario_2___nu=8 | n_rep: 43 | KDE model: gaussian rot
2026-05-05 23:28:35,060 | INFO | Scenario: scenario_2___nu=8 | n_rep: 43 | KDE model: t-student rot df=3
2026-05-05 23:28:35,508 | INFO | Scenario: scenario_2___nu=8 | n_rep: 44 | KDE model: gaussian rot
2026-05-05 23:28:35,990 | INFO | Scenario: scenario_2___nu=8 | n_rep: 44 | KDE model: t-student rot df=3
2026-05-05 23:28:36,471 | INFO | Scenario: scenario_2___nu=8 | n_rep: 45 | KDE model: gaussian rot
2026-05-05 23:28:36,895 | INFO | Scenario: scenario_2___nu=8 | n_rep: 45 | KDE model: t-student rot df=3
2026-05-05 23:28:37,320 | INFO | Scenario: scenario_2___nu=8 | n_rep: 46 | KDE model: gaussian rot
2026-05-05 23:28:37,962 | INFO | Scenario: scenario_2___nu=8 | n_rep: 46 | KDE model: t-student rot df=3
2026-05-05 23:28:38,533 | INFO | Scenario: scenario_2___nu=8 | n_rep: 47 | KDE model: gaussian rot
2026-05-05 23:28:38,964 | INFO | Scenario: scenario_2___nu=8 | n_rep: 47 | KDE model: t-student rot df=3
2026-05-05 23:28:39,361 | INFO | Scenario: scenario_2___nu=8 | n_rep: 48 | KDE model: gaussian rot
2026-05-05 23:28:39,779 | INFO | Scenario: scenario_2___nu=8 | n_rep: 48 | KDE model: t-student rot df=3
2026-05-05 23:28:40,176 | INFO | Scenario: scenario_2___nu=8 | n_rep: 49 | KDE model: gaussian rot
2026-05-05 23:28:40,754 | INFO | Scenario: scenario_2___nu=8 | n_rep: 49 | KDE model: t-student rot df=3
2026-05-05 23:28:41,349 | INFO | Scenario: scenario_2___nu=8 | n_rep: 50 | KDE model: gaussian rot
2026-05-05 23:28:41,719 | INFO | Scenario: scenario_2___nu=8 | n_rep: 50 | KDE model: t-student rot df=3
2026-05-05 23:28:42,094 | INFO | Scenario: scenario_2___nu=8 | n_rep: 51 | KDE model: gaussian rot
2026-05-05 23:28:42,555 | INFO | Scenario: scenario_2___nu=8 | n_rep: 51 | KDE model: t-student rot df=3
2026-05-05 23:28:42,950 | INFO | Scenario: scenario_2___nu=8 | n_rep: 52 | KDE model: gaussian rot
2026-05-05 23:28:43,504 | INFO | Scenario: scenario_2___nu=8 | n_rep: 52 | KDE model: t-student rot df=3
2026-05-05 23:28:44,206 | INFO | Scenario: scenario_2___nu=8 | n_rep: 53 | KDE model: gaussian rot
2026-05-05 23:28:44,804 | INFO | Scenario: scenario_2___nu=8 | n_rep: 53 | KDE model: t-student rot df=3
2026-05-05 23:28:45,384 | INFO | Scenario: scenario_2___nu=8 | n_rep: 54 | KDE model: gaussian rot
2026-05-05 23:28:45,807 | INFO | Scenario: scenario_2___nu=8 | n_rep: 54 | KDE model: t-student rot df=3
2026-05-05 23:28:46,243 | INFO | Scenario: scenario_2___nu=8 | n_rep: 55 | KDE model: gaussian rot
2026-05-05 23:28:46,728 | INFO | Scenario: scenario_2___nu=8 | n_rep: 55 | KDE model: t-student rot df=3
2026-05-05 23:28:47,151 | INFO | Scenario: scenario_2___nu=8 | n_rep: 56 | KDE model: gaussian rot
2026-05-05 23:28:47,557 | INFO | Scenario: scenario_2___nu=8 | n_rep: 56 | KDE model: t-student rot df=3
2026-05-05 23:28:47,952 | INFO | Scenario: scenario_2___nu=8 | n_rep: 57 | KDE model: gaussian rot
2026-05-05 23:28:48,379 | INFO | Scenario: scenario_2___nu=8 | n_rep: 57 | KDE model: t-student rot df=3
2026-05-05 23:28:48,838 | INFO | Scenario: scenario_2___nu=8 | n_rep: 58 | KDE model: gaussian rot
2026-05-05 23:28:49,278 | INFO | Scenario: scenario_2___nu=8 | n_rep: 58 | KDE model: t-student rot df=3
2026-05-05 23:28:49,685 | INFO | Scenario: scenario_2___nu=8 | n_rep: 59 | KDE model: gaussian rot
2026-05-05 23:28:50,761 | INFO | Scenario: scenario_2___nu=8 | n_rep: 59 | KDE model: t-student rot df=3
2026-05-05 23:28:51,928 | INFO | Scenario: scenario_2___nu=8 | n_rep: 60 | KDE model: gaussian rot
2026-05-05 23:28:52,454 | INFO | Scenario: scenario_2___nu=8 | n_rep: 60 | KDE model: t-student rot df=3
2026-05-05 23:28:52,905 | INFO | Scenario: scenario_2___nu=8 | n_rep: 61 | KDE model: gaussian rot
2026-05-05 23:28:53,166 | INFO | Scenario: scenario_2___nu=8 | n_rep: 61 | KDE model: t-student rot df=3
2026-05-05 23:28:53,400 | INFO | Scenario: scenario_2___nu=8 | n_rep: 62 | KDE model: gaussian rot
2026-05-05 23:28:54,220 | INFO | Scenario: scenario_2___nu=8 | n_rep: 62 | KDE model: t-student rot df=3
2026-05-05 23:28:55,047 | INFO | Scenario: scenario_2___nu=8 | n_rep: 63 | KDE model: gaussian rot
2026-05-05 23:28:55,780 | INFO | Scenario: scenario_2___nu=8 | n_rep: 63 | KDE model: t-student rot df=3
2026-05-05 23:28:56,329 | INFO | Scenario: scenario_2___nu=8 | n_rep: 64 | KDE model: gaussian rot
2026-05-05 23:28:56,751 | INFO | Scenario: scenario_2___nu=8 | n_rep: 64 | KDE model: t-student rot df=3
2026-05-05 23:28:57,149 | INFO | Scenario: scenario_2___nu=8 | n_rep: 65 | KDE model: gaussian rot
2026-05-05 23:28:57,703 | INFO | Scenario: scenario_2___nu=8 | n_rep: 65 | KDE model: t-student rot df=3
2026-05-05 23:28:58,221 | INFO | Scenario: scenario_2___nu=8 | n_rep: 66 | KDE model: gaussian rot
2026-05-05 23:28:58,628 | INFO | Scenario: scenario_2___nu=8 | n_rep: 66 | KDE model: t-student rot df=3
2026-05-05 23:28:59,085 | INFO | Scenario: scenario_2___nu=8 | n_rep: 67 | KDE model: gaussian rot
2026-05-05 23:28:59,567 | INFO | Scenario: scenario_2___nu=8 | n_rep: 67 | KDE model: t-student rot df=3
2026-05-05 23:28:59,999 | INFO | Scenario: scenario_2___nu=8 | n_rep: 68 | KDE model: gaussian rot
2026-05-05 23:29:00,616 | INFO | Scenario: scenario_2___nu=8 | n_rep: 68 | KDE model: t-student rot df=3
2026-05-05 23:29:01,174 | INFO | Scenario: scenario_2___nu=8 | n_rep: 69 | KDE model: gaussian rot
2026-05-05 23:29:01,653 | INFO | Scenario: scenario_2___nu=8 | n_rep: 69 | KDE model: t-student rot df=3
2026-05-05 23:29:02,452 | INFO | Scenario: scenario_2___nu=8 | n_rep: 70 | KDE model: gaussian rot
2026-05-05 23:29:02,838 | INFO | Scenario: scenario_2___nu=8 | n_rep: 70 | KDE model: t-student rot df=3
2026-05-05 23:29:03,222 | INFO | Scenario: scenario_2___nu=8 | n_rep: 71 | KDE model: gaussian rot
2026-05-05 23:29:03,770 | INFO | Scenario: scenario_2___nu=8 | n_rep: 71 | KDE model: t-student rot df=3
2026-05-05 23:29:04,242 | INFO | Scenario: scenario_2___nu=8 | n_rep: 72 | KDE model: gaussian rot
2026-05-05 23:29:05,041 | INFO | Scenario: scenario_2___nu=8 | n_rep: 72 | KDE model: t-student rot df=3
2026-05-05 23:29:05,860 | INFO | Scenario: scenario_2___nu=8 | n_rep: 73 | KDE model: gaussian rot
2026-05-05 23:29:06,421 | INFO | Scenario: scenario_2___nu=8 | n_rep: 73 | KDE model: t-student rot df=3
2026-05-05 23:29:06,885 | INFO | Scenario: scenario_2___nu=8 | n_rep: 74 | KDE model: gaussian rot
2026-05-05 23:29:07,327 | INFO | Scenario: scenario_2___nu=8 | n_rep: 74 | KDE model: t-student rot df=3
2026-05-05 23:29:07,786 | INFO | Scenario: scenario_2___nu=8 | n_rep: 75 | KDE model: gaussian rot
2026-05-05 23:29:08,351 | INFO | Scenario: scenario_2___nu=8 | n_rep: 75 | KDE model: t-student rot df=3
2026-05-05 23:29:08,889 | INFO | Scenario: scenario_2___nu=8 | n_rep: 76 | KDE model: gaussian rot
2026-05-05 23:29:09,350 | INFO | Scenario: scenario_2___nu=8 | n_rep: 76 | KDE model: t-student rot df=3
2026-05-05 23:29:09,793 | INFO | Scenario: scenario_2___nu=8 | n_rep: 77 | KDE model: gaussian rot
2026-05-05 23:29:10,251 | INFO | Scenario: scenario_2___nu=8 | n_rep: 77 | KDE model: t-student rot df=3
2026-05-05 23:29:10,674 | INFO | Scenario: scenario_2___nu=8 | n_rep: 78 | KDE model: gaussian rot
2026-05-05 23:29:11,042 | INFO | Scenario: scenario_2___nu=8 | n_rep: 78 | KDE model: t-student rot df=3
2026-05-05 23:29:11,454 | INFO | Scenario: scenario_2___nu=8 | n_rep: 79 | KDE model: gaussian rot
2026-05-05 23:29:11,901 | INFO | Scenario: scenario_2___nu=8 | n_rep: 79 | KDE model: t-student rot df=3
2026-05-05 23:29:12,350 | INFO | Scenario: scenario_2___nu=8 | n_rep: 80 | KDE model: gaussian rot
2026-05-05 23:29:12,822 | INFO | Scenario: scenario_2___nu=8 | n_rep: 80 | KDE model: t-student rot df=3
2026-05-05 23:29:13,114 | INFO | Scenario: scenario_2___nu=8 | n_rep: 81 | KDE model: gaussian rot
2026-05-05 23:29:13,507 | INFO | Scenario: scenario_2___nu=8 | n_rep: 81 | KDE model: t-student rot df=3
2026-05-05 23:29:13,850 | INFO | Scenario: scenario_2___nu=8 | n_rep: 82 | KDE model: gaussian rot
2026-05-05 23:29:14,407 | INFO | Scenario: scenario_2___nu=8 | n_rep: 82 | KDE model: t-student rot df=3
2026-05-05 23:29:14,883 | INFO | Scenario: scenario_2___nu=8 | n_rep: 83 | KDE model: gaussian rot
2026-05-05 23:29:15,292 | INFO | Scenario: scenario_2___nu=8 | n_rep: 83 | KDE model: t-student rot df=3
2026-05-05 23:29:15,675 | INFO | Scenario: scenario_2___nu=8 | n_rep: 84 | KDE model: gaussian rot
2026-05-05 23:29:16,171 | INFO | Scenario: scenario_2___nu=8 | n_rep: 84 | KDE model: t-student rot df=3
2026-05-05 23:29:16,668 | INFO | Scenario: scenario_2___nu=8 | n_rep: 85 | KDE model: gaussian rot
2026-05-05 23:29:17,119 | INFO | Scenario: scenario_2___nu=8 | n_rep: 85 | KDE model: t-student rot df=3
2026-05-05 23:29:17,492 | INFO | Scenario: scenario_2___nu=8 | n_rep: 86 | KDE model: gaussian rot
2026-05-05 23:29:18,103 | INFO | Scenario: scenario_2___nu=8 | n_rep: 86 | KDE model: t-student rot df=3
2026-05-05 23:29:18,838 | INFO | Scenario: scenario_2___nu=8 | n_rep: 87 | KDE model: gaussian rot
2026-05-05 23:29:19,281 | INFO | Scenario: scenario_2___nu=8 | n_rep: 87 | KDE model: t-student rot df=3
2026-05-05 23:29:19,686 | INFO | Scenario: scenario_2___nu=8 | n_rep: 88 | KDE model: gaussian rot
2026-05-05 23:29:20,099 | INFO | Scenario: scenario_2___nu=8 | n_rep: 88 | KDE model: t-student rot df=3
2026-05-05 23:29:20,773 | INFO | Scenario: scenario_2___nu=8 | n_rep: 89 | KDE model: gaussian rot
2026-05-05 23:29:21,445 | INFO | Scenario: scenario_2___nu=8 | n_rep: 89 | KDE model: t-student rot df=3
2026-05-05 23:29:22,179 | INFO | Scenario: scenario_2___nu=8 | n_rep: 90 | KDE model: gaussian rot
2026-05-05 23:29:22,764 | INFO | Scenario: scenario_2___nu=8 | n_rep: 90 | KDE model: t-student rot df=3
2026-05-05 23:29:23,230 | INFO | Scenario: scenario_2___nu=8 | n_rep: 91 | KDE model: gaussian rot
2026-05-05 23:29:23,816 | INFO | Scenario: scenario_2___nu=8 | n_rep: 91 | KDE model: t-student rot df=3
2026-05-05 23:29:24,304 | INFO | Scenario: scenario_2___nu=8 | n_rep: 92 | KDE model: gaussian rot
2026-05-05 23:29:25,017 | INFO | Scenario: scenario_2___nu=8 | n_rep: 92 | KDE model: t-student rot df=3
2026-05-05 23:29:25,903 | INFO | Scenario: scenario_2___nu=8 | n_rep: 93 | KDE model: gaussian rot
2026-05-05 23:29:26,405 | INFO | Scenario: scenario_2___nu=8 | n_rep: 93 | KDE model: t-student rot df=3
2026-05-05 23:29:26,872 | INFO | Scenario: scenario_2___nu=8 | n_rep: 94 | KDE model: gaussian rot
2026-05-05 23:29:28,493 | INFO | Scenario: scenario_2___nu=8 | n_rep: 94 | KDE model: t-student rot df=3
2026-05-05 23:29:29,518 | INFO | Scenario: scenario_2___nu=8 | n_rep: 95 | KDE model: gaussian rot
2026-05-05 23:29:30,258 | INFO | Scenario: scenario_2___nu=8 | n_rep: 95 | KDE model: t-student rot df=3
2026-05-05 23:29:30,631 | INFO | Scenario: scenario_2___nu=8 | n_rep: 96 | KDE model: gaussian rot
2026-05-05 23:29:31,106 | INFO | Scenario: scenario_2___nu=8 | n_rep: 96 | KDE model: t-student rot df=3
2026-05-05 23:29:31,612 | INFO | Scenario: scenario_2___nu=8 | n_rep: 97 | KDE model: gaussian rot
2026-05-05 23:29:32,154 | INFO | Scenario: scenario_2___nu=8 | n_rep: 97 | KDE model: t-student rot df=3
2026-05-05 23:29:32,718 | INFO | Scenario: scenario_2___nu=8 | n_rep: 98 | KDE model: gaussian rot
2026-05-05 23:29:33,215 | INFO | Scenario: scenario_2___nu=8 | n_rep: 98 | KDE model: t-student rot df=3
2026-05-05 23:29:33,698 | INFO | Scenario: scenario_2___nu=8 | n_rep: 99 | KDE model: gaussian rot
2026-05-05 23:29:34,190 | INFO | Scenario: scenario_2___nu=8 | n_rep: 99 | KDE model: t-student rot df=3
2026-05-05 23:29:34,812 | INFO | Scenario: scenario_2___nu=8 | n_rep: 100 | KDE model: gaussian rot
2026-05-05 23:29:35,319 | INFO | Scenario: scenario_2___nu=8 | n_rep: 100 | KDE model: t-student rot df=3
2026-05-05 23:29:35,830 | INFO | Scenario: scenario_2___nu=8 | n_rep: 101 | KDE model: gaussian rot
2026-05-05 23:29:36,307 | INFO | Scenario: scenario_2___nu=8 | n_rep: 101 | KDE model: t-student rot df=3
2026-05-05 23:29:36,743 | INFO | Scenario: scenario_2___nu=8 | n_rep: 102 | KDE model: gaussian rot
2026-05-05 23:29:37,121 | INFO | Scenario: scenario_2___nu=8 | n_rep: 102 | KDE model: t-student rot df=3
2026-05-05 23:29:37,493 | INFO | Scenario: scenario_2___nu=8 | n_rep: 103 | KDE model: gaussian rot
2026-05-05 23:29:37,983 | INFO | Scenario: scenario_2___nu=8 | n_rep: 103 | KDE model: t-student rot df=3
2026-05-05 23:29:38,436 | INFO | Scenario: scenario_2___nu=8 | n_rep: 104 | KDE model: gaussian rot
2026-05-05 23:29:39,033 | INFO | Scenario: scenario_2___nu=8 | n_rep: 104 | KDE model: t-student rot df=3
2026-05-05 23:29:39,662 | INFO | Scenario: scenario_2___nu=8 | n_rep: 105 | KDE model: gaussian rot
2026-05-05 23:29:40,110 | INFO | Scenario: scenario_2___nu=8 | n_rep: 105 | KDE model: t-student rot df=3
2026-05-05 23:29:40,588 | INFO | Scenario: scenario_2___nu=8 | n_rep: 106 | KDE model: gaussian rot
2026-05-05 23:29:41,021 | INFO | Scenario: scenario_2___nu=8 | n_rep: 106 | KDE model: t-student rot df=3
2026-05-05 23:29:41,433 | INFO | Scenario: scenario_2___nu=8 | n_rep: 107 | KDE model: gaussian rot
2026-05-05 23:29:41,870 | INFO | Scenario: scenario_2___nu=8 | n_rep: 107 | KDE model: t-student rot df=3
2026-05-05 23:29:42,326 | INFO | Scenario: scenario_2___nu=8 | n_rep: 108 | KDE model: gaussian rot
2026-05-05 23:29:42,881 | INFO | Scenario: scenario_2___nu=8 | n_rep: 108 | KDE model: t-student rot df=3
2026-05-05 23:29:43,303 | INFO | Scenario: scenario_2___nu=8 | n_rep: 109 | KDE model: gaussian rot
2026-05-05 23:29:44,044 | INFO | Scenario: scenario_2___nu=8 | n_rep: 109 | KDE model: t-student rot df=3
2026-05-05 23:29:45,066 | INFO | Scenario: scenario_2___nu=8 | n_rep: 110 | KDE model: gaussian rot
2026-05-05 23:29:45,617 | INFO | Scenario: scenario_2___nu=8 | n_rep: 110 | KDE model: t-student rot df=3
2026-05-05 23:29:46,247 | INFO | Scenario: scenario_2___nu=8 | n_rep: 111 | KDE model: gaussian rot
2026-05-05 23:29:46,911 | INFO | Scenario: scenario_2___nu=8 | n_rep: 111 | KDE model: t-student rot df=3
2026-05-05 23:29:48,030 | INFO | Scenario: scenario_2___nu=8 | n_rep: 112 | KDE model: gaussian rot
2026-05-05 23:29:48,527 | INFO | Scenario: scenario_2___nu=8 | n_rep: 112 | KDE model: t-student rot df=3
2026-05-05 23:29:49,006 | INFO | Scenario: scenario_2___nu=8 | n_rep: 113 | KDE model: gaussian rot
2026-05-05 23:29:49,605 | INFO | Scenario: scenario_2___nu=8 | n_rep: 113 | KDE model: t-student rot df=3
2026-05-05 23:29:50,190 | INFO | Scenario: scenario_2___nu=8 | n_rep: 114 | KDE model: gaussian rot
2026-05-05 23:29:50,665 | INFO | Scenario: scenario_2___nu=8 | n_rep: 114 | KDE model: t-student rot df=3
2026-05-05 23:29:51,174 | INFO | Scenario: scenario_2___nu=8 | n_rep: 115 | KDE model: gaussian rot
2026-05-05 23:29:51,604 | INFO | Scenario: scenario_2___nu=8 | n_rep: 115 | KDE model: t-student rot df=3
2026-05-05 23:29:52,016 | INFO | Scenario: scenario_2___nu=8 | n_rep: 116 | KDE model: gaussian rot
2026-05-05 23:29:52,457 | INFO | Scenario: scenario_2___nu=8 | n_rep: 116 | KDE model: t-student rot df=3
2026-05-05 23:29:52,893 | INFO | Scenario: scenario_2___nu=8 | n_rep: 117 | KDE model: gaussian rot
2026-05-05 23:29:53,579 | INFO | Scenario: scenario_2___nu=8 | n_rep: 117 | KDE model: t-student rot df=3
2026-05-05 23:29:54,047 | INFO | Scenario: scenario_2___nu=8 | n_rep: 118 | KDE model: gaussian rot
2026-05-05 23:29:54,464 | INFO | Scenario: scenario_2___nu=8 | n_rep: 118 | KDE model: t-student rot df=3
2026-05-05 23:29:54,951 | INFO | Scenario: scenario_2___nu=8 | n_rep: 119 | KDE model: gaussian rot
2026-05-05 23:29:55,726 | INFO | Scenario: scenario_2___nu=8 | n_rep: 119 | KDE model: t-student rot df=3
2026-05-05 23:29:56,428 | INFO | Scenario: scenario_2___nu=8 | n_rep: 120 | KDE model: gaussian rot
2026-05-05 23:29:56,880 | INFO | Scenario: scenario_2___nu=8 | n_rep: 120 | KDE model: t-student rot df=3
2026-05-05 23:29:57,411 | INFO | Scenario: scenario_2___nu=8 | n_rep: 121 | KDE model: gaussian rot
2026-05-05 23:29:58,193 | INFO | Scenario: scenario_2___nu=8 | n_rep: 121 | KDE model: t-student rot df=3
2026-05-05 23:29:59,196 | INFO | Scenario: scenario_2___nu=8 | n_rep: 122 | KDE model: gaussian rot
2026-05-05 23:29:59,689 | INFO | Scenario: scenario_2___nu=8 | n_rep: 122 | KDE model: t-student rot df=3
2026-05-05 23:30:00,089 | INFO | Scenario: scenario_2___nu=8 | n_rep: 123 | KDE model: gaussian rot
2026-05-05 23:30:00,494 | INFO | Scenario: scenario_2___nu=8 | n_rep: 123 | KDE model: t-student rot df=3
2026-05-05 23:30:00,856 | INFO | Scenario: scenario_2___nu=8 | n_rep: 124 | KDE model: gaussian rot
2026-05-05 23:30:01,524 | INFO | Scenario: scenario_2___nu=8 | n_rep: 124 | KDE model: t-student rot df=3
2026-05-05 23:30:02,225 | INFO | Scenario: scenario_2___nu=8 | n_rep: 125 | KDE model: gaussian rot
2026-05-05 23:30:02,691 | INFO | Scenario: scenario_2___nu=8 | n_rep: 125 | KDE model: t-student rot df=3
2026-05-05 23:30:03,098 | INFO | Scenario: scenario_2___nu=8 | n_rep: 126 | KDE model: gaussian rot
2026-05-05 23:30:03,492 | INFO | Scenario: scenario_2___nu=8 | n_rep: 126 | KDE model: t-student rot df=3
2026-05-05 23:30:03,901 | INFO | Scenario: scenario_2___nu=8 | n_rep: 127 | KDE model: gaussian rot
2026-05-05 23:30:04,318 | INFO | Scenario: scenario_2___nu=8 | n_rep: 127 | KDE model: t-student rot df=3
2026-05-05 23:30:04,752 | INFO | Scenario: scenario_2___nu=8 | n_rep: 128 | KDE model: gaussian rot
2026-05-05 23:30:05,157 | INFO | Scenario: scenario_2___nu=8 | n_rep: 128 | KDE model: t-student rot df=3
2026-05-05 23:30:05,857 | INFO | Scenario: scenario_2___nu=8 | n_rep: 129 | KDE model: gaussian rot
2026-05-05 23:30:06,460 | INFO | Scenario: scenario_2___nu=8 | n_rep: 129 | KDE model: t-student rot df=3
2026-05-05 23:30:07,164 | INFO | Scenario: scenario_2___nu=8 | n_rep: 130 | KDE model: gaussian rot
2026-05-05 23:30:07,592 | INFO | Scenario: scenario_2___nu=8 | n_rep: 130 | KDE model: t-student rot df=3
2026-05-05 23:30:08,072 | INFO | Scenario: scenario_2___nu=8 | n_rep: 131 | KDE model: gaussian rot
2026-05-05 23:30:08,781 | INFO | Scenario: scenario_2___nu=8 | n_rep: 131 | KDE model: t-student rot df=3
2026-05-05 23:30:09,376 | INFO | Scenario: scenario_2___nu=8 | n_rep: 132 | KDE model: gaussian rot
2026-05-05 23:30:09,767 | INFO | Scenario: scenario_2___nu=8 | n_rep: 132 | KDE model: t-student rot df=3
2026-05-05 23:30:10,111 | INFO | Scenario: scenario_2___nu=8 | n_rep: 133 | KDE model: gaussian rot
2026-05-05 23:30:10,795 | INFO | Scenario: scenario_2___nu=8 | n_rep: 133 | KDE model: t-student rot df=3
2026-05-05 23:30:11,336 | INFO | Scenario: scenario_2___nu=8 | n_rep: 134 | KDE model: gaussian rot
2026-05-05 23:30:11,749 | INFO | Scenario: scenario_2___nu=8 | n_rep: 134 | KDE model: t-student rot df=3
2026-05-05 23:30:12,148 | INFO | Scenario: scenario_2___nu=8 | n_rep: 135 | KDE model: gaussian rot
2026-05-05 23:30:12,537 | INFO | Scenario: scenario_2___nu=8 | n_rep: 135 | KDE model: t-student rot df=3
2026-05-05 23:30:12,952 | INFO | Scenario: scenario_2___nu=8 | n_rep: 136 | KDE model: gaussian rot
2026-05-05 23:30:13,370 | INFO | Scenario: scenario_2___nu=8 | n_rep: 136 | KDE model: t-student rot df=3
2026-05-05 23:30:13,786 | INFO | Scenario: scenario_2___nu=8 | n_rep: 137 | KDE model: gaussian rot
2026-05-05 23:30:14,421 | INFO | Scenario: scenario_2___nu=8 | n_rep: 137 | KDE model: t-student rot df=3
2026-05-05 23:30:14,733 | INFO | Scenario: scenario_2___nu=8 | n_rep: 138 | KDE model: gaussian rot
2026-05-05 23:30:15,115 | INFO | Scenario: scenario_2___nu=8 | n_rep: 138 | KDE model: t-student rot df=3
2026-05-05 23:30:15,522 | INFO | Scenario: scenario_2___nu=8 | n_rep: 139 | KDE model: gaussian rot
2026-05-05 23:30:16,195 | INFO | Scenario: scenario_2___nu=8 | n_rep: 139 | KDE model: t-student rot df=3
2026-05-05 23:30:16,775 | INFO | Scenario: scenario_2___nu=8 | n_rep: 140 | KDE model: gaussian rot
2026-05-05 23:30:17,993 | INFO | Scenario: scenario_2___nu=8 | n_rep: 140 | KDE model: t-student rot df=3
2026-05-05 23:30:19,337 | INFO | Scenario: scenario_2___nu=8 | n_rep: 141 | KDE model: gaussian rot
2026-05-05 23:30:19,915 | INFO | Scenario: scenario_2___nu=8 | n_rep: 141 | KDE model: t-student rot df=3
2026-05-05 23:30:20,402 | INFO | Scenario: scenario_2___nu=8 | n_rep: 142 | KDE model: gaussian rot
2026-05-05 23:30:21,412 | INFO | Scenario: scenario_2___nu=8 | n_rep: 142 | KDE model: t-student rot df=3
2026-05-05 23:30:22,044 | INFO | Scenario: scenario_2___nu=8 | n_rep: 143 | KDE model: gaussian rot
2026-05-05 23:30:22,505 | INFO | Scenario: scenario_2___nu=8 | n_rep: 143 | KDE model: t-student rot df=3
2026-05-05 23:30:23,508 | INFO | Scenario: scenario_2___nu=8 | n_rep: 144 | KDE model: gaussian rot
2026-05-05 23:30:23,927 | INFO | Scenario: scenario_2___nu=8 | n_rep: 144 | KDE model: t-student rot df=3
2026-05-05 23:30:24,355 | INFO | Scenario: scenario_2___nu=8 | n_rep: 145 | KDE model: gaussian rot
2026-05-05 23:30:25,001 | INFO | Scenario: scenario_2___nu=8 | n_rep: 145 | KDE model: t-student rot df=3
2026-05-05 23:30:25,724 | INFO | Scenario: scenario_2___nu=8 | n_rep: 146 | KDE model: gaussian rot
2026-05-05 23:40:47,789 | INFO | 
Initiating cross validation...
2026-05-05 23:40:47,797 | INFO | Scenario: scenario_2___nu=3 | n_rep: 0 | KDE model: gaussian rot
2026-05-05 23:40:48,417 | INFO | Scenario: scenario_2___nu=3 | n_rep: 0 | KDE model: t-student rot df=3
2026-05-05 23:40:49,070 | INFO | Scenario: scenario_2___nu=3 | n_rep: 1 | KDE model: gaussian rot
2026-05-05 23:40:49,499 | INFO | Scenario: scenario_2___nu=3 | n_rep: 1 | KDE model: t-student rot df=3
2026-05-05 23:40:49,918 | INFO | Scenario: scenario_2___nu=3 | n_rep: 2 | KDE model: gaussian rot
2026-05-05 23:40:50,903 | INFO | Scenario: scenario_2___nu=3 | n_rep: 2 | KDE model: t-student rot df=3
2026-05-05 23:40:51,528 | INFO | Scenario: scenario_2___nu=3 | n_rep: 3 | KDE model: gaussian rot
2026-05-05 23:40:51,981 | INFO | Scenario: scenario_2___nu=3 | n_rep: 3 | KDE model: t-student rot df=3
2026-05-05 23:40:52,441 | INFO | Scenario: scenario_2___nu=3 | n_rep: 4 | KDE model: gaussian rot
2026-05-05 23:40:53,132 | INFO | Scenario: scenario_2___nu=3 | n_rep: 4 | KDE model: t-student rot df=3
2026-05-05 23:40:53,745 | INFO | Scenario: scenario_2___nu=3 | n_rep: 5 | KDE model: gaussian rot
2026-05-05 23:40:54,207 | INFO | Scenario: scenario_2___nu=3 | n_rep: 5 | KDE model: t-student rot df=3
2026-05-05 23:40:54,632 | INFO | Scenario: scenario_2___nu=3 | n_rep: 6 | KDE model: gaussian rot
2026-05-05 23:40:55,125 | INFO | Scenario: scenario_2___nu=3 | n_rep: 6 | KDE model: t-student rot df=3
2026-05-05 23:40:55,526 | INFO | Scenario: scenario_2___nu=3 | n_rep: 7 | KDE model: gaussian rot
2026-05-05 23:40:55,962 | INFO | Scenario: scenario_2___nu=3 | n_rep: 7 | KDE model: t-student rot df=3
2026-05-05 23:40:56,357 | INFO | Scenario: scenario_2___nu=3 | n_rep: 8 | KDE model: gaussian rot
2026-05-05 23:40:57,129 | INFO | Scenario: scenario_2___nu=3 | n_rep: 8 | KDE model: t-student rot df=3
2026-05-05 23:40:57,922 | INFO | Scenario: scenario_2___nu=3 | n_rep: 9 | KDE model: gaussian rot
2026-05-05 23:40:58,360 | INFO | Scenario: scenario_2___nu=3 | n_rep: 9 | KDE model: t-student rot df=3
2026-05-05 23:40:58,859 | INFO | Scenario: scenario_2___nu=3 | n_rep: 10 | KDE model: gaussian rot
2026-05-05 23:40:59,224 | INFO | Scenario: scenario_2___nu=3 | n_rep: 10 | KDE model: t-student rot df=3
2026-05-05 23:40:59,681 | INFO | Scenario: scenario_2___nu=3 | n_rep: 11 | KDE model: gaussian rot
2026-05-05 23:41:00,132 | INFO | Scenario: scenario_2___nu=3 | n_rep: 11 | KDE model: t-student rot df=3
2026-05-05 23:41:00,575 | INFO | Scenario: scenario_2___nu=3 | n_rep: 12 | KDE model: gaussian rot
2026-05-05 23:41:01,035 | INFO | Scenario: scenario_2___nu=3 | n_rep: 12 | KDE model: t-student rot df=3
2026-05-05 23:41:01,473 | INFO | Scenario: scenario_2___nu=3 | n_rep: 13 | KDE model: gaussian rot
2026-05-05 23:41:01,899 | INFO | Scenario: scenario_2___nu=3 | n_rep: 13 | KDE model: t-student rot df=3
2026-05-05 23:41:02,355 | INFO | Scenario: scenario_2___nu=3 | n_rep: 14 | KDE model: gaussian rot
2026-05-05 23:41:03,056 | INFO | Scenario: scenario_2___nu=3 | n_rep: 14 | KDE model: t-student rot df=3
2026-05-05 23:41:03,699 | INFO | Scenario: scenario_2___nu=3 | n_rep: 15 | KDE model: gaussian rot
2026-05-05 23:41:04,051 | INFO | Scenario: scenario_2___nu=3 | n_rep: 15 | KDE model: t-student rot df=3
2026-05-05 23:41:04,366 | INFO | Scenario: scenario_2___nu=3 | n_rep: 16 | KDE model: gaussian rot
2026-05-05 23:41:04,805 | INFO | Scenario: scenario_2___nu=3 | n_rep: 16 | KDE model: t-student rot df=3
2026-05-05 23:41:05,133 | INFO | Scenario: scenario_2___nu=3 | n_rep: 17 | KDE model: gaussian rot
2026-05-05 23:41:05,557 | INFO | Scenario: scenario_2___nu=3 | n_rep: 17 | KDE model: t-student rot df=3
2026-05-05 23:41:05,938 | INFO | Scenario: scenario_2___nu=3 | n_rep: 18 | KDE model: gaussian rot
2026-05-05 23:41:06,370 | INFO | Scenario: scenario_2___nu=3 | n_rep: 18 | KDE model: t-student rot df=3
2026-05-05 23:41:06,815 | INFO | Scenario: scenario_2___nu=3 | n_rep: 19 | KDE model: gaussian rot
2026-05-05 23:41:07,367 | INFO | Scenario: scenario_2___nu=3 | n_rep: 19 | KDE model: t-student rot df=3
2026-05-05 23:41:07,948 | INFO | Scenario: scenario_2___nu=3 | n_rep: 20 | KDE model: gaussian rot
2026-05-05 23:41:08,692 | INFO | Scenario: scenario_2___nu=3 | n_rep: 20 | KDE model: t-student rot df=3
2026-05-05 23:41:09,338 | INFO | Scenario: scenario_2___nu=3 | n_rep: 21 | KDE model: gaussian rot
2026-05-05 23:41:09,827 | INFO | Scenario: scenario_2___nu=3 | n_rep: 21 | KDE model: t-student rot df=3
2026-05-05 23:41:10,204 | INFO | Scenario: scenario_2___nu=3 | n_rep: 22 | KDE model: gaussian rot
2026-05-05 23:41:10,656 | INFO | Scenario: scenario_2___nu=3 | n_rep: 22 | KDE model: t-student rot df=3
2026-05-05 23:41:11,044 | INFO | Scenario: scenario_2___nu=3 | n_rep: 23 | KDE model: gaussian rot
2026-05-05 23:41:11,444 | INFO | Scenario: scenario_2___nu=3 | n_rep: 23 | KDE model: t-student rot df=3
2026-05-05 23:41:11,893 | INFO | Scenario: scenario_2___nu=3 | n_rep: 24 | KDE model: gaussian rot
2026-05-05 23:41:12,262 | INFO | Scenario: scenario_2___nu=3 | n_rep: 24 | KDE model: t-student rot df=3
2026-05-05 23:41:12,683 | INFO | Scenario: scenario_2___nu=3 | n_rep: 25 | KDE model: gaussian rot
2026-05-05 23:41:13,163 | INFO | Scenario: scenario_2___nu=3 | n_rep: 25 | KDE model: t-student rot df=3
2026-05-05 23:41:13,546 | INFO | Scenario: scenario_2___nu=3 | n_rep: 26 | KDE model: gaussian rot
2026-05-05 23:41:14,037 | INFO | Scenario: scenario_2___nu=3 | n_rep: 26 | KDE model: t-student rot df=3
2026-05-05 23:41:14,469 | INFO | Scenario: scenario_2___nu=3 | n_rep: 27 | KDE model: gaussian rot
2026-05-05 23:41:14,941 | INFO | Scenario: scenario_2___nu=3 | n_rep: 27 | KDE model: t-student rot df=3
2026-05-05 23:41:15,413 | INFO | Scenario: scenario_2___nu=3 | n_rep: 28 | KDE model: gaussian rot
2026-05-05 23:41:16,025 | INFO | Scenario: scenario_2___nu=3 | n_rep: 28 | KDE model: t-student rot df=3
2026-05-05 23:41:16,640 | INFO | Scenario: scenario_2___nu=3 | n_rep: 29 | KDE model: gaussian rot
2026-05-05 23:41:17,376 | INFO | Scenario: scenario_2___nu=3 | n_rep: 29 | KDE model: t-student rot df=3
2026-05-05 23:41:18,095 | INFO | Scenario: scenario_2___nu=3 | n_rep: 30 | KDE model: gaussian rot
2026-05-05 23:41:18,780 | INFO | Scenario: scenario_2___nu=3 | n_rep: 30 | KDE model: t-student rot df=3
2026-05-05 23:41:19,466 | INFO | Scenario: scenario_2___nu=3 | n_rep: 31 | KDE model: gaussian rot
2026-05-05 23:41:20,646 | INFO | Scenario: scenario_2___nu=3 | n_rep: 31 | KDE model: t-student rot df=3
2026-05-05 23:41:21,591 | INFO | Scenario: scenario_2___nu=3 | n_rep: 32 | KDE model: gaussian rot
2026-05-05 23:41:21,964 | INFO | Scenario: scenario_2___nu=3 | n_rep: 32 | KDE model: t-student rot df=3
2026-05-05 23:41:22,394 | INFO | Scenario: scenario_2___nu=3 | n_rep: 33 | KDE model: gaussian rot
2026-05-05 23:41:22,770 | INFO | Scenario: scenario_2___nu=3 | n_rep: 33 | KDE model: t-student rot df=3
2026-05-05 23:41:23,094 | INFO | Scenario: scenario_2___nu=3 | n_rep: 34 | KDE model: gaussian rot
2026-05-05 23:41:23,475 | INFO | Scenario: scenario_2___nu=3 | n_rep: 34 | KDE model: t-student rot df=3
2026-05-05 23:41:23,866 | INFO | Scenario: scenario_2___nu=3 | n_rep: 35 | KDE model: gaussian rot
2026-05-05 23:41:24,287 | INFO | Scenario: scenario_2___nu=3 | n_rep: 35 | KDE model: t-student rot df=3
2026-05-05 23:41:24,713 | INFO | Scenario: scenario_2___nu=3 | n_rep: 36 | KDE model: gaussian rot
2026-05-05 23:41:25,215 | INFO | Scenario: scenario_2___nu=3 | n_rep: 36 | KDE model: t-student rot df=3
2026-05-05 23:41:25,717 | INFO | Scenario: scenario_2___nu=3 | n_rep: 37 | KDE model: gaussian rot
2026-05-05 23:41:26,104 | INFO | Scenario: scenario_2___nu=3 | n_rep: 37 | KDE model: t-student rot df=3
2026-05-05 23:41:26,458 | INFO | Scenario: scenario_2___nu=3 | n_rep: 38 | KDE model: gaussian rot
2026-05-05 23:41:27,143 | INFO | Scenario: scenario_2___nu=3 | n_rep: 38 | KDE model: t-student rot df=3
2026-05-05 23:41:27,810 | INFO | Scenario: scenario_2___nu=3 | n_rep: 39 | KDE model: gaussian rot
2026-05-05 23:41:28,675 | INFO | Scenario: scenario_2___nu=3 | n_rep: 39 | KDE model: t-student rot df=3
2026-05-05 23:41:29,539 | INFO | Scenario: scenario_2___nu=3 | n_rep: 40 | KDE model: gaussian rot
2026-05-05 23:41:30,125 | INFO | Scenario: scenario_2___nu=3 | n_rep: 40 | KDE model: t-student rot df=3
2026-05-05 23:41:30,720 | INFO | Scenario: scenario_2___nu=3 | n_rep: 41 | KDE model: gaussian rot
2026-05-05 23:41:31,156 | INFO | Scenario: scenario_2___nu=3 | n_rep: 41 | KDE model: t-student rot df=3
2026-05-05 23:41:31,624 | INFO | Scenario: scenario_2___nu=3 | n_rep: 42 | KDE model: gaussian rot
2026-05-05 23:41:32,067 | INFO | Scenario: scenario_2___nu=3 | n_rep: 42 | KDE model: t-student rot df=3
2026-05-05 23:41:32,437 | INFO | Scenario: scenario_2___nu=3 | n_rep: 43 | KDE model: gaussian rot
2026-05-05 23:41:32,879 | INFO | Scenario: scenario_2___nu=3 | n_rep: 43 | KDE model: t-student rot df=3
2026-05-05 23:41:33,250 | INFO | Scenario: scenario_2___nu=3 | n_rep: 44 | KDE model: gaussian rot
2026-05-05 23:41:33,802 | INFO | Scenario: scenario_2___nu=3 | n_rep: 44 | KDE model: t-student rot df=3
2026-05-05 23:41:34,301 | INFO | Scenario: scenario_2___nu=3 | n_rep: 45 | KDE model: gaussian rot
2026-05-05 23:41:34,703 | INFO | Scenario: scenario_2___nu=3 | n_rep: 45 | KDE model: t-student rot df=3
2026-05-05 23:41:35,091 | INFO | Scenario: scenario_2___nu=3 | n_rep: 46 | KDE model: gaussian rot
2026-05-05 23:41:35,542 | INFO | Scenario: scenario_2___nu=3 | n_rep: 46 | KDE model: t-student rot df=3
2026-05-05 23:41:35,940 | INFO | Scenario: scenario_2___nu=3 | n_rep: 47 | KDE model: gaussian rot
2026-05-05 23:41:37,940 | INFO | Scenario: scenario_2___nu=3 | n_rep: 47 | KDE model: t-student rot df=3
2026-05-05 23:41:38,446 | INFO | Scenario: scenario_2___nu=3 | n_rep: 48 | KDE model: gaussian rot
2026-05-05 23:41:39,138 | INFO | Scenario: scenario_2___nu=3 | n_rep: 48 | KDE model: t-student rot df=3
2026-05-05 23:41:39,814 | INFO | Scenario: scenario_2___nu=3 | n_rep: 49 | KDE model: gaussian rot
2026-05-05 23:41:40,589 | INFO | Scenario: scenario_2___nu=3 | n_rep: 49 | KDE model: t-student rot df=3
2026-05-05 23:41:41,302 | INFO | Scenario: scenario_2___nu=3 | n_rep: 50 | KDE model: gaussian rot
2026-05-05 23:41:41,772 | INFO | Scenario: scenario_2___nu=3 | n_rep: 50 | KDE model: t-student rot df=3
2026-05-05 23:41:42,220 | INFO | Scenario: scenario_2___nu=3 | n_rep: 51 | KDE model: gaussian rot
2026-05-05 23:41:42,729 | INFO | Scenario: scenario_2___nu=3 | n_rep: 51 | KDE model: t-student rot df=3
2026-05-05 23:41:43,283 | INFO | Scenario: scenario_2___nu=3 | n_rep: 52 | KDE model: gaussian rot
2026-05-05 23:41:43,731 | INFO | Scenario: scenario_2___nu=3 | n_rep: 52 | KDE model: t-student rot df=3
2026-05-05 23:41:44,167 | INFO | Scenario: scenario_2___nu=3 | n_rep: 53 | KDE model: gaussian rot
2026-05-05 23:41:44,648 | INFO | Scenario: scenario_2___nu=3 | n_rep: 53 | KDE model: t-student rot df=3
2026-05-05 23:41:45,155 | INFO | Scenario: scenario_2___nu=3 | n_rep: 54 | KDE model: gaussian rot
2026-05-05 23:41:45,771 | INFO | Scenario: scenario_2___nu=3 | n_rep: 54 | KDE model: t-student rot df=3
2026-05-05 23:41:46,525 | INFO | Scenario: scenario_2___nu=3 | n_rep: 55 | KDE model: gaussian rot
2026-05-05 23:41:47,008 | INFO | Scenario: scenario_2___nu=3 | n_rep: 55 | KDE model: t-student rot df=3
2026-05-05 23:41:47,425 | INFO | Scenario: scenario_2___nu=3 | n_rep: 56 | KDE model: gaussian rot
2026-05-05 23:41:47,938 | INFO | Scenario: scenario_2___nu=3 | n_rep: 56 | KDE model: t-student rot df=3
2026-05-05 23:41:48,375 | INFO | Scenario: scenario_2___nu=3 | n_rep: 57 | KDE model: gaussian rot
2026-05-05 23:41:48,811 | INFO | Scenario: scenario_2___nu=3 | n_rep: 57 | KDE model: t-student rot df=3
2026-05-05 23:41:49,212 | INFO | Scenario: scenario_2___nu=3 | n_rep: 58 | KDE model: gaussian rot
2026-05-05 23:41:49,708 | INFO | Scenario: scenario_2___nu=3 | n_rep: 58 | KDE model: t-student rot df=3
2026-05-05 23:41:50,238 | INFO | Scenario: scenario_2___nu=3 | n_rep: 59 | KDE model: gaussian rot
2026-05-05 23:41:51,408 | INFO | Scenario: scenario_2___nu=3 | n_rep: 59 | KDE model: t-student rot df=3
2026-05-05 23:41:51,844 | INFO | Scenario: scenario_2___nu=3 | n_rep: 60 | KDE model: gaussian rot
2026-05-05 23:41:52,297 | INFO | Scenario: scenario_2___nu=3 | n_rep: 60 | KDE model: t-student rot df=3
2026-05-05 23:41:52,726 | INFO | Scenario: scenario_2___nu=3 | n_rep: 61 | KDE model: gaussian rot
2026-05-05 23:41:53,642 | INFO | Scenario: scenario_2___nu=3 | n_rep: 61 | KDE model: t-student rot df=3
2026-05-05 23:41:54,401 | INFO | Scenario: scenario_2___nu=3 | n_rep: 62 | KDE model: gaussian rot
2026-05-05 23:41:54,833 | INFO | Scenario: scenario_2___nu=3 | n_rep: 62 | KDE model: t-student rot df=3
2026-05-05 23:41:55,257 | INFO | Scenario: scenario_2___nu=3 | n_rep: 63 | KDE model: gaussian rot
2026-05-05 23:41:55,780 | INFO | Scenario: scenario_2___nu=3 | n_rep: 63 | KDE model: t-student rot df=3
2026-05-05 23:41:56,205 | INFO | Scenario: scenario_2___nu=3 | n_rep: 64 | KDE model: gaussian rot
2026-05-05 23:41:56,799 | INFO | Scenario: scenario_2___nu=3 | n_rep: 64 | KDE model: t-student rot df=3
2026-05-05 23:41:57,296 | INFO | Scenario: scenario_2___nu=3 | n_rep: 65 | KDE model: gaussian rot
2026-05-05 23:41:57,876 | INFO | Scenario: scenario_2___nu=3 | n_rep: 65 | KDE model: t-student rot df=3
2026-05-05 23:41:58,416 | INFO | Scenario: scenario_2___nu=3 | n_rep: 66 | KDE model: gaussian rot
2026-05-05 23:41:58,901 | INFO | Scenario: scenario_2___nu=3 | n_rep: 66 | KDE model: t-student rot df=3
2026-05-05 23:41:59,428 | INFO | Scenario: scenario_2___nu=3 | n_rep: 67 | KDE model: gaussian rot
2026-05-05 23:41:59,863 | INFO | Scenario: scenario_2___nu=3 | n_rep: 67 | KDE model: t-student rot df=3
2026-05-05 23:42:00,327 | INFO | Scenario: scenario_2___nu=3 | n_rep: 68 | KDE model: gaussian rot
2026-05-05 23:42:01,182 | INFO | Scenario: scenario_2___nu=3 | n_rep: 68 | KDE model: t-student rot df=3
2026-05-05 23:42:01,955 | INFO | Scenario: scenario_2___nu=3 | n_rep: 69 | KDE model: gaussian rot
2026-05-05 23:42:02,398 | INFO | Scenario: scenario_2___nu=3 | n_rep: 69 | KDE model: t-student rot df=3
2026-05-05 23:42:02,838 | INFO | Scenario: scenario_2___nu=3 | n_rep: 70 | KDE model: gaussian rot
2026-05-05 23:42:03,307 | INFO | Scenario: scenario_2___nu=3 | n_rep: 70 | KDE model: t-student rot df=3
2026-05-05 23:42:03,738 | INFO | Scenario: scenario_2___nu=3 | n_rep: 71 | KDE model: gaussian rot
2026-05-05 23:42:04,204 | INFO | Scenario: scenario_2___nu=3 | n_rep: 71 | KDE model: t-student rot df=3
2026-05-05 23:42:04,640 | INFO | Scenario: scenario_2___nu=3 | n_rep: 72 | KDE model: gaussian rot
2026-05-05 23:42:05,515 | INFO | Scenario: scenario_2___nu=3 | n_rep: 72 | KDE model: t-student rot df=3
2026-05-05 23:42:07,064 | INFO | Scenario: scenario_2___nu=3 | n_rep: 73 | KDE model: gaussian rot
2026-05-05 23:42:07,850 | INFO | Scenario: scenario_2___nu=3 | n_rep: 73 | KDE model: t-student rot df=3
2026-05-05 23:42:08,397 | INFO | Scenario: scenario_2___nu=3 | n_rep: 74 | KDE model: gaussian rot
2026-05-05 23:42:08,966 | INFO | Scenario: scenario_2___nu=3 | n_rep: 74 | KDE model: t-student rot df=3
2026-05-05 23:42:09,498 | INFO | Scenario: scenario_2___nu=3 | n_rep: 75 | KDE model: gaussian rot
2026-05-05 23:42:09,939 | INFO | Scenario: scenario_2___nu=3 | n_rep: 75 | KDE model: t-student rot df=3
2026-05-05 23:42:10,349 | INFO | Scenario: scenario_2___nu=3 | n_rep: 76 | KDE model: gaussian rot
2026-05-05 23:42:10,800 | INFO | Scenario: scenario_2___nu=3 | n_rep: 76 | KDE model: t-student rot df=3
2026-05-05 23:42:11,248 | INFO | Scenario: scenario_2___nu=3 | n_rep: 77 | KDE model: gaussian rot
2026-05-05 23:42:12,092 | INFO | Scenario: scenario_2___nu=3 | n_rep: 77 | KDE model: t-student rot df=3
2026-05-05 23:42:12,873 | INFO | Scenario: scenario_2___nu=3 | n_rep: 78 | KDE model: gaussian rot
2026-05-05 23:42:13,625 | INFO | Scenario: scenario_2___nu=3 | n_rep: 78 | KDE model: t-student rot df=3
2026-05-05 23:42:14,234 | INFO | Scenario: scenario_2___nu=3 | n_rep: 79 | KDE model: gaussian rot
2026-05-05 23:42:14,607 | INFO | Scenario: scenario_2___nu=3 | n_rep: 79 | KDE model: t-student rot df=3
2026-05-05 23:42:15,025 | INFO | Scenario: scenario_2___nu=3 | n_rep: 80 | KDE model: gaussian rot
2026-05-05 23:42:15,493 | INFO | Scenario: scenario_2___nu=3 | n_rep: 80 | KDE model: t-student rot df=3
2026-05-05 23:42:15,971 | INFO | Scenario: scenario_2___nu=3 | n_rep: 81 | KDE model: gaussian rot
2026-05-05 23:42:16,644 | INFO | Scenario: scenario_2___nu=3 | n_rep: 81 | KDE model: t-student rot df=3
2026-05-05 23:42:17,433 | INFO | Scenario: scenario_2___nu=3 | n_rep: 82 | KDE model: gaussian rot
2026-05-05 23:42:17,850 | INFO | Scenario: scenario_2___nu=3 | n_rep: 82 | KDE model: t-student rot df=3
2026-05-05 23:42:18,253 | INFO | Scenario: scenario_2___nu=3 | n_rep: 83 | KDE model: gaussian rot
2026-05-05 23:42:18,866 | INFO | Scenario: scenario_2___nu=3 | n_rep: 83 | KDE model: t-student rot df=3
2026-05-05 23:42:19,313 | INFO | Scenario: scenario_2___nu=3 | n_rep: 84 | KDE model: gaussian rot
2026-05-05 23:42:19,749 | INFO | Scenario: scenario_2___nu=3 | n_rep: 84 | KDE model: t-student rot df=3
2026-05-05 23:42:20,179 | INFO | Scenario: scenario_2___nu=3 | n_rep: 85 | KDE model: gaussian rot
2026-05-05 23:42:20,640 | INFO | Scenario: scenario_2___nu=3 | n_rep: 85 | KDE model: t-student rot df=3
2026-05-05 23:42:21,097 | INFO | Scenario: scenario_2___nu=3 | n_rep: 86 | KDE model: gaussian rot
2026-05-05 23:42:21,599 | INFO | Scenario: scenario_2___nu=3 | n_rep: 86 | KDE model: t-student rot df=3
2026-05-05 23:42:22,028 | INFO | Scenario: scenario_2___nu=3 | n_rep: 87 | KDE model: gaussian rot
2026-05-05 23:42:22,772 | INFO | Scenario: scenario_2___nu=3 | n_rep: 87 | KDE model: t-student rot df=3
2026-05-05 23:42:23,431 | INFO | Scenario: scenario_2___nu=3 | n_rep: 88 | KDE model: gaussian rot
2026-05-05 23:42:23,920 | INFO | Scenario: scenario_2___nu=3 | n_rep: 88 | KDE model: t-student rot df=3
2026-05-05 23:42:24,438 | INFO | Scenario: scenario_2___nu=3 | n_rep: 89 | KDE model: gaussian rot
2026-05-05 23:42:25,567 | INFO | Scenario: scenario_2___nu=3 | n_rep: 89 | KDE model: t-student rot df=3
2026-05-05 23:42:26,747 | INFO | Scenario: scenario_2___nu=3 | n_rep: 90 | KDE model: gaussian rot
2026-05-05 23:42:27,382 | INFO | Scenario: scenario_2___nu=3 | n_rep: 90 | KDE model: t-student rot df=3
2026-05-05 23:42:28,093 | INFO | Scenario: scenario_2___nu=3 | n_rep: 91 | KDE model: gaussian rot
2026-05-05 23:42:28,615 | INFO | Scenario: scenario_2___nu=3 | n_rep: 91 | KDE model: t-student rot df=3
2026-05-05 23:42:29,081 | INFO | Scenario: scenario_2___nu=3 | n_rep: 92 | KDE model: gaussian rot
2026-05-05 23:42:29,847 | INFO | Scenario: scenario_2___nu=3 | n_rep: 92 | KDE model: t-student rot df=3
2026-05-05 23:42:30,600 | INFO | Scenario: scenario_2___nu=3 | n_rep: 93 | KDE model: gaussian rot
2026-05-05 23:42:31,265 | INFO | Scenario: scenario_2___nu=3 | n_rep: 93 | KDE model: t-student rot df=3
2026-05-05 23:42:32,008 | INFO | Scenario: scenario_2___nu=3 | n_rep: 94 | KDE model: gaussian rot
2026-05-05 23:42:32,631 | INFO | Scenario: scenario_2___nu=3 | n_rep: 94 | KDE model: t-student rot df=3
2026-05-05 23:42:33,180 | INFO | Scenario: scenario_2___nu=3 | n_rep: 95 | KDE model: gaussian rot
2026-05-05 23:42:33,654 | INFO | Scenario: scenario_2___nu=3 | n_rep: 95 | KDE model: t-student rot df=3
2026-05-05 23:42:34,107 | INFO | Scenario: scenario_2___nu=3 | n_rep: 96 | KDE model: gaussian rot
2026-05-05 23:42:34,574 | INFO | Scenario: scenario_2___nu=3 | n_rep: 96 | KDE model: t-student rot df=3
2026-05-05 23:42:34,992 | INFO | Scenario: scenario_2___nu=3 | n_rep: 97 | KDE model: gaussian rot
2026-05-05 23:42:35,461 | INFO | Scenario: scenario_2___nu=3 | n_rep: 97 | KDE model: t-student rot df=3
2026-05-05 23:42:35,866 | INFO | Scenario: scenario_2___nu=3 | n_rep: 98 | KDE model: gaussian rot
2026-05-05 23:42:36,333 | INFO | Scenario: scenario_2___nu=3 | n_rep: 98 | KDE model: t-student rot df=3
2026-05-05 23:42:36,730 | INFO | Scenario: scenario_2___nu=3 | n_rep: 99 | KDE model: gaussian rot
2026-05-05 23:42:37,190 | INFO | Scenario: scenario_2___nu=3 | n_rep: 99 | KDE model: t-student rot df=3
2026-05-05 23:42:37,638 | INFO | Scenario: scenario_2___nu=3 | n_rep: 100 | KDE model: gaussian rot
2026-05-05 23:42:38,314 | INFO | Scenario: scenario_2___nu=3 | n_rep: 100 | KDE model: t-student rot df=3
2026-05-05 23:42:38,996 | INFO | Scenario: scenario_2___nu=3 | n_rep: 101 | KDE model: gaussian rot
2026-05-05 23:42:39,592 | INFO | Scenario: scenario_2___nu=3 | n_rep: 101 | KDE model: t-student rot df=3
2026-05-05 23:42:40,175 | INFO | Scenario: scenario_2___nu=3 | n_rep: 102 | KDE model: gaussian rot
2026-05-05 23:42:40,623 | INFO | Scenario: scenario_2___nu=3 | n_rep: 102 | KDE model: t-student rot df=3
2026-05-05 23:42:41,112 | INFO | Scenario: scenario_2___nu=3 | n_rep: 103 | KDE model: gaussian rot
2026-05-05 23:42:41,763 | INFO | Scenario: scenario_2___nu=3 | n_rep: 103 | KDE model: t-student rot df=3
2026-05-05 23:42:42,607 | INFO | Scenario: scenario_2___nu=3 | n_rep: 104 | KDE model: gaussian rot
2026-05-05 23:42:43,427 | INFO | Scenario: scenario_2___nu=3 | n_rep: 104 | KDE model: t-student rot df=3
2026-05-05 23:42:44,177 | INFO | Scenario: scenario_2___nu=3 | n_rep: 105 | KDE model: gaussian rot
2026-05-05 23:42:44,937 | INFO | Scenario: scenario_2___nu=3 | n_rep: 105 | KDE model: t-student rot df=3
2026-05-05 23:42:45,647 | INFO | Scenario: scenario_2___nu=3 | n_rep: 106 | KDE model: gaussian rot
2026-05-05 23:42:46,422 | INFO | Scenario: scenario_2___nu=3 | n_rep: 106 | KDE model: t-student rot df=3
2026-05-05 23:42:47,214 | INFO | Scenario: scenario_2___nu=3 | n_rep: 107 | KDE model: gaussian rot
2026-05-05 23:42:47,607 | INFO | Scenario: scenario_2___nu=3 | n_rep: 107 | KDE model: t-student rot df=3
2026-05-05 23:42:47,951 | INFO | Scenario: scenario_2___nu=3 | n_rep: 108 | KDE model: gaussian rot
2026-05-05 23:42:48,736 | INFO | Scenario: scenario_2___nu=3 | n_rep: 108 | KDE model: t-student rot df=3
2026-05-05 23:42:49,524 | INFO | Scenario: scenario_2___nu=3 | n_rep: 109 | KDE model: gaussian rot
2026-05-05 23:42:50,307 | INFO | Scenario: scenario_2___nu=3 | n_rep: 109 | KDE model: t-student rot df=3
2026-05-05 23:42:50,844 | INFO | Scenario: scenario_2___nu=3 | n_rep: 110 | KDE model: gaussian rot
2026-05-05 23:42:51,258 | INFO | Scenario: scenario_2___nu=3 | n_rep: 110 | KDE model: t-student rot df=3
2026-05-05 23:42:51,613 | INFO | Scenario: scenario_2___nu=3 | n_rep: 111 | KDE model: gaussian rot
2026-05-05 23:42:52,091 | INFO | Scenario: scenario_2___nu=3 | n_rep: 111 | KDE model: t-student rot df=3
2026-05-05 23:42:52,498 | INFO | Scenario: scenario_2___nu=3 | n_rep: 112 | KDE model: gaussian rot
2026-05-05 23:42:52,872 | INFO | Scenario: scenario_2___nu=3 | n_rep: 112 | KDE model: t-student rot df=3
2026-05-05 23:42:53,254 | INFO | Scenario: scenario_2___nu=3 | n_rep: 113 | KDE model: gaussian rot
2026-05-05 23:42:54,004 | INFO | Scenario: scenario_2___nu=3 | n_rep: 113 | KDE model: t-student rot df=3
2026-05-05 23:42:54,562 | INFO | Scenario: scenario_2___nu=3 | n_rep: 114 | KDE model: gaussian rot
2026-05-05 23:42:55,224 | INFO | Scenario: scenario_2___nu=3 | n_rep: 114 | KDE model: t-student rot df=3
2026-05-05 23:42:55,843 | INFO | Scenario: scenario_2___nu=3 | n_rep: 115 | KDE model: gaussian rot
2026-05-05 23:42:56,561 | INFO | Scenario: scenario_2___nu=3 | n_rep: 115 | KDE model: t-student rot df=3
2026-05-05 23:42:57,262 | INFO | Scenario: scenario_2___nu=3 | n_rep: 116 | KDE model: gaussian rot
2026-05-05 23:42:57,967 | INFO | Scenario: scenario_2___nu=3 | n_rep: 116 | KDE model: t-student rot df=3
2026-05-05 23:42:58,661 | INFO | Scenario: scenario_2___nu=3 | n_rep: 117 | KDE model: gaussian rot
2026-05-05 23:42:59,063 | INFO | Scenario: scenario_2___nu=3 | n_rep: 117 | KDE model: t-student rot df=3
2026-05-05 23:42:59,505 | INFO | Scenario: scenario_2___nu=3 | n_rep: 118 | KDE model: gaussian rot
2026-05-05 23:43:00,180 | INFO | Scenario: scenario_2___nu=3 | n_rep: 118 | KDE model: t-student rot df=3
2026-05-05 23:43:00,848 | INFO | Scenario: scenario_2___nu=3 | n_rep: 119 | KDE model: gaussian rot
2026-05-05 23:43:01,306 | INFO | Scenario: scenario_2___nu=3 | n_rep: 119 | KDE model: t-student rot df=3
2026-05-05 23:43:01,787 | INFO | Scenario: scenario_2___nu=3 | n_rep: 120 | KDE model: gaussian rot
2026-05-05 23:43:02,188 | INFO | Scenario: scenario_2___nu=3 | n_rep: 120 | KDE model: t-student rot df=3
2026-05-05 23:43:02,585 | INFO | Scenario: scenario_2___nu=3 | n_rep: 121 | KDE model: gaussian rot
2026-05-05 23:43:03,127 | INFO | Scenario: scenario_2___nu=3 | n_rep: 121 | KDE model: t-student rot df=3
2026-05-05 23:43:03,638 | INFO | Scenario: scenario_2___nu=3 | n_rep: 122 | KDE model: gaussian rot
2026-05-05 23:43:04,219 | INFO | Scenario: scenario_2___nu=3 | n_rep: 122 | KDE model: t-student rot df=3
2026-05-05 23:43:04,795 | INFO | Scenario: scenario_2___nu=3 | n_rep: 123 | KDE model: gaussian rot
2026-05-05 23:43:05,545 | INFO | Scenario: scenario_2___nu=3 | n_rep: 123 | KDE model: t-student rot df=3
2026-05-05 23:43:06,211 | INFO | Scenario: scenario_2___nu=3 | n_rep: 124 | KDE model: gaussian rot
2026-05-05 23:43:06,895 | INFO | Scenario: scenario_2___nu=3 | n_rep: 124 | KDE model: t-student rot df=3
2026-05-05 23:43:07,517 | INFO | Scenario: scenario_2___nu=3 | n_rep: 125 | KDE model: gaussian rot
2026-05-05 23:43:08,119 | INFO | Scenario: scenario_2___nu=3 | n_rep: 125 | KDE model: t-student rot df=3
2026-05-05 23:43:08,856 | INFO | Scenario: scenario_2___nu=3 | n_rep: 126 | KDE model: gaussian rot
2026-05-05 23:43:09,511 | INFO | Scenario: scenario_2___nu=3 | n_rep: 126 | KDE model: t-student rot df=3
2026-05-05 23:43:10,026 | INFO | Scenario: scenario_2___nu=3 | n_rep: 127 | KDE model: gaussian rot
2026-05-05 23:43:10,401 | INFO | Scenario: scenario_2___nu=3 | n_rep: 127 | KDE model: t-student rot df=3
2026-05-05 23:43:10,807 | INFO | Scenario: scenario_2___nu=3 | n_rep: 128 | KDE model: gaussian rot
2026-05-05 23:43:11,521 | INFO | Scenario: scenario_2___nu=3 | n_rep: 128 | KDE model: t-student rot df=3
2026-05-05 23:43:12,315 | INFO | Scenario: scenario_2___nu=3 | n_rep: 129 | KDE model: gaussian rot
2026-05-05 23:43:12,941 | INFO | Scenario: scenario_2___nu=3 | n_rep: 129 | KDE model: t-student rot df=3
2026-05-05 23:43:13,512 | INFO | Scenario: scenario_2___nu=3 | n_rep: 130 | KDE model: gaussian rot
2026-05-05 23:43:14,114 | INFO | Scenario: scenario_2___nu=3 | n_rep: 130 | KDE model: t-student rot df=3
2026-05-05 23:43:14,763 | INFO | Scenario: scenario_2___nu=3 | n_rep: 131 | KDE model: gaussian rot
2026-05-05 23:43:15,262 | INFO | Scenario: scenario_2___nu=3 | n_rep: 131 | KDE model: t-student rot df=3
2026-05-05 23:43:15,971 | INFO | Scenario: scenario_2___nu=3 | n_rep: 132 | KDE model: gaussian rot
2026-05-05 23:43:16,694 | INFO | Scenario: scenario_2___nu=3 | n_rep: 132 | KDE model: t-student rot df=3
2026-05-05 23:43:17,362 | INFO | Scenario: scenario_2___nu=3 | n_rep: 133 | KDE model: gaussian rot
2026-05-05 23:43:18,042 | INFO | Scenario: scenario_2___nu=3 | n_rep: 133 | KDE model: t-student rot df=3
2026-05-05 23:43:18,688 | INFO | Scenario: scenario_2___nu=3 | n_rep: 134 | KDE model: gaussian rot
2026-05-05 23:43:19,098 | INFO | Scenario: scenario_2___nu=3 | n_rep: 134 | KDE model: t-student rot df=3
2026-05-05 23:43:19,568 | INFO | Scenario: scenario_2___nu=3 | n_rep: 135 | KDE model: gaussian rot
2026-05-05 23:43:20,068 | INFO | Scenario: scenario_2___nu=3 | n_rep: 135 | KDE model: t-student rot df=3
2026-05-05 23:43:20,610 | INFO | Scenario: scenario_2___nu=3 | n_rep: 136 | KDE model: gaussian rot
2026-05-05 23:43:21,112 | INFO | Scenario: scenario_2___nu=3 | n_rep: 136 | KDE model: t-student rot df=3
2026-05-05 23:43:21,593 | INFO | Scenario: scenario_2___nu=3 | n_rep: 137 | KDE model: gaussian rot
2026-05-05 23:43:22,014 | INFO | Scenario: scenario_2___nu=3 | n_rep: 137 | KDE model: t-student rot df=3
2026-05-05 23:43:22,380 | INFO | Scenario: scenario_2___nu=3 | n_rep: 138 | KDE model: gaussian rot
2026-05-05 23:43:23,211 | INFO | Scenario: scenario_2___nu=3 | n_rep: 138 | KDE model: t-student rot df=3
2026-05-05 23:43:24,060 | INFO | Scenario: scenario_2___nu=3 | n_rep: 139 | KDE model: gaussian rot
2026-05-05 23:43:24,639 | INFO | Scenario: scenario_2___nu=3 | n_rep: 139 | KDE model: t-student rot df=3
2026-05-05 23:43:25,307 | INFO | Scenario: scenario_2___nu=3 | n_rep: 140 | KDE model: gaussian rot
2026-05-05 23:43:25,997 | INFO | Scenario: scenario_2___nu=3 | n_rep: 140 | KDE model: t-student rot df=3
2026-05-05 23:43:26,599 | INFO | Scenario: scenario_2___nu=3 | n_rep: 141 | KDE model: gaussian rot
2026-05-05 23:43:27,216 | INFO | Scenario: scenario_2___nu=3 | n_rep: 141 | KDE model: t-student rot df=3
2026-05-05 23:43:27,865 | INFO | Scenario: scenario_2___nu=3 | n_rep: 142 | KDE model: gaussian rot
2026-05-05 23:43:28,568 | INFO | Scenario: scenario_2___nu=3 | n_rep: 142 | KDE model: t-student rot df=3
2026-05-05 23:43:29,264 | INFO | Scenario: scenario_2___nu=3 | n_rep: 143 | KDE model: gaussian rot
2026-05-05 23:43:29,878 | INFO | Scenario: scenario_2___nu=3 | n_rep: 143 | KDE model: t-student rot df=3
2026-05-05 23:43:30,519 | INFO | Scenario: scenario_2___nu=3 | n_rep: 144 | KDE model: gaussian rot
2026-05-05 23:43:31,296 | INFO | Scenario: scenario_2___nu=3 | n_rep: 144 | KDE model: t-student rot df=3
2026-05-05 23:43:31,966 | INFO | Scenario: scenario_2___nu=3 | n_rep: 145 | KDE model: gaussian rot
2026-05-05 23:43:32,660 | INFO | Scenario: scenario_2___nu=3 | n_rep: 145 | KDE model: t-student rot df=3
2026-05-05 23:43:33,399 | INFO | Scenario: scenario_2___nu=3 | n_rep: 146 | KDE model: gaussian rot
2026-05-05 23:43:33,852 | INFO | Scenario: scenario_2___nu=3 | n_rep: 146 | KDE model: t-student rot df=3
2026-05-05 23:43:34,313 | INFO | Scenario: scenario_2___nu=3 | n_rep: 147 | KDE model: gaussian rot
2026-05-05 23:43:34,933 | INFO | Scenario: scenario_2___nu=3 | n_rep: 147 | KDE model: t-student rot df=3
2026-05-05 23:43:35,596 | INFO | Scenario: scenario_2___nu=3 | n_rep: 148 | KDE model: gaussian rot
2026-05-05 23:43:36,267 | INFO | Scenario: scenario_2___nu=3 | n_rep: 148 | KDE model: t-student rot df=3
2026-05-05 23:43:36,881 | INFO | Scenario: scenario_2___nu=3 | n_rep: 149 | KDE model: gaussian rot
2026-05-05 23:43:37,321 | INFO | Scenario: scenario_2___nu=3 | n_rep: 149 | KDE model: t-student rot df=3
2026-05-05 23:43:37,760 | INFO | Scenario: scenario_2___nu=3 | n_rep: 150 | KDE model: gaussian rot
2026-05-05 23:43:38,225 | INFO | Scenario: scenario_2___nu=3 | n_rep: 150 | KDE model: t-student rot df=3
2026-05-05 23:43:38,663 | INFO | Scenario: scenario_2___nu=3 | n_rep: 151 | KDE model: gaussian rot
2026-05-05 23:43:39,196 | INFO | Scenario: scenario_2___nu=3 | n_rep: 151 | KDE model: t-student rot df=3
2026-05-05 23:43:39,668 | INFO | Scenario: scenario_2___nu=3 | n_rep: 152 | KDE model: gaussian rot
2026-05-05 23:43:40,159 | INFO | Scenario: scenario_2___nu=3 | n_rep: 152 | KDE model: t-student rot df=3
2026-05-05 23:43:40,645 | INFO | Scenario: scenario_2___nu=3 | n_rep: 153 | KDE model: gaussian rot
2026-05-05 23:43:41,069 | INFO | Scenario: scenario_2___nu=3 | n_rep: 153 | KDE model: t-student rot df=3
2026-05-05 23:43:41,490 | INFO | Scenario: scenario_2___nu=3 | n_rep: 154 | KDE model: gaussian rot
2026-05-05 23:43:42,152 | INFO | Scenario: scenario_2___nu=3 | n_rep: 154 | KDE model: t-student rot df=3
2026-05-05 23:43:42,575 | INFO | Scenario: scenario_2___nu=3 | n_rep: 155 | KDE model: gaussian rot
2026-05-05 23:43:42,999 | INFO | Scenario: scenario_2___nu=3 | n_rep: 155 | KDE model: t-student rot df=3
2026-05-05 23:43:43,424 | INFO | Scenario: scenario_2___nu=3 | n_rep: 156 | KDE model: gaussian rot
2026-05-05 23:43:43,967 | INFO | Scenario: scenario_2___nu=3 | n_rep: 156 | KDE model: t-student rot df=3
2026-05-05 23:43:44,505 | INFO | Scenario: scenario_2___nu=3 | n_rep: 157 | KDE model: gaussian rot
2026-05-05 23:43:44,940 | INFO | Scenario: scenario_2___nu=3 | n_rep: 157 | KDE model: t-student rot df=3
2026-05-05 23:43:45,464 | INFO | Scenario: scenario_2___nu=3 | n_rep: 158 | KDE model: gaussian rot
2026-05-05 23:43:45,869 | INFO | Scenario: scenario_2___nu=3 | n_rep: 158 | KDE model: t-student rot df=3
2026-05-05 23:43:46,279 | INFO | Scenario: scenario_2___nu=3 | n_rep: 159 | KDE model: gaussian rot
2026-05-05 23:43:46,713 | INFO | Scenario: scenario_2___nu=3 | n_rep: 159 | KDE model: t-student rot df=3
2026-05-05 23:43:47,087 | INFO | Scenario: scenario_2___nu=3 | n_rep: 160 | KDE model: gaussian rot
2026-05-05 23:43:47,450 | INFO | Scenario: scenario_2___nu=3 | n_rep: 160 | KDE model: t-student rot df=3
2026-05-05 23:43:47,952 | INFO | Scenario: scenario_2___nu=3 | n_rep: 161 | KDE model: gaussian rot
2026-05-05 23:43:48,356 | INFO | Scenario: scenario_2___nu=3 | n_rep: 161 | KDE model: t-student rot df=3
2026-05-05 23:43:48,776 | INFO | Scenario: scenario_2___nu=3 | n_rep: 162 | KDE model: gaussian rot
2026-05-05 23:43:49,263 | INFO | Scenario: scenario_2___nu=3 | n_rep: 162 | KDE model: t-student rot df=3
2026-05-05 23:43:49,691 | INFO | Scenario: scenario_2___nu=3 | n_rep: 163 | KDE model: gaussian rot
2026-05-05 23:43:50,417 | INFO | Scenario: scenario_2___nu=3 | n_rep: 163 | KDE model: t-student rot df=3
2026-05-05 23:43:51,222 | INFO | Scenario: scenario_2___nu=3 | n_rep: 164 | KDE model: gaussian rot
2026-05-05 23:43:51,902 | INFO | Scenario: scenario_2___nu=3 | n_rep: 164 | KDE model: t-student rot df=3
2026-05-05 23:43:52,597 | INFO | Scenario: scenario_2___nu=3 | n_rep: 165 | KDE model: gaussian rot
2026-05-05 23:43:53,344 | INFO | Scenario: scenario_2___nu=3 | n_rep: 165 | KDE model: t-student rot df=3
2026-05-05 23:43:53,997 | INFO | Scenario: scenario_2___nu=3 | n_rep: 166 | KDE model: gaussian rot
2026-05-05 23:43:54,443 | INFO | Scenario: scenario_2___nu=3 | n_rep: 166 | KDE model: t-student rot df=3
2026-05-05 23:43:54,890 | INFO | Scenario: scenario_2___nu=3 | n_rep: 167 | KDE model: gaussian rot
2026-05-05 23:43:55,869 | INFO | Scenario: scenario_2___nu=3 | n_rep: 167 | KDE model: t-student rot df=3
2026-05-05 23:43:56,610 | INFO | Scenario: scenario_2___nu=3 | n_rep: 168 | KDE model: gaussian rot
2026-05-05 23:43:57,438 | INFO | Scenario: scenario_2___nu=3 | n_rep: 168 | KDE model: t-student rot df=3
2026-05-05 23:43:58,080 | INFO | Scenario: scenario_2___nu=3 | n_rep: 169 | KDE model: gaussian rot
2026-05-05 23:43:58,850 | INFO | Scenario: scenario_2___nu=3 | n_rep: 169 | KDE model: t-student rot df=3
2026-05-05 23:43:59,607 | INFO | Scenario: scenario_2___nu=3 | n_rep: 170 | KDE model: gaussian rot
2026-05-05 23:44:00,167 | INFO | Scenario: scenario_2___nu=3 | n_rep: 170 | KDE model: t-student rot df=3
2026-05-05 23:44:00,654 | INFO | Scenario: scenario_2___nu=3 | n_rep: 171 | KDE model: gaussian rot
2026-05-05 23:44:01,095 | INFO | Scenario: scenario_2___nu=3 | n_rep: 171 | KDE model: t-student rot df=3
2026-05-05 23:44:01,563 | INFO | Scenario: scenario_2___nu=3 | n_rep: 172 | KDE model: gaussian rot
2026-05-05 23:44:01,991 | INFO | Scenario: scenario_2___nu=3 | n_rep: 172 | KDE model: t-student rot df=3
2026-05-05 23:44:02,513 | INFO | Scenario: scenario_2___nu=3 | n_rep: 173 | KDE model: gaussian rot
2026-05-05 23:44:03,018 | INFO | Scenario: scenario_2___nu=3 | n_rep: 173 | KDE model: t-student rot df=3
2026-05-05 23:44:03,434 | INFO | Scenario: scenario_2___nu=3 | n_rep: 174 | KDE model: gaussian rot
2026-05-05 23:44:03,836 | INFO | Scenario: scenario_2___nu=3 | n_rep: 174 | KDE model: t-student rot df=3
2026-05-05 23:44:04,290 | INFO | Scenario: scenario_2___nu=3 | n_rep: 175 | KDE model: gaussian rot
2026-05-05 23:44:04,737 | INFO | Scenario: scenario_2___nu=3 | n_rep: 175 | KDE model: t-student rot df=3
2026-05-05 23:44:05,095 | INFO | Scenario: scenario_2___nu=3 | n_rep: 176 | KDE model: gaussian rot
2026-05-05 23:44:05,953 | INFO | Scenario: scenario_2___nu=3 | n_rep: 176 | KDE model: t-student rot df=3
2026-05-05 23:44:06,571 | INFO | Scenario: scenario_2___nu=3 | n_rep: 177 | KDE model: gaussian rot
2026-05-05 23:44:07,226 | INFO | Scenario: scenario_2___nu=3 | n_rep: 177 | KDE model: t-student rot df=3
2026-05-05 23:44:07,846 | INFO | Scenario: scenario_2___nu=3 | n_rep: 178 | KDE model: gaussian rot
2026-05-05 23:44:08,508 | INFO | Scenario: scenario_2___nu=3 | n_rep: 178 | KDE model: t-student rot df=3
2026-05-05 23:44:09,114 | INFO | Scenario: scenario_2___nu=3 | n_rep: 179 | KDE model: gaussian rot
2026-05-05 23:44:09,759 | INFO | Scenario: scenario_2___nu=3 | n_rep: 179 | KDE model: t-student rot df=3
2026-05-05 23:44:10,401 | INFO | Scenario: scenario_2___nu=3 | n_rep: 180 | KDE model: gaussian rot
2026-05-05 23:44:10,875 | INFO | Scenario: scenario_2___nu=3 | n_rep: 180 | KDE model: t-student rot df=3
2026-05-05 23:44:11,325 | INFO | Scenario: scenario_2___nu=3 | n_rep: 181 | KDE model: gaussian rot
2026-05-05 23:44:11,709 | INFO | Scenario: scenario_2___nu=3 | n_rep: 181 | KDE model: t-student rot df=3
2026-05-05 23:44:12,078 | INFO | Scenario: scenario_2___nu=3 | n_rep: 182 | KDE model: gaussian rot
2026-05-05 23:44:12,557 | INFO | Scenario: scenario_2___nu=3 | n_rep: 182 | KDE model: t-student rot df=3
2026-05-05 23:44:13,011 | INFO | Scenario: scenario_2___nu=3 | n_rep: 183 | KDE model: gaussian rot
2026-05-05 23:44:13,442 | INFO | Scenario: scenario_2___nu=3 | n_rep: 183 | KDE model: t-student rot df=3
2026-05-05 23:44:13,880 | INFO | Scenario: scenario_2___nu=3 | n_rep: 184 | KDE model: gaussian rot
2026-05-05 23:44:14,321 | INFO | Scenario: scenario_2___nu=3 | n_rep: 184 | KDE model: t-student rot df=3
2026-05-05 23:44:14,838 | INFO | Scenario: scenario_2___nu=3 | n_rep: 185 | KDE model: gaussian rot
2026-05-05 23:44:15,825 | INFO | Scenario: scenario_2___nu=3 | n_rep: 185 | KDE model: t-student rot df=3
2026-05-05 23:44:16,627 | INFO | Scenario: scenario_2___nu=3 | n_rep: 186 | KDE model: gaussian rot
2026-05-05 23:44:17,045 | INFO | Scenario: scenario_2___nu=3 | n_rep: 186 | KDE model: t-student rot df=3
2026-05-05 23:44:17,509 | INFO | Scenario: scenario_2___nu=3 | n_rep: 187 | KDE model: gaussian rot
2026-05-05 23:44:18,161 | INFO | Scenario: scenario_2___nu=3 | n_rep: 187 | KDE model: t-student rot df=3
2026-05-05 23:44:18,502 | INFO | Scenario: scenario_2___nu=3 | n_rep: 188 | KDE model: gaussian rot
2026-05-05 23:44:19,015 | INFO | Scenario: scenario_2___nu=3 | n_rep: 188 | KDE model: t-student rot df=3
2026-05-05 23:44:19,583 | INFO | Scenario: scenario_2___nu=3 | n_rep: 189 | KDE model: gaussian rot
2026-05-05 23:44:20,011 | INFO | Scenario: scenario_2___nu=3 | n_rep: 189 | KDE model: t-student rot df=3
2026-05-05 23:44:20,422 | INFO | Scenario: scenario_2___nu=3 | n_rep: 190 | KDE model: gaussian rot
2026-05-05 23:44:20,853 | INFO | Scenario: scenario_2___nu=3 | n_rep: 190 | KDE model: t-student rot df=3
2026-05-05 23:44:21,309 | INFO | Scenario: scenario_2___nu=3 | n_rep: 191 | KDE model: gaussian rot
2026-05-05 23:44:22,249 | INFO | Scenario: scenario_2___nu=3 | n_rep: 191 | KDE model: t-student rot df=3
2026-05-05 23:44:23,250 | INFO | Scenario: scenario_2___nu=3 | n_rep: 192 | KDE model: gaussian rot
2026-05-05 23:44:23,690 | INFO | Scenario: scenario_2___nu=3 | n_rep: 192 | KDE model: t-student rot df=3
2026-05-05 23:44:24,141 | INFO | Scenario: scenario_2___nu=3 | n_rep: 193 | KDE model: gaussian rot
2026-05-05 23:44:24,812 | INFO | Scenario: scenario_2___nu=3 | n_rep: 193 | KDE model: t-student rot df=3
2026-05-05 23:44:25,614 | INFO | Scenario: scenario_2___nu=3 | n_rep: 194 | KDE model: gaussian rot
2026-05-05 23:44:26,092 | INFO | Scenario: scenario_2___nu=3 | n_rep: 194 | KDE model: t-student rot df=3
2026-05-05 23:44:26,580 | INFO | Scenario: scenario_2___nu=3 | n_rep: 195 | KDE model: gaussian rot
2026-05-05 23:44:27,380 | INFO | Scenario: scenario_2___nu=3 | n_rep: 195 | KDE model: t-student rot df=3
2026-05-05 23:44:28,183 | INFO | Scenario: scenario_2___nu=3 | n_rep: 196 | KDE model: gaussian rot
2026-05-05 23:44:28,658 | INFO | Scenario: scenario_2___nu=3 | n_rep: 196 | KDE model: t-student rot df=3
2026-05-05 23:44:29,085 | INFO | Scenario: scenario_2___nu=3 | n_rep: 197 | KDE model: gaussian rot
2026-05-05 23:44:29,990 | INFO | Scenario: scenario_2___nu=3 | n_rep: 197 | KDE model: t-student rot df=3
2026-05-05 23:44:30,499 | INFO | Scenario: scenario_2___nu=3 | n_rep: 198 | KDE model: gaussian rot
2026-05-05 23:44:30,923 | INFO | Scenario: scenario_2___nu=3 | n_rep: 198 | KDE model: t-student rot df=3
2026-05-05 23:44:31,374 | INFO | Scenario: scenario_2___nu=3 | n_rep: 199 | KDE model: gaussian rot
2026-05-05 23:44:31,818 | INFO | Scenario: scenario_2___nu=3 | n_rep: 199 | KDE model: t-student rot df=3
2026-05-05 23:44:32,238 | INFO | Scenario: scenario_2___nu=3 | n_rep: 200 | KDE model: gaussian rot
2026-05-05 23:44:32,838 | INFO | Scenario: scenario_2___nu=3 | n_rep: 200 | KDE model: t-student rot df=3
2026-05-05 23:44:33,577 | INFO | Scenario: scenario_2___nu=3 | n_rep: 201 | KDE model: gaussian rot
2026-05-05 23:44:34,286 | INFO | Scenario: scenario_2___nu=3 | n_rep: 201 | KDE model: t-student rot df=3
2026-05-05 23:44:35,080 | INFO | Scenario: scenario_2___nu=3 | n_rep: 202 | KDE model: gaussian rot
2026-05-05 23:44:35,462 | INFO | Scenario: scenario_2___nu=3 | n_rep: 202 | KDE model: t-student rot df=3
2026-05-05 23:44:35,924 | INFO | Scenario: scenario_2___nu=3 | n_rep: 203 | KDE model: gaussian rot
2026-05-05 23:44:36,385 | INFO | Scenario: scenario_2___nu=3 | n_rep: 203 | KDE model: t-student rot df=3
2026-05-05 23:44:36,779 | INFO | Scenario: scenario_2___nu=3 | n_rep: 204 | KDE model: gaussian rot
2026-05-05 23:44:37,173 | INFO | Scenario: scenario_2___nu=3 | n_rep: 204 | KDE model: t-student rot df=3
2026-05-05 23:44:37,554 | INFO | Scenario: scenario_2___nu=3 | n_rep: 205 | KDE model: gaussian rot
2026-05-05 23:44:38,162 | INFO | Scenario: scenario_2___nu=3 | n_rep: 205 | KDE model: t-student rot df=3
2026-05-05 23:44:38,852 | INFO | Scenario: scenario_2___nu=3 | n_rep: 206 | KDE model: gaussian rot
2026-05-05 23:44:39,314 | INFO | Scenario: scenario_2___nu=3 | n_rep: 206 | KDE model: t-student rot df=3
2026-05-05 23:44:39,766 | INFO | Scenario: scenario_2___nu=3 | n_rep: 207 | KDE model: gaussian rot
2026-05-05 23:44:40,098 | INFO | Scenario: scenario_2___nu=3 | n_rep: 207 | KDE model: t-student rot df=3
2026-05-05 23:44:40,488 | INFO | Scenario: scenario_2___nu=3 | n_rep: 208 | KDE model: gaussian rot
2026-05-05 23:44:41,131 | INFO | Scenario: scenario_2___nu=3 | n_rep: 208 | KDE model: t-student rot df=3
2026-05-05 23:44:41,759 | INFO | Scenario: scenario_2___nu=3 | n_rep: 209 | KDE model: gaussian rot
2026-05-05 23:44:42,262 | INFO | Scenario: scenario_2___nu=3 | n_rep: 209 | KDE model: t-student rot df=3
2026-05-05 23:44:42,689 | INFO | Scenario: scenario_2___nu=3 | n_rep: 210 | KDE model: gaussian rot
2026-05-05 23:44:43,289 | INFO | Scenario: scenario_2___nu=3 | n_rep: 210 | KDE model: t-student rot df=3
2026-05-05 23:44:43,892 | INFO | Scenario: scenario_2___nu=3 | n_rep: 211 | KDE model: gaussian rot
2026-05-05 23:44:44,358 | INFO | Scenario: scenario_2___nu=3 | n_rep: 211 | KDE model: t-student rot df=3
2026-05-05 23:44:44,794 | INFO | Scenario: scenario_2___nu=3 | n_rep: 212 | KDE model: gaussian rot
2026-05-05 23:44:45,371 | INFO | Scenario: scenario_2___nu=3 | n_rep: 212 | KDE model: t-student rot df=3
2026-05-05 23:44:46,105 | INFO | Scenario: scenario_2___nu=3 | n_rep: 213 | KDE model: gaussian rot
2026-05-05 23:44:46,548 | INFO | Scenario: scenario_2___nu=3 | n_rep: 213 | KDE model: t-student rot df=3
2026-05-05 23:44:47,272 | INFO | Scenario: scenario_2___nu=3 | n_rep: 214 | KDE model: gaussian rot
2026-05-05 23:44:47,761 | INFO | Scenario: scenario_2___nu=3 | n_rep: 214 | KDE model: t-student rot df=3
2026-05-05 23:44:48,214 | INFO | Scenario: scenario_2___nu=3 | n_rep: 215 | KDE model: gaussian rot
2026-05-05 23:44:48,709 | INFO | Scenario: scenario_2___nu=3 | n_rep: 215 | KDE model: t-student rot df=3
2026-05-05 23:44:49,154 | INFO | Scenario: scenario_2___nu=3 | n_rep: 216 | KDE model: gaussian rot
2026-05-05 23:44:49,685 | INFO | Scenario: scenario_2___nu=3 | n_rep: 216 | KDE model: t-student rot df=3
2026-05-05 23:44:50,238 | INFO | Scenario: scenario_2___nu=3 | n_rep: 217 | KDE model: gaussian rot
2026-05-05 23:44:50,617 | INFO | Scenario: scenario_2___nu=3 | n_rep: 217 | KDE model: t-student rot df=3
2026-05-05 23:44:51,024 | INFO | Scenario: scenario_2___nu=3 | n_rep: 218 | KDE model: gaussian rot
2026-05-05 23:44:51,404 | INFO | Scenario: scenario_2___nu=3 | n_rep: 218 | KDE model: t-student rot df=3
2026-05-05 23:44:51,822 | INFO | Scenario: scenario_2___nu=3 | n_rep: 219 | KDE model: gaussian rot
2026-05-05 23:44:52,200 | INFO | Scenario: scenario_2___nu=3 | n_rep: 219 | KDE model: t-student rot df=3
2026-05-05 23:44:52,623 | INFO | Scenario: scenario_2___nu=3 | n_rep: 220 | KDE model: gaussian rot
2026-05-05 23:44:53,030 | INFO | Scenario: scenario_2___nu=3 | n_rep: 220 | KDE model: t-student rot df=3
2026-05-05 23:44:53,443 | INFO | Scenario: scenario_2___nu=3 | n_rep: 221 | KDE model: gaussian rot
2026-05-05 23:44:53,885 | INFO | Scenario: scenario_2___nu=3 | n_rep: 221 | KDE model: t-student rot df=3
2026-05-05 23:44:54,304 | INFO | Scenario: scenario_2___nu=3 | n_rep: 222 | KDE model: gaussian rot
2026-05-05 23:44:54,931 | INFO | Scenario: scenario_2___nu=3 | n_rep: 222 | KDE model: t-student rot df=3
2026-05-05 23:44:55,706 | INFO | Scenario: scenario_2___nu=3 | n_rep: 223 | KDE model: gaussian rot
2026-05-05 23:44:56,086 | INFO | Scenario: scenario_2___nu=3 | n_rep: 223 | KDE model: t-student rot df=3
2026-05-05 23:44:56,514 | INFO | Scenario: scenario_2___nu=3 | n_rep: 224 | KDE model: gaussian rot
2026-05-05 23:44:57,150 | INFO | Scenario: scenario_2___nu=3 | n_rep: 224 | KDE model: t-student rot df=3
2026-05-05 23:44:57,717 | INFO | Scenario: scenario_2___nu=3 | n_rep: 225 | KDE model: gaussian rot
2026-05-05 23:44:58,226 | INFO | Scenario: scenario_2___nu=3 | n_rep: 225 | KDE model: t-student rot df=3
2026-05-05 23:44:58,780 | INFO | Scenario: scenario_2___nu=3 | n_rep: 226 | KDE model: gaussian rot
2026-05-05 23:44:59,238 | INFO | Scenario: scenario_2___nu=3 | n_rep: 226 | KDE model: t-student rot df=3
2026-05-05 23:44:59,637 | INFO | Scenario: scenario_2___nu=3 | n_rep: 227 | KDE model: gaussian rot
2026-05-05 23:45:00,004 | INFO | Scenario: scenario_2___nu=3 | n_rep: 227 | KDE model: t-student rot df=3
2026-05-05 23:45:00,361 | INFO | Scenario: scenario_2___nu=3 | n_rep: 228 | KDE model: gaussian rot
2026-05-05 23:45:00,853 | INFO | Scenario: scenario_2___nu=3 | n_rep: 228 | KDE model: t-student rot df=3
2026-05-05 23:45:01,621 | INFO | Scenario: scenario_2___nu=3 | n_rep: 229 | KDE model: gaussian rot
2026-05-05 23:45:02,012 | INFO | Scenario: scenario_2___nu=3 | n_rep: 229 | KDE model: t-student rot df=3
2026-05-05 23:45:02,428 | INFO | Scenario: scenario_2___nu=3 | n_rep: 230 | KDE model: gaussian rot
2026-05-05 23:45:02,876 | INFO | Scenario: scenario_2___nu=3 | n_rep: 230 | KDE model: t-student rot df=3
2026-05-05 23:45:03,361 | INFO | Scenario: scenario_2___nu=3 | n_rep: 231 | KDE model: gaussian rot
2026-05-05 23:45:04,268 | INFO | Scenario: scenario_2___nu=3 | n_rep: 231 | KDE model: t-student rot df=3
2026-05-05 23:45:05,070 | INFO | Scenario: scenario_2___nu=3 | n_rep: 232 | KDE model: gaussian rot
2026-05-05 23:45:05,721 | INFO | Scenario: scenario_2___nu=3 | n_rep: 232 | KDE model: t-student rot df=3
2026-05-05 23:45:06,274 | INFO | Scenario: scenario_2___nu=3 | n_rep: 233 | KDE model: gaussian rot
2026-05-05 23:45:07,015 | INFO | Scenario: scenario_2___nu=3 | n_rep: 233 | KDE model: t-student rot df=3
2026-05-05 23:45:07,807 | INFO | Scenario: scenario_2___nu=3 | n_rep: 234 | KDE model: gaussian rot
2026-05-05 23:45:08,645 | INFO | Scenario: scenario_2___nu=3 | n_rep: 234 | KDE model: t-student rot df=3
2026-05-05 23:45:09,481 | INFO | Scenario: scenario_2___nu=3 | n_rep: 235 | KDE model: gaussian rot
2026-05-05 23:45:10,234 | INFO | Scenario: scenario_2___nu=3 | n_rep: 235 | KDE model: t-student rot df=3
2026-05-05 23:45:10,650 | INFO | Scenario: scenario_2___nu=3 | n_rep: 236 | KDE model: gaussian rot
2026-05-05 23:45:11,141 | INFO | Scenario: scenario_2___nu=3 | n_rep: 236 | KDE model: t-student rot df=3
2026-05-05 23:45:11,598 | INFO | Scenario: scenario_2___nu=3 | n_rep: 237 | KDE model: gaussian rot
2026-05-05 23:45:12,022 | INFO | Scenario: scenario_2___nu=3 | n_rep: 237 | KDE model: t-student rot df=3
2026-05-05 23:45:12,794 | INFO | Scenario: scenario_2___nu=3 | n_rep: 238 | KDE model: gaussian rot
2026-05-05 23:45:13,191 | INFO | Scenario: scenario_2___nu=3 | n_rep: 238 | KDE model: t-student rot df=3
2026-05-05 23:45:13,651 | INFO | Scenario: scenario_2___nu=3 | n_rep: 239 | KDE model: gaussian rot
2026-05-05 23:45:14,214 | INFO | Scenario: scenario_2___nu=3 | n_rep: 239 | KDE model: t-student rot df=3
2026-05-05 23:45:14,770 | INFO | Scenario: scenario_2___nu=3 | n_rep: 240 | KDE model: gaussian rot
2026-05-05 23:45:15,272 | INFO | Scenario: scenario_2___nu=3 | n_rep: 240 | KDE model: t-student rot df=3
2026-05-05 23:45:15,785 | INFO | Scenario: scenario_2___nu=3 | n_rep: 241 | KDE model: gaussian rot
2026-05-05 23:45:16,142 | INFO | Scenario: scenario_2___nu=3 | n_rep: 241 | KDE model: t-student rot df=3
2026-05-05 23:45:16,549 | INFO | Scenario: scenario_2___nu=3 | n_rep: 242 | KDE model: gaussian rot
2026-05-05 23:45:17,046 | INFO | Scenario: scenario_2___nu=3 | n_rep: 242 | KDE model: t-student rot df=3
2026-05-05 23:45:17,666 | INFO | Scenario: scenario_2___nu=3 | n_rep: 243 | KDE model: gaussian rot
2026-05-05 23:45:18,358 | INFO | Scenario: scenario_2___nu=3 | n_rep: 243 | KDE model: t-student rot df=3
2026-05-05 23:45:18,978 | INFO | Scenario: scenario_2___nu=3 | n_rep: 244 | KDE model: gaussian rot
2026-05-05 23:45:19,382 | INFO | Scenario: scenario_2___nu=3 | n_rep: 244 | KDE model: t-student rot df=3
2026-05-05 23:45:19,829 | INFO | Scenario: scenario_2___nu=3 | n_rep: 245 | KDE model: gaussian rot
2026-05-05 23:45:20,471 | INFO | Scenario: scenario_2___nu=3 | n_rep: 245 | KDE model: t-student rot df=3
2026-05-05 23:45:21,036 | INFO | Scenario: scenario_2___nu=3 | n_rep: 246 | KDE model: gaussian rot
2026-05-05 23:45:21,705 | INFO | Scenario: scenario_2___nu=3 | n_rep: 246 | KDE model: t-student rot df=3
2026-05-05 23:45:22,354 | INFO | Scenario: scenario_2___nu=3 | n_rep: 247 | KDE model: gaussian rot
2026-05-05 23:45:22,715 | INFO | Scenario: scenario_2___nu=3 | n_rep: 247 | KDE model: t-student rot df=3
2026-05-05 23:45:23,073 | INFO | Scenario: scenario_2___nu=3 | n_rep: 248 | KDE model: gaussian rot
2026-05-05 23:45:23,721 | INFO | Scenario: scenario_2___nu=3 | n_rep: 248 | KDE model: t-student rot df=3
2026-05-05 23:45:24,456 | INFO | Scenario: scenario_2___nu=3 | n_rep: 249 | KDE model: gaussian rot
2026-05-05 23:45:25,194 | INFO | Scenario: scenario_2___nu=3 | n_rep: 249 | KDE model: t-student rot df=3
2026-05-05 23:45:25,925 | INFO | Scenario: scenario_2___nu=3 | n_rep: 250 | KDE model: gaussian rot
2026-05-05 23:45:26,365 | INFO | Scenario: scenario_2___nu=3 | n_rep: 250 | KDE model: t-student rot df=3
2026-05-05 23:45:26,831 | INFO | Scenario: scenario_2___nu=3 | n_rep: 251 | KDE model: gaussian rot
2026-05-05 23:45:27,226 | INFO | Scenario: scenario_2___nu=3 | n_rep: 251 | KDE model: t-student rot df=3
2026-05-05 23:45:27,738 | INFO | Scenario: scenario_2___nu=3 | n_rep: 252 | KDE model: gaussian rot
2026-05-05 23:45:28,490 | INFO | Scenario: scenario_2___nu=3 | n_rep: 252 | KDE model: t-student rot df=3
2026-05-05 23:45:29,206 | INFO | Scenario: scenario_2___nu=3 | n_rep: 253 | KDE model: gaussian rot
2026-05-05 23:45:29,695 | INFO | Scenario: scenario_2___nu=3 | n_rep: 253 | KDE model: t-student rot df=3
2026-05-05 23:45:30,120 | INFO | Scenario: scenario_2___nu=3 | n_rep: 254 | KDE model: gaussian rot
2026-05-05 23:45:30,589 | INFO | Scenario: scenario_2___nu=3 | n_rep: 254 | KDE model: t-student rot df=3
2026-05-05 23:45:31,078 | INFO | Scenario: scenario_2___nu=3 | n_rep: 255 | KDE model: gaussian rot
2026-05-05 23:45:31,717 | INFO | Scenario: scenario_2___nu=3 | n_rep: 255 | KDE model: t-student rot df=3
2026-05-05 23:45:32,475 | INFO | Scenario: scenario_2___nu=3 | n_rep: 256 | KDE model: gaussian rot
2026-05-05 23:45:32,847 | INFO | Scenario: scenario_2___nu=3 | n_rep: 256 | KDE model: t-student rot df=3
2026-05-05 23:45:33,553 | INFO | Scenario: scenario_2___nu=3 | n_rep: 257 | KDE model: gaussian rot
2026-05-05 23:45:33,911 | INFO | Scenario: scenario_2___nu=3 | n_rep: 257 | KDE model: t-student rot df=3
2026-05-05 23:45:34,310 | INFO | Scenario: scenario_2___nu=3 | n_rep: 258 | KDE model: gaussian rot
2026-05-05 23:45:35,030 | INFO | Scenario: scenario_2___nu=3 | n_rep: 258 | KDE model: t-student rot df=3
2026-05-05 23:45:35,653 | INFO | Scenario: scenario_2___nu=3 | n_rep: 259 | KDE model: gaussian rot
2026-05-05 23:45:36,020 | INFO | Scenario: scenario_2___nu=3 | n_rep: 259 | KDE model: t-student rot df=3
2026-05-05 23:45:36,421 | INFO | Scenario: scenario_2___nu=3 | n_rep: 260 | KDE model: gaussian rot
2026-05-05 23:45:37,173 | INFO | Scenario: scenario_2___nu=3 | n_rep: 260 | KDE model: t-student rot df=3
2026-05-05 23:45:37,959 | INFO | Scenario: scenario_2___nu=3 | n_rep: 261 | KDE model: gaussian rot
2026-05-05 23:45:38,545 | INFO | Scenario: scenario_2___nu=3 | n_rep: 261 | KDE model: t-student rot df=3
2026-05-05 23:45:39,001 | INFO | Scenario: scenario_2___nu=3 | n_rep: 262 | KDE model: gaussian rot
2026-05-05 23:45:39,427 | INFO | Scenario: scenario_2___nu=3 | n_rep: 262 | KDE model: t-student rot df=3
2026-05-05 23:45:39,904 | INFO | Scenario: scenario_2___nu=3 | n_rep: 263 | KDE model: gaussian rot
2026-05-05 23:45:40,406 | INFO | Scenario: scenario_2___nu=3 | n_rep: 263 | KDE model: t-student rot df=3
2026-05-05 23:45:40,870 | INFO | Scenario: scenario_2___nu=3 | n_rep: 264 | KDE model: gaussian rot
2026-05-05 23:45:41,525 | INFO | Scenario: scenario_2___nu=3 | n_rep: 264 | KDE model: t-student rot df=3
2026-05-05 23:45:42,296 | INFO | Scenario: scenario_2___nu=3 | n_rep: 265 | KDE model: gaussian rot
2026-05-05 23:45:42,737 | INFO | Scenario: scenario_2___nu=3 | n_rep: 265 | KDE model: t-student rot df=3
2026-05-05 23:45:43,205 | INFO | Scenario: scenario_2___nu=3 | n_rep: 266 | KDE model: gaussian rot
2026-05-05 23:45:43,642 | INFO | Scenario: scenario_2___nu=3 | n_rep: 266 | KDE model: t-student rot df=3
2026-05-05 23:45:44,011 | INFO | Scenario: scenario_2___nu=3 | n_rep: 267 | KDE model: gaussian rot
2026-05-05 23:45:44,727 | INFO | Scenario: scenario_2___nu=3 | n_rep: 267 | KDE model: t-student rot df=3
2026-05-05 23:45:45,530 | INFO | Scenario: scenario_2___nu=3 | n_rep: 268 | KDE model: gaussian rot
2026-05-05 23:45:45,884 | INFO | Scenario: scenario_2___nu=3 | n_rep: 268 | KDE model: t-student rot df=3
2026-05-05 23:45:46,239 | INFO | Scenario: scenario_2___nu=3 | n_rep: 269 | KDE model: gaussian rot
2026-05-05 23:45:46,708 | INFO | Scenario: scenario_2___nu=3 | n_rep: 269 | KDE model: t-student rot df=3
2026-05-05 23:45:47,186 | INFO | Scenario: scenario_2___nu=3 | n_rep: 270 | KDE model: gaussian rot
2026-05-05 23:45:47,729 | INFO | Scenario: scenario_2___nu=3 | n_rep: 270 | KDE model: t-student rot df=3
2026-05-05 23:45:48,299 | INFO | Scenario: scenario_2___nu=3 | n_rep: 271 | KDE model: gaussian rot
2026-05-05 23:45:48,634 | INFO | Scenario: scenario_2___nu=3 | n_rep: 271 | KDE model: t-student rot df=3
2026-05-05 23:45:48,973 | INFO | Scenario: scenario_2___nu=3 | n_rep: 272 | KDE model: gaussian rot
2026-05-05 23:45:49,644 | INFO | Scenario: scenario_2___nu=3 | n_rep: 272 | KDE model: t-student rot df=3
2026-05-05 23:45:50,296 | INFO | Scenario: scenario_2___nu=3 | n_rep: 273 | KDE model: gaussian rot
2026-05-05 23:45:50,688 | INFO | Scenario: scenario_2___nu=3 | n_rep: 273 | KDE model: t-student rot df=3
2026-05-05 23:45:51,025 | INFO | Scenario: scenario_2___nu=3 | n_rep: 274 | KDE model: gaussian rot
2026-05-05 23:45:51,433 | INFO | Scenario: scenario_2___nu=3 | n_rep: 274 | KDE model: t-student rot df=3
2026-05-05 23:45:51,876 | INFO | Scenario: scenario_2___nu=3 | n_rep: 275 | KDE model: gaussian rot
2026-05-05 23:45:52,603 | INFO | Scenario: scenario_2___nu=3 | n_rep: 275 | KDE model: t-student rot df=3
2026-05-05 23:45:53,257 | INFO | Scenario: scenario_2___nu=3 | n_rep: 276 | KDE model: gaussian rot
2026-05-05 23:45:53,704 | INFO | Scenario: scenario_2___nu=3 | n_rep: 276 | KDE model: t-student rot df=3
2026-05-05 23:45:54,159 | INFO | Scenario: scenario_2___nu=3 | n_rep: 277 | KDE model: gaussian rot
2026-05-05 23:45:54,658 | INFO | Scenario: scenario_2___nu=3 | n_rep: 277 | KDE model: t-student rot df=3
2026-05-05 23:45:55,141 | INFO | Scenario: scenario_2___nu=3 | n_rep: 278 | KDE model: gaussian rot
2026-05-05 23:45:55,670 | INFO | Scenario: scenario_2___nu=3 | n_rep: 278 | KDE model: t-student rot df=3
2026-05-05 23:45:56,130 | INFO | Scenario: scenario_2___nu=3 | n_rep: 279 | KDE model: gaussian rot
2026-05-05 23:45:56,575 | INFO | Scenario: scenario_2___nu=3 | n_rep: 279 | KDE model: t-student rot df=3
2026-05-05 23:45:57,087 | INFO | Scenario: scenario_2___nu=3 | n_rep: 280 | KDE model: gaussian rot
2026-05-05 23:45:57,901 | INFO | Scenario: scenario_2___nu=3 | n_rep: 280 | KDE model: t-student rot df=3
2026-05-05 23:45:58,646 | INFO | Scenario: scenario_2___nu=3 | n_rep: 281 | KDE model: gaussian rot
2026-05-05 23:45:59,074 | INFO | Scenario: scenario_2___nu=3 | n_rep: 281 | KDE model: t-student rot df=3
2026-05-05 23:45:59,500 | INFO | Scenario: scenario_2___nu=3 | n_rep: 282 | KDE model: gaussian rot
2026-05-05 23:45:59,953 | INFO | Scenario: scenario_2___nu=3 | n_rep: 282 | KDE model: t-student rot df=3
2026-05-05 23:46:00,294 | INFO | Scenario: scenario_2___nu=3 | n_rep: 283 | KDE model: gaussian rot
2026-05-05 23:46:00,707 | INFO | Scenario: scenario_2___nu=3 | n_rep: 283 | KDE model: t-student rot df=3
2026-05-05 23:46:01,232 | INFO | Scenario: scenario_2___nu=3 | n_rep: 284 | KDE model: gaussian rot
2026-05-05 23:46:01,678 | INFO | Scenario: scenario_2___nu=3 | n_rep: 284 | KDE model: t-student rot df=3
2026-05-05 23:46:02,157 | INFO | Scenario: scenario_2___nu=3 | n_rep: 285 | KDE model: gaussian rot
2026-05-05 23:46:02,568 | INFO | Scenario: scenario_2___nu=3 | n_rep: 285 | KDE model: t-student rot df=3
2026-05-05 23:46:02,965 | INFO | Scenario: scenario_2___nu=3 | n_rep: 286 | KDE model: gaussian rot
2026-05-05 23:46:03,423 | INFO | Scenario: scenario_2___nu=3 | n_rep: 286 | KDE model: t-student rot df=3
2026-05-05 23:46:03,909 | INFO | Scenario: scenario_2___nu=3 | n_rep: 287 | KDE model: gaussian rot
2026-05-05 23:46:04,335 | INFO | Scenario: scenario_2___nu=3 | n_rep: 287 | KDE model: t-student rot df=3
2026-05-05 23:46:04,746 | INFO | Scenario: scenario_2___nu=3 | n_rep: 288 | KDE model: gaussian rot
2026-05-05 23:46:05,182 | INFO | Scenario: scenario_2___nu=3 | n_rep: 288 | KDE model: t-student rot df=3
2026-05-05 23:46:05,624 | INFO | Scenario: scenario_2___nu=3 | n_rep: 289 | KDE model: gaussian rot
2026-05-05 23:46:06,133 | INFO | Scenario: scenario_2___nu=3 | n_rep: 289 | KDE model: t-student rot df=3
2026-05-05 23:46:06,561 | INFO | Scenario: scenario_2___nu=3 | n_rep: 290 | KDE model: gaussian rot
2026-05-05 23:46:07,043 | INFO | Scenario: scenario_2___nu=3 | n_rep: 290 | KDE model: t-student rot df=3
2026-05-05 23:46:07,483 | INFO | Scenario: scenario_2___nu=3 | n_rep: 291 | KDE model: gaussian rot
2026-05-05 23:46:07,864 | INFO | Scenario: scenario_2___nu=3 | n_rep: 291 | KDE model: t-student rot df=3
2026-05-05 23:46:08,301 | INFO | Scenario: scenario_2___nu=3 | n_rep: 292 | KDE model: gaussian rot
2026-05-05 23:46:08,789 | INFO | Scenario: scenario_2___nu=3 | n_rep: 292 | KDE model: t-student rot df=3
2026-05-05 23:46:09,235 | INFO | Scenario: scenario_2___nu=3 | n_rep: 293 | KDE model: gaussian rot
2026-05-05 23:46:09,767 | INFO | Scenario: scenario_2___nu=3 | n_rep: 293 | KDE model: t-student rot df=3
2026-05-05 23:46:10,293 | INFO | Scenario: scenario_2___nu=3 | n_rep: 294 | KDE model: gaussian rot
2026-05-05 23:46:10,726 | INFO | Scenario: scenario_2___nu=3 | n_rep: 294 | KDE model: t-student rot df=3
2026-05-05 23:46:11,128 | INFO | Scenario: scenario_2___nu=3 | n_rep: 295 | KDE model: gaussian rot
2026-05-05 23:46:11,610 | INFO | Scenario: scenario_2___nu=3 | n_rep: 295 | KDE model: t-student rot df=3
2026-05-05 23:46:12,037 | INFO | Scenario: scenario_2___nu=3 | n_rep: 296 | KDE model: gaussian rot
2026-05-05 23:46:12,535 | INFO | Scenario: scenario_2___nu=3 | n_rep: 296 | KDE model: t-student rot df=3
2026-05-05 23:46:13,750 | INFO | Scenario: scenario_2___nu=3 | n_rep: 297 | KDE model: gaussian rot
2026-05-05 23:46:14,185 | INFO | Scenario: scenario_2___nu=3 | n_rep: 297 | KDE model: t-student rot df=3
2026-05-05 23:46:14,554 | INFO | Scenario: scenario_2___nu=3 | n_rep: 298 | KDE model: gaussian rot
2026-05-05 23:46:15,420 | INFO | Scenario: scenario_2___nu=3 | n_rep: 298 | KDE model: t-student rot df=3
2026-05-05 23:46:16,215 | INFO | Scenario: scenario_2___nu=3 | n_rep: 299 | KDE model: gaussian rot
2026-05-05 23:46:16,999 | INFO | Scenario: scenario_2___nu=3 | n_rep: 299 | KDE model: t-student rot df=3
2026-05-05 23:46:17,741 | INFO | Scenario: scenario_2___nu=3 | n_rep: 300 | KDE model: gaussian rot
2026-05-05 23:46:18,095 | INFO | Scenario: scenario_2___nu=3 | n_rep: 300 | KDE model: t-student rot df=3
2026-05-05 23:46:18,547 | INFO | Scenario: scenario_2___nu=3 | n_rep: 301 | KDE model: gaussian rot
2026-05-05 23:46:18,955 | INFO | Scenario: scenario_2___nu=3 | n_rep: 301 | KDE model: t-student rot df=3
2026-05-05 23:46:19,410 | INFO | Scenario: scenario_2___nu=3 | n_rep: 302 | KDE model: gaussian rot
2026-05-05 23:46:20,161 | INFO | Scenario: scenario_2___nu=3 | n_rep: 302 | KDE model: t-student rot df=3
2026-05-05 23:46:20,830 | INFO | Scenario: scenario_2___nu=3 | n_rep: 303 | KDE model: gaussian rot
2026-05-05 23:46:21,187 | INFO | Scenario: scenario_2___nu=3 | n_rep: 303 | KDE model: t-student rot df=3
2026-05-05 23:46:21,521 | INFO | Scenario: scenario_2___nu=3 | n_rep: 304 | KDE model: gaussian rot
2026-05-05 23:46:21,941 | INFO | Scenario: scenario_2___nu=3 | n_rep: 304 | KDE model: t-student rot df=3
2026-05-05 23:46:22,367 | INFO | Scenario: scenario_2___nu=3 | n_rep: 305 | KDE model: gaussian rot
2026-05-05 23:46:22,866 | INFO | Scenario: scenario_2___nu=3 | n_rep: 305 | KDE model: t-student rot df=3
2026-05-05 23:46:23,543 | INFO | Scenario: scenario_2___nu=3 | n_rep: 306 | KDE model: gaussian rot
2026-05-05 23:46:24,323 | INFO | Scenario: scenario_2___nu=3 | n_rep: 306 | KDE model: t-student rot df=3
2026-05-05 23:46:25,136 | INFO | Scenario: scenario_2___nu=3 | n_rep: 307 | KDE model: gaussian rot
2026-05-05 23:46:25,727 | INFO | Scenario: scenario_2___nu=3 | n_rep: 307 | KDE model: t-student rot df=3
2026-05-05 23:46:26,297 | INFO | Scenario: scenario_2___nu=3 | n_rep: 308 | KDE model: gaussian rot
2026-05-05 23:46:26,717 | INFO | Scenario: scenario_2___nu=3 | n_rep: 308 | KDE model: t-student rot df=3
2026-05-05 23:46:27,128 | INFO | Scenario: scenario_2___nu=3 | n_rep: 309 | KDE model: gaussian rot
2026-05-05 23:46:27,860 | INFO | Scenario: scenario_2___nu=3 | n_rep: 309 | KDE model: t-student rot df=3
2026-05-05 23:46:28,557 | INFO | Scenario: scenario_2___nu=3 | n_rep: 310 | KDE model: gaussian rot
2026-05-05 23:46:28,976 | INFO | Scenario: scenario_2___nu=3 | n_rep: 310 | KDE model: t-student rot df=3
2026-05-05 23:46:29,377 | INFO | Scenario: scenario_2___nu=3 | n_rep: 311 | KDE model: gaussian rot
2026-05-05 23:46:29,875 | INFO | Scenario: scenario_2___nu=3 | n_rep: 311 | KDE model: t-student rot df=3
2026-05-05 23:46:30,239 | INFO | Scenario: scenario_2___nu=3 | n_rep: 312 | KDE model: gaussian rot
2026-05-05 23:46:30,810 | INFO | Scenario: scenario_2___nu=3 | n_rep: 312 | KDE model: t-student rot df=3
2026-05-05 23:46:31,351 | INFO | Scenario: scenario_2___nu=3 | n_rep: 313 | KDE model: gaussian rot
2026-05-05 23:46:32,126 | INFO | Scenario: scenario_2___nu=3 | n_rep: 313 | KDE model: t-student rot df=3
2026-05-05 23:46:33,271 | INFO | Scenario: scenario_2___nu=3 | n_rep: 314 | KDE model: gaussian rot
2026-05-05 23:46:33,986 | INFO | Scenario: scenario_2___nu=3 | n_rep: 314 | KDE model: t-student rot df=3
2026-05-05 23:46:34,626 | INFO | Scenario: scenario_2___nu=3 | n_rep: 315 | KDE model: gaussian rot
2026-05-05 23:46:35,071 | INFO | Scenario: scenario_2___nu=3 | n_rep: 315 | KDE model: t-student rot df=3
2026-05-05 23:46:35,484 | INFO | Scenario: scenario_2___nu=3 | n_rep: 316 | KDE model: gaussian rot
2026-05-05 23:46:35,861 | INFO | Scenario: scenario_2___nu=3 | n_rep: 316 | KDE model: t-student rot df=3
2026-05-05 23:46:36,506 | INFO | Scenario: scenario_2___nu=3 | n_rep: 317 | KDE model: gaussian rot
2026-05-05 23:46:36,994 | INFO | Scenario: scenario_2___nu=3 | n_rep: 317 | KDE model: t-student rot df=3
2026-05-05 23:46:37,455 | INFO | Scenario: scenario_2___nu=3 | n_rep: 318 | KDE model: gaussian rot
2026-05-05 23:46:38,229 | INFO | Scenario: scenario_2___nu=3 | n_rep: 318 | KDE model: t-student rot df=3
2026-05-05 23:46:38,937 | INFO | Scenario: scenario_2___nu=3 | n_rep: 319 | KDE model: gaussian rot
2026-05-05 23:46:39,468 | INFO | Scenario: scenario_2___nu=3 | n_rep: 319 | KDE model: t-student rot df=3
2026-05-05 23:46:40,067 | INFO | Scenario: scenario_2___nu=3 | n_rep: 320 | KDE model: gaussian rot
2026-05-05 23:46:40,799 | INFO | Scenario: scenario_2___nu=3 | n_rep: 320 | KDE model: t-student rot df=3
2026-05-05 23:46:41,330 | INFO | Scenario: scenario_2___nu=3 | n_rep: 321 | KDE model: gaussian rot
2026-05-05 23:46:41,775 | INFO | Scenario: scenario_2___nu=3 | n_rep: 321 | KDE model: t-student rot df=3
2026-05-05 23:46:42,203 | INFO | Scenario: scenario_2___nu=3 | n_rep: 322 | KDE model: gaussian rot
2026-05-05 23:46:42,623 | INFO | Scenario: scenario_2___nu=3 | n_rep: 322 | KDE model: t-student rot df=3
2026-05-05 23:46:43,019 | INFO | Scenario: scenario_2___nu=3 | n_rep: 323 | KDE model: gaussian rot
2026-05-05 23:46:43,518 | INFO | Scenario: scenario_2___nu=3 | n_rep: 323 | KDE model: t-student rot df=3
2026-05-05 23:46:44,103 | INFO | Scenario: scenario_2___nu=3 | n_rep: 324 | KDE model: gaussian rot
2026-05-05 23:46:44,920 | INFO | Scenario: scenario_2___nu=3 | n_rep: 324 | KDE model: t-student rot df=3
2026-05-05 23:46:45,716 | INFO | Scenario: scenario_2___nu=3 | n_rep: 325 | KDE model: gaussian rot
2026-05-05 23:46:46,186 | INFO | Scenario: scenario_2___nu=3 | n_rep: 325 | KDE model: t-student rot df=3
2026-05-05 23:46:46,597 | INFO | Scenario: scenario_2___nu=3 | n_rep: 326 | KDE model: gaussian rot
2026-05-05 23:46:47,055 | INFO | Scenario: scenario_2___nu=3 | n_rep: 326 | KDE model: t-student rot df=3
2026-05-05 23:46:47,487 | INFO | Scenario: scenario_2___nu=3 | n_rep: 327 | KDE model: gaussian rot
2026-05-05 23:46:47,892 | INFO | Scenario: scenario_2___nu=3 | n_rep: 327 | KDE model: t-student rot df=3
2026-05-05 23:46:48,314 | INFO | Scenario: scenario_2___nu=3 | n_rep: 328 | KDE model: gaussian rot
2026-05-05 23:46:48,703 | INFO | Scenario: scenario_2___nu=3 | n_rep: 328 | KDE model: t-student rot df=3
2026-05-05 23:46:49,122 | INFO | Scenario: scenario_2___nu=3 | n_rep: 329 | KDE model: gaussian rot
2026-05-05 23:46:49,633 | INFO | Scenario: scenario_2___nu=3 | n_rep: 329 | KDE model: t-student rot df=3
2026-05-05 23:46:50,137 | INFO | Scenario: scenario_2___nu=3 | n_rep: 330 | KDE model: gaussian rot
2026-05-05 23:46:50,643 | INFO | Scenario: scenario_2___nu=3 | n_rep: 330 | KDE model: t-student rot df=3
2026-05-05 23:46:51,078 | INFO | Scenario: scenario_2___nu=3 | n_rep: 331 | KDE model: gaussian rot
2026-05-05 23:46:51,493 | INFO | Scenario: scenario_2___nu=3 | n_rep: 331 | KDE model: t-student rot df=3
2026-05-05 23:46:51,992 | INFO | Scenario: scenario_2___nu=3 | n_rep: 332 | KDE model: gaussian rot
2026-05-05 23:46:52,753 | INFO | Scenario: scenario_2___nu=3 | n_rep: 332 | KDE model: t-student rot df=3
2026-05-05 23:46:53,453 | INFO | Scenario: scenario_2___nu=3 | n_rep: 333 | KDE model: gaussian rot
2026-05-05 23:46:53,840 | INFO | Scenario: scenario_2___nu=3 | n_rep: 333 | KDE model: t-student rot df=3
2026-05-05 23:46:54,280 | INFO | Scenario: scenario_2___nu=3 | n_rep: 334 | KDE model: gaussian rot
2026-05-05 23:46:54,674 | INFO | Scenario: scenario_2___nu=3 | n_rep: 334 | KDE model: t-student rot df=3
2026-05-05 23:46:55,023 | INFO | Scenario: scenario_2___nu=3 | n_rep: 335 | KDE model: gaussian rot
2026-05-05 23:46:55,621 | INFO | Scenario: scenario_2___nu=3 | n_rep: 335 | KDE model: t-student rot df=3
2026-05-05 23:46:56,175 | INFO | Scenario: scenario_2___nu=3 | n_rep: 336 | KDE model: gaussian rot
2026-05-05 23:46:56,835 | INFO | Scenario: scenario_2___nu=3 | n_rep: 336 | KDE model: t-student rot df=3
2026-05-05 23:46:57,298 | INFO | Scenario: scenario_2___nu=3 | n_rep: 337 | KDE model: gaussian rot
2026-05-05 23:46:57,784 | INFO | Scenario: scenario_2___nu=3 | n_rep: 337 | KDE model: t-student rot df=3
2026-05-05 23:46:58,290 | INFO | Scenario: scenario_2___nu=3 | n_rep: 338 | KDE model: gaussian rot
2026-05-05 23:46:58,650 | INFO | Scenario: scenario_2___nu=3 | n_rep: 338 | KDE model: t-student rot df=3
2026-05-05 23:46:58,958 | INFO | Scenario: scenario_2___nu=3 | n_rep: 339 | KDE model: gaussian rot
2026-05-05 23:46:59,531 | INFO | Scenario: scenario_2___nu=3 | n_rep: 339 | KDE model: t-student rot df=3
2026-05-05 23:47:00,165 | INFO | Scenario: scenario_2___nu=3 | n_rep: 340 | KDE model: gaussian rot
2026-05-05 23:47:00,724 | INFO | Scenario: scenario_2___nu=3 | n_rep: 340 | KDE model: t-student rot df=3
2026-05-05 23:47:01,230 | INFO | Scenario: scenario_2___nu=3 | n_rep: 341 | KDE model: gaussian rot
2026-05-05 23:47:01,809 | INFO | Scenario: scenario_2___nu=3 | n_rep: 341 | KDE model: t-student rot df=3
2026-05-05 23:47:02,141 | INFO | Scenario: scenario_2___nu=3 | n_rep: 342 | KDE model: gaussian rot
2026-05-05 23:47:02,693 | INFO | Scenario: scenario_2___nu=3 | n_rep: 342 | KDE model: t-student rot df=3
2026-05-05 23:47:03,279 | INFO | Scenario: scenario_2___nu=3 | n_rep: 343 | KDE model: gaussian rot
2026-05-05 23:47:03,714 | INFO | Scenario: scenario_2___nu=3 | n_rep: 343 | KDE model: t-student rot df=3
2026-05-05 23:47:04,147 | INFO | Scenario: scenario_2___nu=3 | n_rep: 344 | KDE model: gaussian rot
2026-05-05 23:47:04,574 | INFO | Scenario: scenario_2___nu=3 | n_rep: 344 | KDE model: t-student rot df=3
2026-05-05 23:47:04,973 | INFO | Scenario: scenario_2___nu=3 | n_rep: 345 | KDE model: gaussian rot
2026-05-05 23:47:05,629 | INFO | Scenario: scenario_2___nu=3 | n_rep: 345 | KDE model: t-student rot df=3
2026-05-05 23:47:06,291 | INFO | Scenario: scenario_2___nu=3 | n_rep: 346 | KDE model: gaussian rot
2026-05-05 23:47:07,118 | INFO | Scenario: scenario_2___nu=3 | n_rep: 346 | KDE model: t-student rot df=3
2026-05-05 23:47:07,841 | INFO | Scenario: scenario_2___nu=3 | n_rep: 347 | KDE model: gaussian rot
2026-05-05 23:47:08,243 | INFO | Scenario: scenario_2___nu=3 | n_rep: 347 | KDE model: t-student rot df=3
2026-05-05 23:47:08,624 | INFO | Scenario: scenario_2___nu=3 | n_rep: 348 | KDE model: gaussian rot
2026-05-05 23:47:09,034 | INFO | Scenario: scenario_2___nu=3 | n_rep: 348 | KDE model: t-student rot df=3
2026-05-05 23:47:09,472 | INFO | Scenario: scenario_2___nu=3 | n_rep: 349 | KDE model: gaussian rot
2026-05-05 23:47:10,177 | INFO | Scenario: scenario_2___nu=3 | n_rep: 349 | KDE model: t-student rot df=3
2026-05-05 23:47:10,900 | INFO | Scenario: scenario_2___nu=3 | n_rep: 350 | KDE model: gaussian rot
2026-05-05 23:47:11,401 | INFO | Scenario: scenario_2___nu=3 | n_rep: 350 | KDE model: t-student rot df=3
2026-05-05 23:47:11,923 | INFO | Scenario: scenario_2___nu=3 | n_rep: 351 | KDE model: gaussian rot
2026-05-05 23:47:12,343 | INFO | Scenario: scenario_2___nu=3 | n_rep: 351 | KDE model: t-student rot df=3
2026-05-05 23:47:12,774 | INFO | Scenario: scenario_2___nu=3 | n_rep: 352 | KDE model: gaussian rot
2026-05-05 23:47:13,207 | INFO | Scenario: scenario_2___nu=3 | n_rep: 352 | KDE model: t-student rot df=3
2026-05-05 23:47:13,618 | INFO | Scenario: scenario_2___nu=3 | n_rep: 353 | KDE model: gaussian rot
2026-05-05 23:47:14,005 | INFO | Scenario: scenario_2___nu=3 | n_rep: 353 | KDE model: t-student rot df=3
2026-05-05 23:47:14,497 | INFO | Scenario: scenario_2___nu=3 | n_rep: 354 | KDE model: gaussian rot
2026-05-05 23:47:14,939 | INFO | Scenario: scenario_2___nu=3 | n_rep: 354 | KDE model: t-student rot df=3
2026-05-05 23:47:15,426 | INFO | Scenario: scenario_2___nu=3 | n_rep: 355 | KDE model: gaussian rot
2026-05-05 23:47:15,819 | INFO | Scenario: scenario_2___nu=3 | n_rep: 355 | KDE model: t-student rot df=3
2026-05-05 23:47:16,193 | INFO | Scenario: scenario_2___nu=3 | n_rep: 356 | KDE model: gaussian rot
2026-05-05 23:47:16,636 | INFO | Scenario: scenario_2___nu=3 | n_rep: 356 | KDE model: t-student rot df=3
2026-05-05 23:47:17,135 | INFO | Scenario: scenario_2___nu=3 | n_rep: 357 | KDE model: gaussian rot
2026-05-05 23:47:17,930 | INFO | Scenario: scenario_2___nu=3 | n_rep: 357 | KDE model: t-student rot df=3
2026-05-05 23:47:18,753 | INFO | Scenario: scenario_2___nu=3 | n_rep: 358 | KDE model: gaussian rot
2026-05-05 23:47:19,182 | INFO | Scenario: scenario_2___nu=3 | n_rep: 358 | KDE model: t-student rot df=3
2026-05-05 23:47:19,631 | INFO | Scenario: scenario_2___nu=3 | n_rep: 359 | KDE model: gaussian rot
2026-05-05 23:47:20,372 | INFO | Scenario: scenario_2___nu=3 | n_rep: 359 | KDE model: t-student rot df=3
2026-05-05 23:47:21,038 | INFO | Scenario: scenario_2___nu=3 | n_rep: 360 | KDE model: gaussian rot
2026-05-05 23:47:21,388 | INFO | Scenario: scenario_2___nu=3 | n_rep: 360 | KDE model: t-student rot df=3
2026-05-05 23:47:21,793 | INFO | Scenario: scenario_2___nu=3 | n_rep: 361 | KDE model: gaussian rot
2026-05-05 23:47:22,206 | INFO | Scenario: scenario_2___nu=3 | n_rep: 361 | KDE model: t-student rot df=3
2026-05-05 23:47:22,562 | INFO | Scenario: scenario_2___nu=3 | n_rep: 362 | KDE model: gaussian rot
2026-05-05 23:47:23,039 | INFO | Scenario: scenario_2___nu=3 | n_rep: 362 | KDE model: t-student rot df=3
2026-05-05 23:47:23,501 | INFO | Scenario: scenario_2___nu=3 | n_rep: 363 | KDE model: gaussian rot
2026-05-05 23:47:24,078 | INFO | Scenario: scenario_2___nu=3 | n_rep: 363 | KDE model: t-student rot df=3
2026-05-05 23:47:24,696 | INFO | Scenario: scenario_2___nu=3 | n_rep: 364 | KDE model: gaussian rot
2026-05-05 23:47:25,066 | INFO | Scenario: scenario_2___nu=3 | n_rep: 364 | KDE model: t-student rot df=3
2026-05-05 23:47:25,482 | INFO | Scenario: scenario_2___nu=3 | n_rep: 365 | KDE model: gaussian rot
2026-05-05 23:47:26,265 | INFO | Scenario: scenario_2___nu=3 | n_rep: 365 | KDE model: t-student rot df=3
2026-05-05 23:47:27,035 | INFO | Scenario: scenario_2___nu=3 | n_rep: 366 | KDE model: gaussian rot
2026-05-05 23:47:27,792 | INFO | Scenario: scenario_2___nu=3 | n_rep: 366 | KDE model: t-student rot df=3
2026-05-05 23:47:28,578 | INFO | Scenario: scenario_2___nu=3 | n_rep: 367 | KDE model: gaussian rot
2026-05-05 23:47:29,010 | INFO | Scenario: scenario_2___nu=3 | n_rep: 367 | KDE model: t-student rot df=3
2026-05-05 23:47:29,500 | INFO | Scenario: scenario_2___nu=3 | n_rep: 368 | KDE model: gaussian rot
2026-05-05 23:47:29,981 | INFO | Scenario: scenario_2___nu=3 | n_rep: 368 | KDE model: t-student rot df=3
2026-05-05 23:47:30,561 | INFO | Scenario: scenario_2___nu=3 | n_rep: 369 | KDE model: gaussian rot
2026-05-05 23:47:31,408 | INFO | Scenario: scenario_2___nu=3 | n_rep: 369 | KDE model: t-student rot df=3
2026-05-05 23:47:32,245 | INFO | Scenario: scenario_2___nu=3 | n_rep: 370 | KDE model: gaussian rot
2026-05-05 23:47:32,726 | INFO | Scenario: scenario_2___nu=3 | n_rep: 370 | KDE model: t-student rot df=3
2026-05-05 23:47:33,111 | INFO | Scenario: scenario_2___nu=3 | n_rep: 371 | KDE model: gaussian rot
2026-05-05 23:47:33,529 | INFO | Scenario: scenario_2___nu=3 | n_rep: 371 | KDE model: t-student rot df=3
2026-05-05 23:47:34,040 | INFO | Scenario: scenario_2___nu=3 | n_rep: 372 | KDE model: gaussian rot
2026-05-05 23:47:34,808 | INFO | Scenario: scenario_2___nu=3 | n_rep: 372 | KDE model: t-student rot df=3
2026-05-05 23:47:35,567 | INFO | Scenario: scenario_2___nu=3 | n_rep: 373 | KDE model: gaussian rot
2026-05-05 23:47:35,982 | INFO | Scenario: scenario_2___nu=3 | n_rep: 373 | KDE model: t-student rot df=3
2026-05-05 23:47:36,411 | INFO | Scenario: scenario_2___nu=3 | n_rep: 374 | KDE model: gaussian rot
2026-05-05 23:47:37,177 | INFO | Scenario: scenario_2___nu=3 | n_rep: 374 | KDE model: t-student rot df=3
2026-05-05 23:47:37,920 | INFO | Scenario: scenario_2___nu=3 | n_rep: 375 | KDE model: gaussian rot
2026-05-05 23:47:38,355 | INFO | Scenario: scenario_2___nu=3 | n_rep: 375 | KDE model: t-student rot df=3
2026-05-05 23:47:38,781 | INFO | Scenario: scenario_2___nu=3 | n_rep: 376 | KDE model: gaussian rot
2026-05-05 23:47:39,291 | INFO | Scenario: scenario_2___nu=3 | n_rep: 376 | KDE model: t-student rot df=3
2026-05-05 23:47:39,849 | INFO | Scenario: scenario_2___nu=3 | n_rep: 377 | KDE model: gaussian rot
2026-05-05 23:47:40,426 | INFO | Scenario: scenario_2___nu=3 | n_rep: 377 | KDE model: t-student rot df=3
2026-05-05 23:47:41,147 | INFO | Scenario: scenario_2___nu=3 | n_rep: 378 | KDE model: gaussian rot
2026-05-05 23:47:41,668 | INFO | Scenario: scenario_2___nu=3 | n_rep: 378 | KDE model: t-student rot df=3
2026-05-05 23:47:42,137 | INFO | Scenario: scenario_2___nu=3 | n_rep: 379 | KDE model: gaussian rot
2026-05-05 23:47:42,687 | INFO | Scenario: scenario_2___nu=3 | n_rep: 379 | KDE model: t-student rot df=3
2026-05-05 23:47:43,331 | INFO | Scenario: scenario_2___nu=3 | n_rep: 380 | KDE model: gaussian rot
2026-05-05 23:47:43,765 | INFO | Scenario: scenario_2___nu=3 | n_rep: 380 | KDE model: t-student rot df=3
2026-05-05 23:47:44,202 | INFO | Scenario: scenario_2___nu=3 | n_rep: 381 | KDE model: gaussian rot
2026-05-05 23:47:44,585 | INFO | Scenario: scenario_2___nu=3 | n_rep: 381 | KDE model: t-student rot df=3
2026-05-05 23:47:45,033 | INFO | Scenario: scenario_2___nu=3 | n_rep: 382 | KDE model: gaussian rot
2026-05-05 23:47:45,527 | INFO | Scenario: scenario_2___nu=3 | n_rep: 382 | KDE model: t-student rot df=3
2026-05-05 23:47:45,977 | INFO | Scenario: scenario_2___nu=3 | n_rep: 383 | KDE model: gaussian rot
2026-05-05 23:47:46,447 | INFO | Scenario: scenario_2___nu=3 | n_rep: 383 | KDE model: t-student rot df=3
2026-05-05 23:47:46,944 | INFO | Scenario: scenario_2___nu=3 | n_rep: 384 | KDE model: gaussian rot
2026-05-05 23:47:47,265 | INFO | Scenario: scenario_2___nu=3 | n_rep: 384 | KDE model: t-student rot df=3
2026-05-05 23:47:47,602 | INFO | Scenario: scenario_2___nu=3 | n_rep: 385 | KDE model: gaussian rot
2026-05-05 23:47:48,047 | INFO | Scenario: scenario_2___nu=3 | n_rep: 385 | KDE model: t-student rot df=3
2026-05-05 23:47:48,515 | INFO | Scenario: scenario_2___nu=3 | n_rep: 386 | KDE model: gaussian rot
2026-05-05 23:47:48,971 | INFO | Scenario: scenario_2___nu=3 | n_rep: 386 | KDE model: t-student rot df=3
2026-05-05 23:47:49,367 | INFO | Scenario: scenario_2___nu=3 | n_rep: 387 | KDE model: gaussian rot
2026-05-05 23:47:49,756 | INFO | Scenario: scenario_2___nu=3 | n_rep: 387 | KDE model: t-student rot df=3
2026-05-05 23:47:50,167 | INFO | Scenario: scenario_2___nu=3 | n_rep: 388 | KDE model: gaussian rot
2026-05-05 23:47:50,578 | INFO | Scenario: scenario_2___nu=3 | n_rep: 388 | KDE model: t-student rot df=3
2026-05-05 23:47:50,955 | INFO | Scenario: scenario_2___nu=3 | n_rep: 389 | KDE model: gaussian rot
2026-05-05 23:47:51,344 | INFO | Scenario: scenario_2___nu=3 | n_rep: 389 | KDE model: t-student rot df=3
2026-05-05 23:47:51,713 | INFO | Scenario: scenario_2___nu=3 | n_rep: 390 | KDE model: gaussian rot
2026-05-05 23:47:52,177 | INFO | Scenario: scenario_2___nu=3 | n_rep: 390 | KDE model: t-student rot df=3
2026-05-05 23:47:52,723 | INFO | Scenario: scenario_2___nu=3 | n_rep: 391 | KDE model: gaussian rot
2026-05-05 23:47:53,179 | INFO | Scenario: scenario_2___nu=3 | n_rep: 391 | KDE model: t-student rot df=3
2026-05-05 23:47:53,668 | INFO | Scenario: scenario_2___nu=3 | n_rep: 392 | KDE model: gaussian rot
2026-05-05 23:47:54,299 | INFO | Scenario: scenario_2___nu=3 | n_rep: 392 | KDE model: t-student rot df=3
2026-05-05 23:47:54,988 | INFO | Scenario: scenario_2___nu=3 | n_rep: 393 | KDE model: gaussian rot
2026-05-05 23:47:56,144 | INFO | Scenario: scenario_2___nu=3 | n_rep: 393 | KDE model: t-student rot df=3
2026-05-05 23:47:56,789 | INFO | Scenario: scenario_2___nu=3 | n_rep: 394 | KDE model: gaussian rot
2026-05-05 23:47:57,229 | INFO | Scenario: scenario_2___nu=3 | n_rep: 394 | KDE model: t-student rot df=3
2026-05-05 23:47:57,667 | INFO | Scenario: scenario_2___nu=3 | n_rep: 395 | KDE model: gaussian rot
2026-05-05 23:47:58,049 | INFO | Scenario: scenario_2___nu=3 | n_rep: 395 | KDE model: t-student rot df=3
2026-05-05 23:47:58,457 | INFO | Scenario: scenario_2___nu=3 | n_rep: 396 | KDE model: gaussian rot
2026-05-05 23:47:58,888 | INFO | Scenario: scenario_2___nu=3 | n_rep: 396 | KDE model: t-student rot df=3
2026-05-05 23:47:59,323 | INFO | Scenario: scenario_2___nu=3 | n_rep: 397 | KDE model: gaussian rot
2026-05-05 23:47:59,731 | INFO | Scenario: scenario_2___nu=3 | n_rep: 397 | KDE model: t-student rot df=3
2026-05-05 23:48:00,125 | INFO | Scenario: scenario_2___nu=3 | n_rep: 398 | KDE model: gaussian rot
2026-05-05 23:48:00,549 | INFO | Scenario: scenario_2___nu=3 | n_rep: 398 | KDE model: t-student rot df=3
2026-05-05 23:48:01,053 | INFO | Scenario: scenario_2___nu=3 | n_rep: 399 | KDE model: gaussian rot
2026-05-05 23:48:01,824 | INFO | Scenario: scenario_2___nu=3 | n_rep: 399 | KDE model: t-student rot df=3
2026-05-05 23:48:02,511 | INFO | Scenario: scenario_2___nu=3 | n_rep: 400 | KDE model: gaussian rot
2026-05-05 23:48:03,310 | INFO | Scenario: scenario_2___nu=3 | n_rep: 400 | KDE model: t-student rot df=3
2026-05-05 23:48:04,047 | INFO | Scenario: scenario_2___nu=3 | n_rep: 401 | KDE model: gaussian rot
2026-05-05 23:48:04,442 | INFO | Scenario: scenario_2___nu=3 | n_rep: 401 | KDE model: t-student rot df=3
2026-05-05 23:48:04,829 | INFO | Scenario: scenario_2___nu=3 | n_rep: 402 | KDE model: gaussian rot
2026-05-05 23:48:05,498 | INFO | Scenario: scenario_2___nu=3 | n_rep: 402 | KDE model: t-student rot df=3
2026-05-05 23:48:06,149 | INFO | Scenario: scenario_2___nu=3 | n_rep: 403 | KDE model: gaussian rot
2026-05-05 23:48:06,905 | INFO | Scenario: scenario_2___nu=3 | n_rep: 403 | KDE model: t-student rot df=3
2026-05-05 23:48:07,540 | INFO | Scenario: scenario_2___nu=3 | n_rep: 404 | KDE model: gaussian rot
2026-05-05 23:48:08,213 | INFO | Scenario: scenario_2___nu=3 | n_rep: 404 | KDE model: t-student rot df=3
2026-05-05 23:48:08,876 | INFO | Scenario: scenario_2___nu=3 | n_rep: 405 | KDE model: gaussian rot
2026-05-05 23:48:09,593 | INFO | Scenario: scenario_2___nu=3 | n_rep: 405 | KDE model: t-student rot df=3
2026-05-05 23:48:10,293 | INFO | Scenario: scenario_2___nu=3 | n_rep: 406 | KDE model: gaussian rot
2026-05-05 23:48:11,103 | INFO | Scenario: scenario_2___nu=3 | n_rep: 406 | KDE model: t-student rot df=3
2026-05-05 23:48:11,916 | INFO | Scenario: scenario_2___nu=3 | n_rep: 407 | KDE model: gaussian rot
2026-05-05 23:48:12,376 | INFO | Scenario: scenario_2___nu=3 | n_rep: 407 | KDE model: t-student rot df=3
2026-05-05 23:48:12,907 | INFO | Scenario: scenario_2___nu=3 | n_rep: 408 | KDE model: gaussian rot
2026-05-05 23:48:13,317 | INFO | Scenario: scenario_2___nu=3 | n_rep: 408 | KDE model: t-student rot df=3
2026-05-05 23:48:13,692 | INFO | Scenario: scenario_2___nu=3 | n_rep: 409 | KDE model: gaussian rot
2026-05-05 23:48:14,746 | INFO | Scenario: scenario_2___nu=3 | n_rep: 409 | KDE model: t-student rot df=3
2026-05-05 23:48:15,621 | INFO | Scenario: scenario_2___nu=3 | n_rep: 410 | KDE model: gaussian rot
2026-05-05 23:48:16,126 | INFO | Scenario: scenario_2___nu=3 | n_rep: 410 | KDE model: t-student rot df=3
2026-05-05 23:48:16,683 | INFO | Scenario: scenario_2___nu=3 | n_rep: 411 | KDE model: gaussian rot
2026-05-05 23:48:17,093 | INFO | Scenario: scenario_2___nu=3 | n_rep: 411 | KDE model: t-student rot df=3
2026-05-05 23:48:17,460 | INFO | Scenario: scenario_2___nu=3 | n_rep: 412 | KDE model: gaussian rot
2026-05-05 23:48:18,337 | INFO | Scenario: scenario_2___nu=3 | n_rep: 412 | KDE model: t-student rot df=3
2026-05-05 23:48:19,129 | INFO | Scenario: scenario_2___nu=3 | n_rep: 413 | KDE model: gaussian rot
2026-05-05 23:48:19,467 | INFO | Scenario: scenario_2___nu=3 | n_rep: 413 | KDE model: t-student rot df=3
2026-05-05 23:48:19,871 | INFO | Scenario: scenario_2___nu=3 | n_rep: 414 | KDE model: gaussian rot
2026-05-05 23:48:20,246 | INFO | Scenario: scenario_2___nu=3 | n_rep: 414 | KDE model: t-student rot df=3
2026-05-05 23:48:20,699 | INFO | Scenario: scenario_2___nu=3 | n_rep: 415 | KDE model: gaussian rot
2026-05-05 23:48:21,011 | INFO | Scenario: scenario_2___nu=3 | n_rep: 415 | KDE model: t-student rot df=3
2026-05-05 23:48:21,411 | INFO | Scenario: scenario_2___nu=3 | n_rep: 416 | KDE model: gaussian rot
2026-05-05 23:48:21,843 | INFO | Scenario: scenario_2___nu=3 | n_rep: 416 | KDE model: t-student rot df=3
2026-05-05 23:48:22,291 | INFO | Scenario: scenario_2___nu=3 | n_rep: 417 | KDE model: gaussian rot
2026-05-05 23:48:22,789 | INFO | Scenario: scenario_2___nu=3 | n_rep: 417 | KDE model: t-student rot df=3
2026-05-05 23:48:23,366 | INFO | Scenario: scenario_2___nu=3 | n_rep: 418 | KDE model: gaussian rot
2026-05-05 23:48:23,787 | INFO | Scenario: scenario_2___nu=3 | n_rep: 418 | KDE model: t-student rot df=3
2026-05-05 23:48:24,166 | INFO | Scenario: scenario_2___nu=3 | n_rep: 419 | KDE model: gaussian rot
2026-05-05 23:48:24,795 | INFO | Scenario: scenario_2___nu=3 | n_rep: 419 | KDE model: t-student rot df=3
2026-05-05 23:48:25,532 | INFO | Scenario: scenario_2___nu=3 | n_rep: 420 | KDE model: gaussian rot
2026-05-05 23:48:26,243 | INFO | Scenario: scenario_2___nu=3 | n_rep: 420 | KDE model: t-student rot df=3
2026-05-05 23:48:26,891 | INFO | Scenario: scenario_2___nu=3 | n_rep: 421 | KDE model: gaussian rot
2026-05-05 23:48:27,339 | INFO | Scenario: scenario_2___nu=3 | n_rep: 421 | KDE model: t-student rot df=3
2026-05-05 23:48:27,722 | INFO | Scenario: scenario_2___nu=3 | n_rep: 422 | KDE model: gaussian rot
2026-05-05 23:48:28,161 | INFO | Scenario: scenario_2___nu=3 | n_rep: 422 | KDE model: t-student rot df=3
2026-05-05 23:48:28,542 | INFO | Scenario: scenario_2___nu=3 | n_rep: 423 | KDE model: gaussian rot
2026-05-05 23:48:29,358 | INFO | Scenario: scenario_2___nu=3 | n_rep: 423 | KDE model: t-student rot df=3
2026-05-05 23:48:30,155 | INFO | Scenario: scenario_2___nu=3 | n_rep: 424 | KDE model: gaussian rot
2026-05-05 23:48:30,515 | INFO | Scenario: scenario_2___nu=3 | n_rep: 424 | KDE model: t-student rot df=3
2026-05-05 23:48:30,856 | INFO | Scenario: scenario_2___nu=3 | n_rep: 425 | KDE model: gaussian rot
2026-05-05 23:48:31,278 | INFO | Scenario: scenario_2___nu=3 | n_rep: 425 | KDE model: t-student rot df=3
2026-05-05 23:48:31,653 | INFO | Scenario: scenario_2___nu=3 | n_rep: 426 | KDE model: gaussian rot
2026-05-05 23:48:32,234 | INFO | Scenario: scenario_2___nu=3 | n_rep: 426 | KDE model: t-student rot df=3
2026-05-05 23:48:32,791 | INFO | Scenario: scenario_2___nu=3 | n_rep: 427 | KDE model: gaussian rot
2026-05-05 23:48:33,245 | INFO | Scenario: scenario_2___nu=3 | n_rep: 427 | KDE model: t-student rot df=3
2026-05-05 23:48:33,693 | INFO | Scenario: scenario_2___nu=3 | n_rep: 428 | KDE model: gaussian rot
2026-05-05 23:48:34,136 | INFO | Scenario: scenario_2___nu=3 | n_rep: 428 | KDE model: t-student rot df=3
2026-05-05 23:48:34,568 | INFO | Scenario: scenario_2___nu=3 | n_rep: 429 | KDE model: gaussian rot
2026-05-05 23:48:35,223 | INFO | Scenario: scenario_2___nu=3 | n_rep: 429 | KDE model: t-student rot df=3
2026-05-05 23:48:35,898 | INFO | Scenario: scenario_2___nu=3 | n_rep: 430 | KDE model: gaussian rot
2026-05-05 23:48:36,532 | INFO | Scenario: scenario_2___nu=3 | n_rep: 430 | KDE model: t-student rot df=3
2026-05-05 23:48:36,902 | INFO | Scenario: scenario_2___nu=3 | n_rep: 431 | KDE model: gaussian rot
2026-05-05 23:48:37,338 | INFO | Scenario: scenario_2___nu=3 | n_rep: 431 | KDE model: t-student rot df=3
2026-05-05 23:48:37,784 | INFO | Scenario: scenario_2___nu=3 | n_rep: 432 | KDE model: gaussian rot
2026-05-05 23:48:38,176 | INFO | Scenario: scenario_2___nu=3 | n_rep: 432 | KDE model: t-student rot df=3
2026-05-05 23:48:38,575 | INFO | Scenario: scenario_2___nu=3 | n_rep: 433 | KDE model: gaussian rot
2026-05-05 23:48:39,375 | INFO | Scenario: scenario_2___nu=3 | n_rep: 433 | KDE model: t-student rot df=3
2026-05-05 23:48:40,050 | INFO | Scenario: scenario_2___nu=3 | n_rep: 434 | KDE model: gaussian rot
2026-05-05 23:48:40,530 | INFO | Scenario: scenario_2___nu=3 | n_rep: 434 | KDE model: t-student rot df=3
2026-05-05 23:48:41,018 | INFO | Scenario: scenario_2___nu=3 | n_rep: 435 | KDE model: gaussian rot
2026-05-05 23:48:41,694 | INFO | Scenario: scenario_2___nu=3 | n_rep: 435 | KDE model: t-student rot df=3
2026-05-05 23:48:42,368 | INFO | Scenario: scenario_2___nu=3 | n_rep: 436 | KDE model: gaussian rot
2026-05-05 23:48:42,856 | INFO | Scenario: scenario_2___nu=3 | n_rep: 436 | KDE model: t-student rot df=3
2026-05-05 23:48:43,357 | INFO | Scenario: scenario_2___nu=3 | n_rep: 437 | KDE model: gaussian rot
2026-05-05 23:48:43,766 | INFO | Scenario: scenario_2___nu=3 | n_rep: 437 | KDE model: t-student rot df=3
2026-05-05 23:48:44,216 | INFO | Scenario: scenario_2___nu=3 | n_rep: 438 | KDE model: gaussian rot
2026-05-05 23:48:44,675 | INFO | Scenario: scenario_2___nu=3 | n_rep: 438 | KDE model: t-student rot df=3
2026-05-05 23:48:45,471 | INFO | Scenario: scenario_2___nu=3 | n_rep: 439 | KDE model: gaussian rot
2026-05-05 23:48:45,835 | INFO | Scenario: scenario_2___nu=3 | n_rep: 439 | KDE model: t-student rot df=3
2026-05-05 23:48:46,203 | INFO | Scenario: scenario_2___nu=3 | n_rep: 440 | KDE model: gaussian rot
2026-05-05 23:48:46,659 | INFO | Scenario: scenario_2___nu=3 | n_rep: 440 | KDE model: t-student rot df=3
2026-05-05 23:48:47,071 | INFO | Scenario: scenario_2___nu=3 | n_rep: 441 | KDE model: gaussian rot
2026-05-05 23:48:47,494 | INFO | Scenario: scenario_2___nu=3 | n_rep: 441 | KDE model: t-student rot df=3
2026-05-05 23:48:47,936 | INFO | Scenario: scenario_2___nu=3 | n_rep: 442 | KDE model: gaussian rot
2026-05-05 23:48:48,413 | INFO | Scenario: scenario_2___nu=3 | n_rep: 442 | KDE model: t-student rot df=3
2026-05-05 23:48:48,872 | INFO | Scenario: scenario_2___nu=3 | n_rep: 443 | KDE model: gaussian rot
2026-05-05 23:48:49,326 | INFO | Scenario: scenario_2___nu=3 | n_rep: 443 | KDE model: t-student rot df=3
2026-05-05 23:48:49,696 | INFO | Scenario: scenario_2___nu=3 | n_rep: 444 | KDE model: gaussian rot
2026-05-05 23:48:50,104 | INFO | Scenario: scenario_2___nu=3 | n_rep: 444 | KDE model: t-student rot df=3
2026-05-05 23:48:50,686 | INFO | Scenario: scenario_2___nu=3 | n_rep: 445 | KDE model: gaussian rot
2026-05-05 23:48:51,482 | INFO | Scenario: scenario_2___nu=3 | n_rep: 445 | KDE model: t-student rot df=3
2026-05-05 23:48:52,253 | INFO | Scenario: scenario_2___nu=3 | n_rep: 446 | KDE model: gaussian rot
2026-05-05 23:48:52,780 | INFO | Scenario: scenario_2___nu=3 | n_rep: 446 | KDE model: t-student rot df=3
2026-05-05 23:48:53,309 | INFO | Scenario: scenario_2___nu=3 | n_rep: 447 | KDE model: gaussian rot
2026-05-05 23:48:53,876 | INFO | Scenario: scenario_2___nu=3 | n_rep: 447 | KDE model: t-student rot df=3
2026-05-05 23:48:54,435 | INFO | Scenario: scenario_2___nu=3 | n_rep: 448 | KDE model: gaussian rot
2026-05-05 23:48:54,872 | INFO | Scenario: scenario_2___nu=3 | n_rep: 448 | KDE model: t-student rot df=3
2026-05-05 23:48:55,303 | INFO | Scenario: scenario_2___nu=3 | n_rep: 449 | KDE model: gaussian rot
2026-05-05 23:48:55,775 | INFO | Scenario: scenario_2___nu=3 | n_rep: 449 | KDE model: t-student rot df=3
2026-05-05 23:48:56,187 | INFO | Scenario: scenario_2___nu=3 | n_rep: 450 | KDE model: gaussian rot
2026-05-05 23:48:56,548 | INFO | Scenario: scenario_2___nu=3 | n_rep: 450 | KDE model: t-student rot df=3
2026-05-05 23:48:56,900 | INFO | Scenario: scenario_2___nu=3 | n_rep: 451 | KDE model: gaussian rot
2026-05-05 23:48:57,353 | INFO | Scenario: scenario_2___nu=3 | n_rep: 451 | KDE model: t-student rot df=3
2026-05-05 23:48:57,814 | INFO | Scenario: scenario_2___nu=3 | n_rep: 452 | KDE model: gaussian rot
