2026-05-06 05:55:49,307 | INFO | 
Initiating cross validation...
2026-05-06 05:55:49,313 | INFO | Scenario: scenario_1___nu=3 | n_rep: 0 | KDE model: gaussian rot
2026-05-06 05:55:49,816 | INFO | Scenario: scenario_1___nu=3 | n_rep: 0 | KDE model: t-student rot df=3
2026-05-06 05:55:50,273 | INFO | Scenario: scenario_1___nu=3 | n_rep: 1 | KDE model: gaussian rot
2026-05-06 05:55:50,596 | INFO | Scenario: scenario_1___nu=3 | n_rep: 1 | KDE model: t-student rot df=3
2026-05-06 05:55:50,933 | INFO | Scenario: scenario_1___nu=3 | n_rep: 2 | KDE model: gaussian rot
2026-05-06 05:55:51,164 | INFO | Scenario: scenario_1___nu=3 | n_rep: 2 | KDE model: t-student rot df=3
2026-05-06 05:55:51,388 | INFO | Scenario: scenario_1___nu=3 | n_rep: 3 | KDE model: gaussian rot
2026-05-06 05:55:51,693 | INFO | Scenario: scenario_1___nu=3 | n_rep: 3 | KDE model: t-student rot df=3
2026-05-06 05:55:51,955 | INFO | Scenario: scenario_1___nu=3 | n_rep: 4 | KDE model: gaussian rot
2026-05-06 05:55:52,427 | INFO | Scenario: scenario_1___nu=3 | n_rep: 4 | KDE model: t-student rot df=3
2026-05-06 05:55:52,843 | INFO | Scenario: scenario_1___nu=3 | n_rep: 5 | KDE model: gaussian rot
2026-05-06 05:55:53,582 | INFO | Scenario: scenario_1___nu=3 | n_rep: 5 | KDE model: t-student rot df=3
2026-05-06 05:55:54,231 | INFO | Scenario: scenario_1___nu=3 | n_rep: 6 | KDE model: gaussian rot
2026-05-06 05:55:54,633 | INFO | Scenario: scenario_1___nu=3 | n_rep: 6 | KDE model: t-student rot df=3
2026-05-06 05:55:55,015 | INFO | Scenario: scenario_1___nu=3 | n_rep: 7 | KDE model: gaussian rot
2026-05-06 05:55:55,659 | INFO | Scenario: scenario_1___nu=3 | n_rep: 7 | KDE model: t-student rot df=3
2026-05-06 05:55:56,265 | INFO | Scenario: scenario_1___nu=3 | n_rep: 8 | KDE model: gaussian rot
2026-05-06 05:55:56,656 | INFO | Scenario: scenario_1___nu=3 | n_rep: 8 | KDE model: t-student rot df=3
2026-05-06 05:55:57,066 | INFO | Scenario: scenario_1___nu=3 | n_rep: 9 | KDE model: gaussian rot
2026-05-06 05:55:57,493 | INFO | Scenario: scenario_1___nu=3 | n_rep: 9 | KDE model: t-student rot df=3
2026-05-06 05:55:57,866 | INFO | Scenario: scenario_1___nu=3 | n_rep: 10 | KDE model: gaussian rot
2026-05-06 05:55:58,185 | INFO | Scenario: scenario_1___nu=3 | n_rep: 10 | KDE model: t-student rot df=3
2026-05-06 05:55:58,515 | INFO | Scenario: scenario_1___nu=3 | n_rep: 11 | KDE model: gaussian rot
2026-05-06 05:55:58,790 | INFO | Scenario: scenario_1___nu=3 | n_rep: 11 | KDE model: t-student rot df=3
2026-05-06 05:55:59,021 | INFO | Scenario: scenario_1___nu=3 | n_rep: 12 | KDE model: gaussian rot
2026-05-06 05:55:59,218 | INFO | Scenario: scenario_1___nu=3 | n_rep: 12 | KDE model: t-student rot df=3
2026-05-06 05:55:59,410 | INFO | Scenario: scenario_1___nu=3 | n_rep: 13 | KDE model: gaussian rot
2026-05-06 05:55:59,636 | INFO | Scenario: scenario_1___nu=3 | n_rep: 13 | KDE model: t-student rot df=3
2026-05-06 05:55:59,820 | INFO | Scenario: scenario_1___nu=3 | n_rep: 14 | KDE model: gaussian rot
2026-05-06 05:56:00,255 | INFO | Scenario: scenario_1___nu=3 | n_rep: 14 | KDE model: t-student rot df=3
2026-05-06 05:56:00,582 | INFO | Scenario: scenario_1___nu=3 | n_rep: 15 | KDE model: gaussian rot
2026-05-06 05:56:00,840 | INFO | Scenario: scenario_1___nu=3 | n_rep: 15 | KDE model: t-student rot df=3
2026-05-06 05:56:01,174 | INFO | Scenario: scenario_1___nu=3 | n_rep: 16 | KDE model: gaussian rot
2026-05-06 05:56:01,421 | INFO | Scenario: scenario_1___nu=3 | n_rep: 16 | KDE model: t-student rot df=3
2026-05-06 05:56:01,644 | INFO | Scenario: scenario_1___nu=3 | n_rep: 17 | KDE model: gaussian rot
2026-05-06 05:56:01,856 | INFO | Scenario: scenario_1___nu=3 | n_rep: 17 | KDE model: t-student rot df=3
2026-05-06 05:56:02,046 | INFO | Scenario: scenario_1___nu=3 | n_rep: 18 | KDE model: gaussian rot
2026-05-06 05:56:02,283 | INFO | Scenario: scenario_1___nu=3 | n_rep: 18 | KDE model: t-student rot df=3
2026-05-06 05:56:02,509 | INFO | Scenario: scenario_1___nu=3 | n_rep: 19 | KDE model: gaussian rot
2026-05-06 05:56:02,785 | INFO | Scenario: scenario_1___nu=3 | n_rep: 19 | KDE model: t-student rot df=3
2026-05-06 05:56:02,997 | INFO | Scenario: scenario_1___nu=3 | n_rep: 20 | KDE model: gaussian rot
2026-05-06 05:56:03,642 | INFO | Scenario: scenario_1___nu=3 | n_rep: 20 | KDE model: t-student rot df=3
2026-05-06 05:56:04,321 | INFO | Scenario: scenario_1___nu=3 | n_rep: 21 | KDE model: gaussian rot
2026-05-06 05:56:04,738 | INFO | Scenario: scenario_1___nu=3 | n_rep: 21 | KDE model: t-student rot df=3
2026-05-06 05:56:05,188 | INFO | Scenario: scenario_1___nu=3 | n_rep: 22 | KDE model: gaussian rot
2026-05-06 05:56:05,611 | INFO | Scenario: scenario_1___nu=3 | n_rep: 22 | KDE model: t-student rot df=3
2026-05-06 05:56:06,001 | INFO | Scenario: scenario_1___nu=3 | n_rep: 23 | KDE model: gaussian rot
2026-05-06 05:56:06,244 | INFO | Scenario: scenario_1___nu=3 | n_rep: 23 | KDE model: t-student rot df=3
2026-05-06 05:56:06,534 | INFO | Scenario: scenario_1___nu=3 | n_rep: 24 | KDE model: gaussian rot
2026-05-06 05:56:06,721 | INFO | Scenario: scenario_1___nu=3 | n_rep: 24 | KDE model: t-student rot df=3
2026-05-06 05:56:06,933 | INFO | Scenario: scenario_1___nu=3 | n_rep: 25 | KDE model: gaussian rot
2026-05-06 05:56:07,285 | INFO | Scenario: scenario_1___nu=3 | n_rep: 25 | KDE model: t-student rot df=3
2026-05-06 05:56:07,671 | INFO | Scenario: scenario_1___nu=3 | n_rep: 26 | KDE model: gaussian rot
2026-05-06 05:56:07,857 | INFO | Scenario: scenario_1___nu=3 | n_rep: 26 | KDE model: t-student rot df=3
2026-05-06 05:56:08,040 | INFO | Scenario: scenario_1___nu=3 | n_rep: 27 | KDE model: gaussian rot
2026-05-06 05:56:08,578 | INFO | Scenario: scenario_1___nu=3 | n_rep: 27 | KDE model: t-student rot df=3
2026-05-06 05:56:09,101 | INFO | Scenario: scenario_1___nu=3 | n_rep: 28 | KDE model: gaussian rot
2026-05-06 05:56:09,284 | INFO | Scenario: scenario_1___nu=3 | n_rep: 28 | KDE model: t-student rot df=3
2026-05-06 05:56:09,466 | INFO | Scenario: scenario_1___nu=3 | n_rep: 29 | KDE model: gaussian rot
2026-05-06 05:56:09,843 | INFO | Scenario: scenario_1___nu=3 | n_rep: 29 | KDE model: t-student rot df=3
2026-05-06 05:56:10,201 | INFO | Scenario: scenario_1___nu=3 | n_rep: 30 | KDE model: gaussian rot
2026-05-06 05:56:10,434 | INFO | Scenario: scenario_1___nu=3 | n_rep: 30 | KDE model: t-student rot df=3
2026-05-06 05:56:10,639 | INFO | Scenario: scenario_1___nu=3 | n_rep: 31 | KDE model: gaussian rot
2026-05-06 05:56:11,247 | INFO | Scenario: scenario_1___nu=3 | n_rep: 31 | KDE model: t-student rot df=3
2026-05-06 05:56:11,657 | INFO | Scenario: scenario_1___nu=3 | n_rep: 32 | KDE model: gaussian rot
2026-05-06 05:56:12,160 | INFO | Scenario: scenario_1___nu=3 | n_rep: 32 | KDE model: t-student rot df=3
2026-05-06 05:56:12,641 | INFO | Scenario: scenario_1___nu=3 | n_rep: 33 | KDE model: gaussian rot
2026-05-06 05:56:12,878 | INFO | Scenario: scenario_1___nu=3 | n_rep: 33 | KDE model: t-student rot df=3
2026-05-06 05:56:13,112 | INFO | Scenario: scenario_1___nu=3 | n_rep: 34 | KDE model: gaussian rot
2026-05-06 05:56:13,452 | INFO | Scenario: scenario_1___nu=3 | n_rep: 34 | KDE model: t-student rot df=3
2026-05-06 05:56:13,773 | INFO | Scenario: scenario_1___nu=3 | n_rep: 35 | KDE model: gaussian rot
2026-05-06 05:56:14,003 | INFO | Scenario: scenario_1___nu=3 | n_rep: 35 | KDE model: t-student rot df=3
2026-05-06 05:56:14,211 | INFO | Scenario: scenario_1___nu=3 | n_rep: 36 | KDE model: gaussian rot
2026-05-06 05:56:14,464 | INFO | Scenario: scenario_1___nu=3 | n_rep: 36 | KDE model: t-student rot df=3
2026-05-06 05:56:14,693 | INFO | Scenario: scenario_1___nu=3 | n_rep: 37 | KDE model: gaussian rot
2026-05-06 05:56:15,066 | INFO | Scenario: scenario_1___nu=3 | n_rep: 37 | KDE model: t-student rot df=3
2026-05-06 05:56:15,413 | INFO | Scenario: scenario_1___nu=3 | n_rep: 38 | KDE model: gaussian rot
2026-05-06 05:56:15,796 | INFO | Scenario: scenario_1___nu=3 | n_rep: 38 | KDE model: t-student rot df=3
2026-05-06 05:56:16,175 | INFO | Scenario: scenario_1___nu=3 | n_rep: 39 | KDE model: gaussian rot
2026-05-06 05:56:16,547 | INFO | Scenario: scenario_1___nu=3 | n_rep: 39 | KDE model: t-student rot df=3
2026-05-06 05:56:16,924 | INFO | Scenario: scenario_1___nu=3 | n_rep: 40 | KDE model: gaussian rot
2026-05-06 05:56:17,314 | INFO | Scenario: scenario_1___nu=3 | n_rep: 40 | KDE model: t-student rot df=3
2026-05-06 05:56:17,679 | INFO | Scenario: scenario_1___nu=3 | n_rep: 41 | KDE model: gaussian rot
2026-05-06 05:56:17,878 | INFO | Scenario: scenario_1___nu=3 | n_rep: 41 | KDE model: t-student rot df=3
2026-05-06 05:56:18,052 | INFO | Scenario: scenario_1___nu=3 | n_rep: 42 | KDE model: gaussian rot
2026-05-06 05:56:18,515 | INFO | Scenario: scenario_1___nu=3 | n_rep: 42 | KDE model: t-student rot df=3
2026-05-06 05:56:18,954 | INFO | Scenario: scenario_1___nu=3 | n_rep: 43 | KDE model: gaussian rot
2026-05-06 05:56:19,128 | INFO | Scenario: scenario_1___nu=3 | n_rep: 43 | KDE model: t-student rot df=3
2026-05-06 05:56:19,313 | INFO | Scenario: scenario_1___nu=3 | n_rep: 44 | KDE model: gaussian rot
2026-05-06 05:56:19,515 | INFO | Scenario: scenario_1___nu=3 | n_rep: 44 | KDE model: t-student rot df=3
2026-05-06 05:56:19,699 | INFO | Scenario: scenario_1___nu=3 | n_rep: 45 | KDE model: gaussian rot
2026-05-06 05:56:20,033 | INFO | Scenario: scenario_1___nu=3 | n_rep: 45 | KDE model: t-student rot df=3
2026-05-06 05:56:20,333 | INFO | Scenario: scenario_1___nu=3 | n_rep: 46 | KDE model: gaussian rot
2026-05-06 05:56:20,709 | INFO | Scenario: scenario_1___nu=3 | n_rep: 46 | KDE model: t-student rot df=3
2026-05-06 05:56:21,069 | INFO | Scenario: scenario_1___nu=3 | n_rep: 47 | KDE model: gaussian rot
2026-05-06 05:56:21,438 | INFO | Scenario: scenario_1___nu=3 | n_rep: 47 | KDE model: t-student rot df=3
2026-05-06 05:56:21,829 | INFO | Scenario: scenario_1___nu=3 | n_rep: 48 | KDE model: gaussian rot
2026-05-06 05:56:22,039 | INFO | Scenario: scenario_1___nu=3 | n_rep: 48 | KDE model: t-student rot df=3
2026-05-06 05:56:22,236 | INFO | Scenario: scenario_1___nu=3 | n_rep: 49 | KDE model: gaussian rot
2026-05-06 05:56:22,614 | INFO | Scenario: scenario_1___nu=3 | n_rep: 49 | KDE model: t-student rot df=3
2026-05-06 05:56:23,036 | INFO | Scenario: scenario_1___nu=3 | n_rep: 50 | KDE model: gaussian rot
2026-05-06 05:56:23,784 | INFO | Scenario: scenario_1___nu=3 | n_rep: 50 | KDE model: t-student rot df=3
2026-05-06 05:56:24,683 | INFO | Scenario: scenario_1___nu=3 | n_rep: 51 | KDE model: gaussian rot
2026-05-06 05:56:25,291 | INFO | Scenario: scenario_1___nu=3 | n_rep: 51 | KDE model: t-student rot df=3
2026-05-06 05:56:25,831 | INFO | Scenario: scenario_1___nu=3 | n_rep: 52 | KDE model: gaussian rot
2026-05-06 05:56:26,250 | INFO | Scenario: scenario_1___nu=3 | n_rep: 52 | KDE model: t-student rot df=3
2026-05-06 05:56:26,736 | INFO | Scenario: scenario_1___nu=3 | n_rep: 53 | KDE model: gaussian rot
2026-05-06 05:56:27,110 | INFO | Scenario: scenario_1___nu=3 | n_rep: 53 | KDE model: t-student rot df=3
2026-05-06 05:56:27,512 | INFO | Scenario: scenario_1___nu=3 | n_rep: 54 | KDE model: gaussian rot
2026-05-06 05:56:27,740 | INFO | Scenario: scenario_1___nu=3 | n_rep: 54 | KDE model: t-student rot df=3
2026-05-06 05:56:27,975 | INFO | Scenario: scenario_1___nu=3 | n_rep: 55 | KDE model: gaussian rot
2026-05-06 05:56:28,207 | INFO | Scenario: scenario_1___nu=3 | n_rep: 55 | KDE model: t-student rot df=3
2026-05-06 05:56:28,432 | INFO | Scenario: scenario_1___nu=3 | n_rep: 56 | KDE model: gaussian rot
2026-05-06 05:56:28,634 | INFO | Scenario: scenario_1___nu=3 | n_rep: 56 | KDE model: t-student rot df=3
2026-05-06 05:56:28,842 | INFO | Scenario: scenario_1___nu=3 | n_rep: 57 | KDE model: gaussian rot
2026-05-06 05:56:29,115 | INFO | Scenario: scenario_1___nu=3 | n_rep: 57 | KDE model: t-student rot df=3
2026-05-06 05:56:29,304 | INFO | Scenario: scenario_1___nu=3 | n_rep: 58 | KDE model: gaussian rot
2026-05-06 05:56:29,950 | INFO | Scenario: scenario_1___nu=3 | n_rep: 58 | KDE model: t-student rot df=3
2026-05-06 05:56:30,400 | INFO | Scenario: scenario_1___nu=3 | n_rep: 59 | KDE model: gaussian rot
2026-05-06 05:56:31,507 | INFO | Scenario: scenario_1___nu=3 | n_rep: 59 | KDE model: t-student rot df=3
2026-05-06 05:56:32,640 | INFO | Scenario: scenario_1___nu=3 | n_rep: 60 | KDE model: gaussian rot
2026-05-06 05:56:32,838 | INFO | Scenario: scenario_1___nu=3 | n_rep: 60 | KDE model: t-student rot df=3
2026-05-06 05:56:33,038 | INFO | Scenario: scenario_1___nu=3 | n_rep: 61 | KDE model: gaussian rot
2026-05-06 05:56:33,233 | INFO | Scenario: scenario_1___nu=3 | n_rep: 61 | KDE model: t-student rot df=3
2026-05-06 05:56:33,425 | INFO | Scenario: scenario_1___nu=3 | n_rep: 62 | KDE model: gaussian rot
2026-05-06 05:56:33,680 | INFO | Scenario: scenario_1___nu=3 | n_rep: 62 | KDE model: t-student rot df=3
2026-05-06 05:56:33,906 | INFO | Scenario: scenario_1___nu=3 | n_rep: 63 | KDE model: gaussian rot
2026-05-06 05:56:34,167 | INFO | Scenario: scenario_1___nu=3 | n_rep: 63 | KDE model: t-student rot df=3
2026-05-06 05:56:34,395 | INFO | Scenario: scenario_1___nu=3 | n_rep: 64 | KDE model: gaussian rot
2026-05-06 05:56:34,620 | INFO | Scenario: scenario_1___nu=3 | n_rep: 64 | KDE model: t-student rot df=3
2026-05-06 05:56:34,837 | INFO | Scenario: scenario_1___nu=3 | n_rep: 65 | KDE model: gaussian rot
2026-05-06 05:56:35,036 | INFO | Scenario: scenario_1___nu=3 | n_rep: 65 | KDE model: t-student rot df=3
2026-05-06 05:56:35,220 | INFO | Scenario: scenario_1___nu=3 | n_rep: 66 | KDE model: gaussian rot
2026-05-06 05:56:35,382 | INFO | Scenario: scenario_1___nu=3 | n_rep: 66 | KDE model: t-student rot df=3
2026-05-06 05:56:35,562 | INFO | Scenario: scenario_1___nu=3 | n_rep: 67 | KDE model: gaussian rot
2026-05-06 05:56:35,764 | INFO | Scenario: scenario_1___nu=3 | n_rep: 67 | KDE model: t-student rot df=3
2026-05-06 05:56:35,983 | INFO | Scenario: scenario_1___nu=3 | n_rep: 68 | KDE model: gaussian rot
2026-05-06 05:56:36,233 | INFO | Scenario: scenario_1___nu=3 | n_rep: 68 | KDE model: t-student rot df=3
2026-05-06 05:56:36,776 | INFO | Scenario: scenario_1___nu=3 | n_rep: 69 | KDE model: gaussian rot
2026-05-06 05:56:37,008 | INFO | Scenario: scenario_1___nu=3 | n_rep: 69 | KDE model: t-student rot df=3
2026-05-06 05:56:37,244 | INFO | Scenario: scenario_1___nu=3 | n_rep: 70 | KDE model: gaussian rot
2026-05-06 05:56:37,453 | INFO | Scenario: scenario_1___nu=3 | n_rep: 70 | KDE model: t-student rot df=3
2026-05-06 05:56:37,653 | INFO | Scenario: scenario_1___nu=3 | n_rep: 71 | KDE model: gaussian rot
2026-05-06 05:56:37,873 | INFO | Scenario: scenario_1___nu=3 | n_rep: 71 | KDE model: t-student rot df=3
2026-05-06 05:56:38,052 | INFO | Scenario: scenario_1___nu=3 | n_rep: 72 | KDE model: gaussian rot
2026-05-06 05:56:38,270 | INFO | Scenario: scenario_1___nu=3 | n_rep: 72 | KDE model: t-student rot df=3
2026-05-06 05:56:38,494 | INFO | Scenario: scenario_1___nu=3 | n_rep: 73 | KDE model: gaussian rot
2026-05-06 05:56:38,820 | INFO | Scenario: scenario_1___nu=3 | n_rep: 73 | KDE model: t-student rot df=3
2026-05-06 05:56:39,153 | INFO | Scenario: scenario_1___nu=3 | n_rep: 74 | KDE model: gaussian rot
2026-05-06 05:56:39,366 | INFO | Scenario: scenario_1___nu=3 | n_rep: 74 | KDE model: t-student rot df=3
2026-05-06 05:56:39,557 | INFO | Scenario: scenario_1___nu=3 | n_rep: 75 | KDE model: gaussian rot
2026-05-06 05:56:39,934 | INFO | Scenario: scenario_1___nu=3 | n_rep: 75 | KDE model: t-student rot df=3
2026-05-06 05:56:40,323 | INFO | Scenario: scenario_1___nu=3 | n_rep: 76 | KDE model: gaussian rot
2026-05-06 05:56:40,577 | INFO | Scenario: scenario_1___nu=3 | n_rep: 76 | KDE model: t-student rot df=3
2026-05-06 05:56:40,773 | INFO | Scenario: scenario_1___nu=3 | n_rep: 77 | KDE model: gaussian rot
2026-05-06 05:56:41,186 | INFO | Scenario: scenario_1___nu=3 | n_rep: 77 | KDE model: t-student rot df=3
2026-05-06 05:56:41,618 | INFO | Scenario: scenario_1___nu=3 | n_rep: 78 | KDE model: gaussian rot
2026-05-06 05:56:41,828 | INFO | Scenario: scenario_1___nu=3 | n_rep: 78 | KDE model: t-student rot df=3
2026-05-06 05:56:42,011 | INFO | Scenario: scenario_1___nu=3 | n_rep: 79 | KDE model: gaussian rot
2026-05-06 05:56:42,228 | INFO | Scenario: scenario_1___nu=3 | n_rep: 79 | KDE model: t-student rot df=3
2026-05-06 05:56:42,433 | INFO | Scenario: scenario_1___nu=3 | n_rep: 80 | KDE model: gaussian rot
2026-05-06 05:56:42,856 | INFO | Scenario: scenario_1___nu=3 | n_rep: 80 | KDE model: t-student rot df=3
2026-05-06 05:56:43,229 | INFO | Scenario: scenario_1___nu=3 | n_rep: 81 | KDE model: gaussian rot
2026-05-06 05:56:43,446 | INFO | Scenario: scenario_1___nu=3 | n_rep: 81 | KDE model: t-student rot df=3
2026-05-06 05:56:43,638 | INFO | Scenario: scenario_1___nu=3 | n_rep: 82 | KDE model: gaussian rot
2026-05-06 05:56:43,994 | INFO | Scenario: scenario_1___nu=3 | n_rep: 82 | KDE model: t-student rot df=3
2026-05-06 05:56:44,303 | INFO | Scenario: scenario_1___nu=3 | n_rep: 83 | KDE model: gaussian rot
2026-05-06 05:56:44,518 | INFO | Scenario: scenario_1___nu=3 | n_rep: 83 | KDE model: t-student rot df=3
2026-05-06 05:56:44,718 | INFO | Scenario: scenario_1___nu=3 | n_rep: 84 | KDE model: gaussian rot
2026-05-06 05:56:45,112 | INFO | Scenario: scenario_1___nu=3 | n_rep: 84 | KDE model: t-student rot df=3
2026-05-06 05:56:45,519 | INFO | Scenario: scenario_1___nu=3 | n_rep: 85 | KDE model: gaussian rot
2026-05-06 05:56:45,917 | INFO | Scenario: scenario_1___nu=3 | n_rep: 85 | KDE model: t-student rot df=3
2026-05-06 05:56:46,402 | INFO | Scenario: scenario_1___nu=3 | n_rep: 86 | KDE model: gaussian rot
2026-05-06 05:56:46,633 | INFO | Scenario: scenario_1___nu=3 | n_rep: 86 | KDE model: t-student rot df=3
2026-05-06 05:56:46,857 | INFO | Scenario: scenario_1___nu=3 | n_rep: 87 | KDE model: gaussian rot
2026-05-06 05:56:47,312 | INFO | Scenario: scenario_1___nu=3 | n_rep: 87 | KDE model: t-student rot df=3
2026-05-06 05:56:47,708 | INFO | Scenario: scenario_1___nu=3 | n_rep: 88 | KDE model: gaussian rot
2026-05-06 05:56:48,214 | INFO | Scenario: scenario_1___nu=3 | n_rep: 88 | KDE model: t-student rot df=3
2026-05-06 05:56:48,621 | INFO | Scenario: scenario_1___nu=3 | n_rep: 89 | KDE model: gaussian rot
2026-05-06 05:56:48,835 | INFO | Scenario: scenario_1___nu=3 | n_rep: 89 | KDE model: t-student rot df=3
2026-05-06 05:56:49,040 | INFO | Scenario: scenario_1___nu=3 | n_rep: 90 | KDE model: gaussian rot
2026-05-06 05:56:49,428 | INFO | Scenario: scenario_1___nu=3 | n_rep: 90 | KDE model: t-student rot df=3
2026-05-06 05:56:49,820 | INFO | Scenario: scenario_1___nu=3 | n_rep: 91 | KDE model: gaussian rot
2026-05-06 05:56:50,323 | INFO | Scenario: scenario_1___nu=3 | n_rep: 91 | KDE model: t-student rot df=3
2026-05-06 05:56:50,817 | INFO | Scenario: scenario_1___nu=3 | n_rep: 92 | KDE model: gaussian rot
2026-05-06 05:56:51,326 | INFO | Scenario: scenario_1___nu=3 | n_rep: 92 | KDE model: t-student rot df=3
2026-05-06 05:56:51,839 | INFO | Scenario: scenario_1___nu=3 | n_rep: 93 | KDE model: gaussian rot
2026-05-06 05:56:52,231 | INFO | Scenario: scenario_1___nu=3 | n_rep: 93 | KDE model: t-student rot df=3
2026-05-06 05:56:52,873 | INFO | Scenario: scenario_1___nu=3 | n_rep: 94 | KDE model: gaussian rot
2026-05-06 05:56:53,286 | INFO | Scenario: scenario_1___nu=3 | n_rep: 94 | KDE model: t-student rot df=3
2026-05-06 05:56:53,656 | INFO | Scenario: scenario_1___nu=3 | n_rep: 95 | KDE model: gaussian rot
2026-05-06 05:56:54,117 | INFO | Scenario: scenario_1___nu=3 | n_rep: 95 | KDE model: t-student rot df=3
2026-05-06 05:56:54,529 | INFO | Scenario: scenario_1___nu=3 | n_rep: 96 | KDE model: gaussian rot
2026-05-06 05:56:54,992 | INFO | Scenario: scenario_1___nu=3 | n_rep: 96 | KDE model: t-student rot df=3
2026-05-06 05:56:55,391 | INFO | Scenario: scenario_1___nu=3 | n_rep: 97 | KDE model: gaussian rot
2026-05-06 05:56:55,619 | INFO | Scenario: scenario_1___nu=3 | n_rep: 97 | KDE model: t-student rot df=3
2026-05-06 05:56:55,832 | INFO | Scenario: scenario_1___nu=3 | n_rep: 98 | KDE model: gaussian rot
2026-05-06 05:56:56,213 | INFO | Scenario: scenario_1___nu=3 | n_rep: 98 | KDE model: t-student rot df=3
2026-05-06 05:56:56,601 | INFO | Scenario: scenario_1___nu=3 | n_rep: 99 | KDE model: gaussian rot
2026-05-06 05:56:56,832 | INFO | Scenario: scenario_1___nu=3 | n_rep: 99 | KDE model: t-student rot df=3
2026-05-06 05:56:57,049 | INFO | Scenario: scenario_1___nu=3 | n_rep: 100 | KDE model: gaussian rot
2026-05-06 05:56:57,295 | INFO | Scenario: scenario_1___nu=3 | n_rep: 100 | KDE model: t-student rot df=3
2026-05-06 05:56:57,482 | INFO | Scenario: scenario_1___nu=3 | n_rep: 101 | KDE model: gaussian rot
2026-05-06 05:56:57,719 | INFO | Scenario: scenario_1___nu=3 | n_rep: 101 | KDE model: t-student rot df=3
2026-05-06 05:56:57,962 | INFO | Scenario: scenario_1___nu=3 | n_rep: 102 | KDE model: gaussian rot
2026-05-06 05:56:58,148 | INFO | Scenario: scenario_1___nu=3 | n_rep: 102 | KDE model: t-student rot df=3
2026-05-06 05:56:58,322 | INFO | Scenario: scenario_1___nu=3 | n_rep: 103 | KDE model: gaussian rot
2026-05-06 05:56:58,527 | INFO | Scenario: scenario_1___nu=3 | n_rep: 103 | KDE model: t-student rot df=3
2026-05-06 05:56:58,711 | INFO | Scenario: scenario_1___nu=3 | n_rep: 104 | KDE model: gaussian rot
2026-05-06 05:56:59,144 | INFO | Scenario: scenario_1___nu=3 | n_rep: 104 | KDE model: t-student rot df=3
2026-05-06 05:56:59,543 | INFO | Scenario: scenario_1___nu=3 | n_rep: 105 | KDE model: gaussian rot
2026-05-06 05:56:59,739 | INFO | Scenario: scenario_1___nu=3 | n_rep: 105 | KDE model: t-student rot df=3
2026-05-06 05:56:59,934 | INFO | Scenario: scenario_1___nu=3 | n_rep: 106 | KDE model: gaussian rot
2026-05-06 05:57:00,320 | INFO | Scenario: scenario_1___nu=3 | n_rep: 106 | KDE model: t-student rot df=3
2026-05-06 05:57:00,762 | INFO | Scenario: scenario_1___nu=3 | n_rep: 107 | KDE model: gaussian rot
2026-05-06 05:57:01,123 | INFO | Scenario: scenario_1___nu=3 | n_rep: 107 | KDE model: t-student rot df=3
2026-05-06 05:57:01,510 | INFO | Scenario: scenario_1___nu=3 | n_rep: 108 | KDE model: gaussian rot
2026-05-06 05:57:01,713 | INFO | Scenario: scenario_1___nu=3 | n_rep: 108 | KDE model: t-student rot df=3
2026-05-06 05:57:01,918 | INFO | Scenario: scenario_1___nu=3 | n_rep: 109 | KDE model: gaussian rot
2026-05-06 05:57:02,320 | INFO | Scenario: scenario_1___nu=3 | n_rep: 109 | KDE model: t-student rot df=3
2026-05-06 05:57:02,688 | INFO | Scenario: scenario_1___nu=3 | n_rep: 110 | KDE model: gaussian rot
2026-05-06 05:57:02,914 | INFO | Scenario: scenario_1___nu=3 | n_rep: 110 | KDE model: t-student rot df=3
2026-05-06 05:57:03,113 | INFO | Scenario: scenario_1___nu=3 | n_rep: 111 | KDE model: gaussian rot
2026-05-06 05:57:03,461 | INFO | Scenario: scenario_1___nu=3 | n_rep: 111 | KDE model: t-student rot df=3
2026-05-06 05:57:03,774 | INFO | Scenario: scenario_1___nu=3 | n_rep: 112 | KDE model: gaussian rot
2026-05-06 05:57:04,534 | INFO | Scenario: scenario_1___nu=3 | n_rep: 112 | KDE model: t-student rot df=3
2026-05-06 05:57:04,924 | INFO | Scenario: scenario_1___nu=3 | n_rep: 113 | KDE model: gaussian rot
2026-05-06 05:57:05,267 | INFO | Scenario: scenario_1___nu=3 | n_rep: 113 | KDE model: t-student rot df=3
2026-05-06 05:57:05,653 | INFO | Scenario: scenario_1___nu=3 | n_rep: 114 | KDE model: gaussian rot
2026-05-06 05:57:06,086 | INFO | Scenario: scenario_1___nu=3 | n_rep: 114 | KDE model: t-student rot df=3
2026-05-06 05:57:06,501 | INFO | Scenario: scenario_1___nu=3 | n_rep: 115 | KDE model: gaussian rot
2026-05-06 05:57:07,079 | INFO | Scenario: scenario_1___nu=3 | n_rep: 115 | KDE model: t-student rot df=3
2026-05-06 05:57:07,682 | INFO | Scenario: scenario_1___nu=3 | n_rep: 116 | KDE model: gaussian rot
2026-05-06 05:57:08,134 | INFO | Scenario: scenario_1___nu=3 | n_rep: 116 | KDE model: t-student rot df=3
2026-05-06 05:57:08,635 | INFO | Scenario: scenario_1___nu=3 | n_rep: 117 | KDE model: gaussian rot
2026-05-06 05:57:08,831 | INFO | Scenario: scenario_1___nu=3 | n_rep: 117 | KDE model: t-student rot df=3
2026-05-06 05:57:09,048 | INFO | Scenario: scenario_1___nu=3 | n_rep: 118 | KDE model: gaussian rot
2026-05-06 05:57:09,394 | INFO | Scenario: scenario_1___nu=3 | n_rep: 118 | KDE model: t-student rot df=3
2026-05-06 05:57:09,755 | INFO | Scenario: scenario_1___nu=3 | n_rep: 119 | KDE model: gaussian rot
2026-05-06 05:57:09,989 | INFO | Scenario: scenario_1___nu=3 | n_rep: 119 | KDE model: t-student rot df=3
2026-05-06 05:57:10,215 | INFO | Scenario: scenario_1___nu=3 | n_rep: 120 | KDE model: gaussian rot
2026-05-06 05:57:10,438 | INFO | Scenario: scenario_1___nu=3 | n_rep: 120 | KDE model: t-student rot df=3
2026-05-06 05:57:10,653 | INFO | Scenario: scenario_1___nu=3 | n_rep: 121 | KDE model: gaussian rot
2026-05-06 05:57:10,885 | INFO | Scenario: scenario_1___nu=3 | n_rep: 121 | KDE model: t-student rot df=3
2026-05-06 05:57:11,089 | INFO | Scenario: scenario_1___nu=3 | n_rep: 122 | KDE model: gaussian rot
2026-05-06 05:57:11,292 | INFO | Scenario: scenario_1___nu=3 | n_rep: 122 | KDE model: t-student rot df=3
2026-05-06 05:57:11,471 | INFO | Scenario: scenario_1___nu=3 | n_rep: 123 | KDE model: gaussian rot
2026-05-06 05:57:11,677 | INFO | Scenario: scenario_1___nu=3 | n_rep: 123 | KDE model: t-student rot df=3
2026-05-06 05:57:11,848 | INFO | Scenario: scenario_1___nu=3 | n_rep: 124 | KDE model: gaussian rot
2026-05-06 05:57:12,208 | INFO | Scenario: scenario_1___nu=3 | n_rep: 124 | KDE model: t-student rot df=3
2026-05-06 05:57:12,546 | INFO | Scenario: scenario_1___nu=3 | n_rep: 125 | KDE model: gaussian rot
2026-05-06 05:57:12,717 | INFO | Scenario: scenario_1___nu=3 | n_rep: 125 | KDE model: t-student rot df=3
2026-05-06 05:57:13,022 | INFO | Scenario: scenario_1___nu=3 | n_rep: 126 | KDE model: gaussian rot
2026-05-06 05:57:13,449 | INFO | Scenario: scenario_1___nu=3 | n_rep: 126 | KDE model: t-student rot df=3
2026-05-06 05:57:13,830 | INFO | Scenario: scenario_1___nu=3 | n_rep: 127 | KDE model: gaussian rot
2026-05-06 05:57:14,328 | INFO | Scenario: scenario_1___nu=3 | n_rep: 127 | KDE model: t-student rot df=3
2026-05-06 05:57:14,760 | INFO | Scenario: scenario_1___nu=3 | n_rep: 128 | KDE model: gaussian rot
2026-05-06 05:57:14,967 | INFO | Scenario: scenario_1___nu=3 | n_rep: 128 | KDE model: t-student rot df=3
2026-05-06 05:57:15,210 | INFO | Scenario: scenario_1___nu=3 | n_rep: 129 | KDE model: gaussian rot
2026-05-06 05:57:15,410 | INFO | Scenario: scenario_1___nu=3 | n_rep: 129 | KDE model: t-student rot df=3
2026-05-06 05:57:15,622 | INFO | Scenario: scenario_1___nu=3 | n_rep: 130 | KDE model: gaussian rot
2026-05-06 05:57:15,806 | INFO | Scenario: scenario_1___nu=3 | n_rep: 130 | KDE model: t-student rot df=3
2026-05-06 05:57:16,000 | INFO | Scenario: scenario_1___nu=3 | n_rep: 131 | KDE model: gaussian rot
2026-05-06 05:57:16,233 | INFO | Scenario: scenario_1___nu=3 | n_rep: 131 | KDE model: t-student rot df=3
2026-05-06 05:57:16,463 | INFO | Scenario: scenario_1___nu=3 | n_rep: 132 | KDE model: gaussian rot
2026-05-06 05:57:16,680 | INFO | Scenario: scenario_1___nu=3 | n_rep: 132 | KDE model: t-student rot df=3
2026-05-06 05:57:16,913 | INFO | Scenario: scenario_1___nu=3 | n_rep: 133 | KDE model: gaussian rot
2026-05-06 05:57:17,110 | INFO | Scenario: scenario_1___nu=3 | n_rep: 133 | KDE model: t-student rot df=3
2026-05-06 05:57:17,272 | INFO | Scenario: scenario_1___nu=3 | n_rep: 134 | KDE model: gaussian rot
2026-05-06 05:57:17,686 | INFO | Scenario: scenario_1___nu=3 | n_rep: 134 | KDE model: t-student rot df=3
2026-05-06 05:57:18,129 | INFO | Scenario: scenario_1___nu=3 | n_rep: 135 | KDE model: gaussian rot
2026-05-06 05:57:18,339 | INFO | Scenario: scenario_1___nu=3 | n_rep: 135 | KDE model: t-student rot df=3
2026-05-06 05:57:18,556 | INFO | Scenario: scenario_1___nu=3 | n_rep: 136 | KDE model: gaussian rot
2026-05-06 05:57:19,163 | INFO | Scenario: scenario_1___nu=3 | n_rep: 136 | KDE model: t-student rot df=3
2026-05-06 05:57:19,804 | INFO | Scenario: scenario_1___nu=3 | n_rep: 137 | KDE model: gaussian rot
2026-05-06 05:57:20,532 | INFO | Scenario: scenario_1___nu=3 | n_rep: 137 | KDE model: t-student rot df=3
2026-05-06 05:57:21,221 | INFO | Scenario: scenario_1___nu=3 | n_rep: 138 | KDE model: gaussian rot
2026-05-06 05:57:21,662 | INFO | Scenario: scenario_1___nu=3 | n_rep: 138 | KDE model: t-student rot df=3
2026-05-06 05:57:22,118 | INFO | Scenario: scenario_1___nu=3 | n_rep: 139 | KDE model: gaussian rot
2026-05-06 05:57:22,466 | INFO | Scenario: scenario_1___nu=3 | n_rep: 139 | KDE model: t-student rot df=3
2026-05-06 05:57:22,805 | INFO | Scenario: scenario_1___nu=3 | n_rep: 140 | KDE model: gaussian rot
2026-05-06 05:57:23,303 | INFO | Scenario: scenario_1___nu=3 | n_rep: 140 | KDE model: t-student rot df=3
2026-05-06 05:57:23,773 | INFO | Scenario: scenario_1___nu=3 | n_rep: 141 | KDE model: gaussian rot
2026-05-06 05:57:23,956 | INFO | Scenario: scenario_1___nu=3 | n_rep: 141 | KDE model: t-student rot df=3
2026-05-06 05:57:24,153 | INFO | Scenario: scenario_1___nu=3 | n_rep: 142 | KDE model: gaussian rot
2026-05-06 05:57:24,541 | INFO | Scenario: scenario_1___nu=3 | n_rep: 142 | KDE model: t-student rot df=3
2026-05-06 05:57:24,913 | INFO | Scenario: scenario_1___nu=3 | n_rep: 143 | KDE model: gaussian rot
2026-05-06 05:57:25,144 | INFO | Scenario: scenario_1___nu=3 | n_rep: 143 | KDE model: t-student rot df=3
2026-05-06 05:57:25,371 | INFO | Scenario: scenario_1___nu=3 | n_rep: 144 | KDE model: gaussian rot
2026-05-06 05:57:25,596 | INFO | Scenario: scenario_1___nu=3 | n_rep: 144 | KDE model: t-student rot df=3
2026-05-06 05:57:25,859 | INFO | Scenario: scenario_1___nu=3 | n_rep: 145 | KDE model: gaussian rot
2026-05-06 05:57:26,101 | INFO | Scenario: scenario_1___nu=3 | n_rep: 145 | KDE model: t-student rot df=3
2026-05-06 05:57:26,326 | INFO | Scenario: scenario_1___nu=3 | n_rep: 146 | KDE model: gaussian rot
2026-05-06 05:57:26,511 | INFO | Scenario: scenario_1___nu=3 | n_rep: 146 | KDE model: t-student rot df=3
2026-05-06 05:57:26,710 | INFO | Scenario: scenario_1___nu=3 | n_rep: 147 | KDE model: gaussian rot
2026-05-06 05:57:27,689 | INFO | Scenario: scenario_1___nu=3 | n_rep: 147 | KDE model: t-student rot df=3
2026-05-06 05:57:28,656 | INFO | Scenario: scenario_1___nu=3 | n_rep: 148 | KDE model: gaussian rot
2026-05-06 05:57:28,905 | INFO | Scenario: scenario_1___nu=3 | n_rep: 148 | KDE model: t-student rot df=3
2026-05-06 05:57:29,105 | INFO | Scenario: scenario_1___nu=3 | n_rep: 149 | KDE model: gaussian rot
2026-05-06 05:57:29,528 | INFO | Scenario: scenario_1___nu=3 | n_rep: 149 | KDE model: t-student rot df=3
2026-05-06 05:57:29,928 | INFO | Scenario: scenario_1___nu=3 | n_rep: 150 | KDE model: gaussian rot
2026-05-06 05:57:30,119 | INFO | Scenario: scenario_1___nu=3 | n_rep: 150 | KDE model: t-student rot df=3
2026-05-06 05:57:30,340 | INFO | Scenario: scenario_1___nu=3 | n_rep: 151 | KDE model: gaussian rot
2026-05-06 05:57:30,568 | INFO | Scenario: scenario_1___nu=3 | n_rep: 151 | KDE model: t-student rot df=3
2026-05-06 05:57:30,802 | INFO | Scenario: scenario_1___nu=3 | n_rep: 152 | KDE model: gaussian rot
2026-05-06 05:57:31,134 | INFO | Scenario: scenario_1___nu=3 | n_rep: 152 | KDE model: t-student rot df=3
2026-05-06 05:57:31,508 | INFO | Scenario: scenario_1___nu=3 | n_rep: 153 | KDE model: gaussian rot
2026-05-06 05:57:31,715 | INFO | Scenario: scenario_1___nu=3 | n_rep: 153 | KDE model: t-student rot df=3
2026-05-06 05:57:31,918 | INFO | Scenario: scenario_1___nu=3 | n_rep: 154 | KDE model: gaussian rot
2026-05-06 05:57:32,108 | INFO | Scenario: scenario_1___nu=3 | n_rep: 154 | KDE model: t-student rot df=3
2026-05-06 05:57:32,343 | INFO | Scenario: scenario_1___nu=3 | n_rep: 155 | KDE model: gaussian rot
2026-05-06 05:57:32,695 | INFO | Scenario: scenario_1___nu=3 | n_rep: 155 | KDE model: t-student rot df=3
2026-05-06 05:57:33,077 | INFO | Scenario: scenario_1___nu=3 | n_rep: 156 | KDE model: gaussian rot
2026-05-06 05:57:33,316 | INFO | Scenario: scenario_1___nu=3 | n_rep: 156 | KDE model: t-student rot df=3
2026-05-06 05:57:33,555 | INFO | Scenario: scenario_1___nu=3 | n_rep: 157 | KDE model: gaussian rot
2026-05-06 05:57:34,274 | INFO | Scenario: scenario_1___nu=3 | n_rep: 157 | KDE model: t-student rot df=3
2026-05-06 05:57:34,981 | INFO | Scenario: scenario_1___nu=3 | n_rep: 158 | KDE model: gaussian rot
2026-05-06 05:57:35,195 | INFO | Scenario: scenario_1___nu=3 | n_rep: 158 | KDE model: t-student rot df=3
2026-05-06 05:57:35,409 | INFO | Scenario: scenario_1___nu=3 | n_rep: 159 | KDE model: gaussian rot
2026-05-06 05:57:35,633 | INFO | Scenario: scenario_1___nu=3 | n_rep: 159 | KDE model: t-student rot df=3
2026-05-06 05:57:35,833 | INFO | Scenario: scenario_1___nu=3 | n_rep: 160 | KDE model: gaussian rot
2026-05-06 05:57:36,075 | INFO | Scenario: scenario_1___nu=3 | n_rep: 160 | KDE model: t-student rot df=3
2026-05-06 05:57:36,293 | INFO | Scenario: scenario_1___nu=3 | n_rep: 161 | KDE model: gaussian rot
2026-05-06 05:57:36,454 | INFO | Scenario: scenario_1___nu=3 | n_rep: 161 | KDE model: t-student rot df=3
2026-05-06 05:57:36,623 | INFO | Scenario: scenario_1___nu=3 | n_rep: 162 | KDE model: gaussian rot
2026-05-06 05:57:36,829 | INFO | Scenario: scenario_1___nu=3 | n_rep: 162 | KDE model: t-student rot df=3
2026-05-06 05:57:37,011 | INFO | Scenario: scenario_1___nu=3 | n_rep: 163 | KDE model: gaussian rot
2026-05-06 05:57:37,425 | INFO | Scenario: scenario_1___nu=3 | n_rep: 163 | KDE model: t-student rot df=3
2026-05-06 05:57:37,849 | INFO | Scenario: scenario_1___nu=3 | n_rep: 164 | KDE model: gaussian rot
2026-05-06 05:57:38,431 | INFO | Scenario: scenario_1___nu=3 | n_rep: 164 | KDE model: t-student rot df=3
2026-05-06 05:57:39,034 | INFO | Scenario: scenario_1___nu=3 | n_rep: 165 | KDE model: gaussian rot
2026-05-06 05:57:39,217 | INFO | Scenario: scenario_1___nu=3 | n_rep: 165 | KDE model: t-student rot df=3
2026-05-06 05:57:39,404 | INFO | Scenario: scenario_1___nu=3 | n_rep: 166 | KDE model: gaussian rot
2026-05-06 05:57:39,733 | INFO | Scenario: scenario_1___nu=3 | n_rep: 166 | KDE model: t-student rot df=3
2026-05-06 05:57:40,016 | INFO | Scenario: scenario_1___nu=3 | n_rep: 167 | KDE model: gaussian rot
2026-05-06 05:57:40,660 | INFO | Scenario: scenario_1___nu=3 | n_rep: 167 | KDE model: t-student rot df=3
2026-05-06 05:57:40,907 | INFO | Scenario: scenario_1___nu=3 | n_rep: 168 | KDE model: gaussian rot
2026-05-06 05:57:41,141 | INFO | Scenario: scenario_1___nu=3 | n_rep: 168 | KDE model: t-student rot df=3
2026-05-06 05:57:41,356 | INFO | Scenario: scenario_1___nu=3 | n_rep: 169 | KDE model: gaussian rot
2026-05-06 05:57:41,541 | INFO | Scenario: scenario_1___nu=3 | n_rep: 169 | KDE model: t-student rot df=3
2026-05-06 05:57:41,737 | INFO | Scenario: scenario_1___nu=3 | n_rep: 170 | KDE model: gaussian rot
2026-05-06 05:57:41,958 | INFO | Scenario: scenario_1___nu=3 | n_rep: 170 | KDE model: t-student rot df=3
2026-05-06 05:57:42,164 | INFO | Scenario: scenario_1___nu=3 | n_rep: 171 | KDE model: gaussian rot
2026-05-06 05:57:42,632 | INFO | Scenario: scenario_1___nu=3 | n_rep: 171 | KDE model: t-student rot df=3
2026-05-06 05:57:43,063 | INFO | Scenario: scenario_1___nu=3 | n_rep: 172 | KDE model: gaussian rot
2026-05-06 05:57:43,441 | INFO | Scenario: scenario_1___nu=3 | n_rep: 172 | KDE model: t-student rot df=3
2026-05-06 05:57:43,926 | INFO | Scenario: scenario_1___nu=3 | n_rep: 173 | KDE model: gaussian rot
2026-05-06 05:57:44,379 | INFO | Scenario: scenario_1___nu=3 | n_rep: 173 | KDE model: t-student rot df=3
2026-05-06 05:57:44,772 | INFO | Scenario: scenario_1___nu=3 | n_rep: 174 | KDE model: gaussian rot
2026-05-06 05:57:45,219 | INFO | Scenario: scenario_1___nu=3 | n_rep: 174 | KDE model: t-student rot df=3
2026-05-06 05:57:45,676 | INFO | Scenario: scenario_1___nu=3 | n_rep: 175 | KDE model: gaussian rot
2026-05-06 05:57:46,027 | INFO | Scenario: scenario_1___nu=3 | n_rep: 175 | KDE model: t-student rot df=3
2026-05-06 05:57:46,350 | INFO | Scenario: scenario_1___nu=3 | n_rep: 176 | KDE model: gaussian rot
2026-05-06 05:57:46,597 | INFO | Scenario: scenario_1___nu=3 | n_rep: 176 | KDE model: t-student rot df=3
2026-05-06 05:57:46,804 | INFO | Scenario: scenario_1___nu=3 | n_rep: 177 | KDE model: gaussian rot
2026-05-06 05:57:47,021 | INFO | Scenario: scenario_1___nu=3 | n_rep: 177 | KDE model: t-student rot df=3
2026-05-06 05:57:47,248 | INFO | Scenario: scenario_1___nu=3 | n_rep: 178 | KDE model: gaussian rot
2026-05-06 05:57:47,451 | INFO | Scenario: scenario_1___nu=3 | n_rep: 178 | KDE model: t-student rot df=3
2026-05-06 05:57:47,662 | INFO | Scenario: scenario_1___nu=3 | n_rep: 179 | KDE model: gaussian rot
2026-05-06 05:57:48,039 | INFO | Scenario: scenario_1___nu=3 | n_rep: 179 | KDE model: t-student rot df=3
2026-05-06 05:57:48,426 | INFO | Scenario: scenario_1___nu=3 | n_rep: 180 | KDE model: gaussian rot
2026-05-06 05:57:48,655 | INFO | Scenario: scenario_1___nu=3 | n_rep: 180 | KDE model: t-student rot df=3
2026-05-06 05:57:48,868 | INFO | Scenario: scenario_1___nu=3 | n_rep: 181 | KDE model: gaussian rot
2026-05-06 05:57:49,531 | INFO | Scenario: scenario_1___nu=3 | n_rep: 181 | KDE model: t-student rot df=3
2026-05-06 05:57:50,133 | INFO | Scenario: scenario_1___nu=3 | n_rep: 182 | KDE model: gaussian rot
2026-05-06 05:57:50,750 | INFO | Scenario: scenario_1___nu=3 | n_rep: 182 | KDE model: t-student rot df=3
2026-05-06 05:57:51,246 | INFO | Scenario: scenario_1___nu=3 | n_rep: 183 | KDE model: gaussian rot
2026-05-06 05:57:51,669 | INFO | Scenario: scenario_1___nu=3 | n_rep: 183 | KDE model: t-student rot df=3
2026-05-06 05:57:52,087 | INFO | Scenario: scenario_1___nu=3 | n_rep: 184 | KDE model: gaussian rot
2026-05-06 05:57:52,659 | INFO | Scenario: scenario_1___nu=3 | n_rep: 184 | KDE model: t-student rot df=3
2026-05-06 05:57:53,229 | INFO | Scenario: scenario_1___nu=3 | n_rep: 185 | KDE model: gaussian rot
2026-05-06 05:57:53,460 | INFO | Scenario: scenario_1___nu=3 | n_rep: 185 | KDE model: t-student rot df=3
2026-05-06 05:57:53,688 | INFO | Scenario: scenario_1___nu=3 | n_rep: 186 | KDE model: gaussian rot
2026-05-06 05:57:53,854 | INFO | Scenario: scenario_1___nu=3 | n_rep: 186 | KDE model: t-student rot df=3
2026-05-06 05:57:54,039 | INFO | Scenario: scenario_1___nu=3 | n_rep: 187 | KDE model: gaussian rot
2026-05-06 05:57:54,385 | INFO | Scenario: scenario_1___nu=3 | n_rep: 187 | KDE model: t-student rot df=3
2026-05-06 05:57:54,720 | INFO | Scenario: scenario_1___nu=3 | n_rep: 188 | KDE model: gaussian rot
2026-05-06 05:57:55,141 | INFO | Scenario: scenario_1___nu=3 | n_rep: 188 | KDE model: t-student rot df=3
2026-05-06 05:57:55,584 | INFO | Scenario: scenario_1___nu=3 | n_rep: 189 | KDE model: gaussian rot
2026-05-06 05:57:55,889 | INFO | Scenario: scenario_1___nu=3 | n_rep: 189 | KDE model: t-student rot df=3
2026-05-06 05:57:56,364 | INFO | Scenario: scenario_1___nu=3 | n_rep: 190 | KDE model: gaussian rot
2026-05-06 05:57:56,612 | INFO | Scenario: scenario_1___nu=3 | n_rep: 190 | KDE model: t-student rot df=3
2026-05-06 05:57:56,834 | INFO | Scenario: scenario_1___nu=3 | n_rep: 191 | KDE model: gaussian rot
2026-05-06 05:57:57,223 | INFO | Scenario: scenario_1___nu=3 | n_rep: 191 | KDE model: t-student rot df=3
2026-05-06 05:57:57,632 | INFO | Scenario: scenario_1___nu=3 | n_rep: 192 | KDE model: gaussian rot
2026-05-06 05:57:57,867 | INFO | Scenario: scenario_1___nu=3 | n_rep: 192 | KDE model: t-student rot df=3
2026-05-06 05:57:58,099 | INFO | Scenario: scenario_1___nu=3 | n_rep: 193 | KDE model: gaussian rot
2026-05-06 05:57:58,496 | INFO | Scenario: scenario_1___nu=3 | n_rep: 193 | KDE model: t-student rot df=3
2026-05-06 05:57:58,908 | INFO | Scenario: scenario_1___nu=3 | n_rep: 194 | KDE model: gaussian rot
2026-05-06 05:57:59,126 | INFO | Scenario: scenario_1___nu=3 | n_rep: 194 | KDE model: t-student rot df=3
2026-05-06 05:57:59,336 | INFO | Scenario: scenario_1___nu=3 | n_rep: 195 | KDE model: gaussian rot
2026-05-06 05:57:59,745 | INFO | Scenario: scenario_1___nu=3 | n_rep: 195 | KDE model: t-student rot df=3
2026-05-06 05:58:00,093 | INFO | Scenario: scenario_1___nu=3 | n_rep: 196 | KDE model: gaussian rot
2026-05-06 05:58:00,335 | INFO | Scenario: scenario_1___nu=3 | n_rep: 196 | KDE model: t-student rot df=3
2026-05-06 05:58:00,562 | INFO | Scenario: scenario_1___nu=3 | n_rep: 197 | KDE model: gaussian rot
2026-05-06 05:58:00,968 | INFO | Scenario: scenario_1___nu=3 | n_rep: 197 | KDE model: t-student rot df=3
2026-05-06 05:58:01,519 | INFO | Scenario: scenario_1___nu=3 | n_rep: 198 | KDE model: gaussian rot
2026-05-06 05:58:01,894 | INFO | Scenario: scenario_1___nu=3 | n_rep: 198 | KDE model: t-student rot df=3
2026-05-06 05:58:02,277 | INFO | Scenario: scenario_1___nu=3 | n_rep: 199 | KDE model: gaussian rot
2026-05-06 05:58:02,598 | INFO | Scenario: scenario_1___nu=3 | n_rep: 199 | KDE model: t-student rot df=3
2026-05-06 05:58:03,060 | INFO | Scenario: scenario_1___nu=3 | n_rep: 200 | KDE model: gaussian rot
2026-05-06 05:58:03,427 | INFO | Scenario: scenario_1___nu=3 | n_rep: 200 | KDE model: t-student rot df=3
2026-05-06 05:58:03,824 | INFO | Scenario: scenario_1___nu=3 | n_rep: 201 | KDE model: gaussian rot
2026-05-06 05:58:04,245 | INFO | Scenario: scenario_1___nu=3 | n_rep: 201 | KDE model: t-student rot df=3
2026-05-06 05:58:04,599 | INFO | Scenario: scenario_1___nu=3 | n_rep: 202 | KDE model: gaussian rot
2026-05-06 05:58:04,805 | INFO | Scenario: scenario_1___nu=3 | n_rep: 202 | KDE model: t-student rot df=3
2026-05-06 05:58:04,988 | INFO | Scenario: scenario_1___nu=3 | n_rep: 203 | KDE model: gaussian rot
2026-05-06 05:58:05,199 | INFO | Scenario: scenario_1___nu=3 | n_rep: 203 | KDE model: t-student rot df=3
2026-05-06 05:58:05,372 | INFO | Scenario: scenario_1___nu=3 | n_rep: 204 | KDE model: gaussian rot
2026-05-06 05:58:05,587 | INFO | Scenario: scenario_1___nu=3 | n_rep: 204 | KDE model: t-student rot df=3
2026-05-06 05:58:05,800 | INFO | Scenario: scenario_1___nu=3 | n_rep: 205 | KDE model: gaussian rot
2026-05-06 05:58:05,998 | INFO | Scenario: scenario_1___nu=3 | n_rep: 205 | KDE model: t-student rot df=3
2026-05-06 05:58:06,189 | INFO | Scenario: scenario_1___nu=3 | n_rep: 206 | KDE model: gaussian rot
2026-05-06 05:58:06,343 | INFO | Scenario: scenario_1___nu=3 | n_rep: 206 | KDE model: t-student rot df=3
2026-05-06 05:58:06,505 | INFO | Scenario: scenario_1___nu=3 | n_rep: 207 | KDE model: gaussian rot
2026-05-06 05:58:06,785 | INFO | Scenario: scenario_1___nu=3 | n_rep: 207 | KDE model: t-student rot df=3
2026-05-06 05:58:07,018 | INFO | Scenario: scenario_1___nu=3 | n_rep: 208 | KDE model: gaussian rot
2026-05-06 05:58:07,147 | INFO | Scenario: scenario_1___nu=3 | n_rep: 208 | KDE model: t-student rot df=3
2026-05-06 05:58:07,337 | INFO | Scenario: scenario_1___nu=3 | n_rep: 209 | KDE model: gaussian rot
2026-05-06 05:58:07,941 | INFO | Scenario: scenario_1___nu=3 | n_rep: 209 | KDE model: t-student rot df=3
2026-05-06 05:58:08,582 | INFO | Scenario: scenario_1___nu=3 | n_rep: 210 | KDE model: gaussian rot
2026-05-06 05:58:08,800 | INFO | Scenario: scenario_1___nu=3 | n_rep: 210 | KDE model: t-student rot df=3
2026-05-06 05:58:08,995 | INFO | Scenario: scenario_1___nu=3 | n_rep: 211 | KDE model: gaussian rot
2026-05-06 05:58:09,199 | INFO | Scenario: scenario_1___nu=3 | n_rep: 211 | KDE model: t-student rot df=3
2026-05-06 05:58:09,391 | INFO | Scenario: scenario_1___nu=3 | n_rep: 212 | KDE model: gaussian rot
2026-05-06 05:58:09,747 | INFO | Scenario: scenario_1___nu=3 | n_rep: 212 | KDE model: t-student rot df=3
2026-05-06 05:58:10,251 | INFO | Scenario: scenario_1___nu=3 | n_rep: 213 | KDE model: gaussian rot
2026-05-06 05:58:10,491 | INFO | Scenario: scenario_1___nu=3 | n_rep: 213 | KDE model: t-student rot df=3
2026-05-06 05:58:10,715 | INFO | Scenario: scenario_1___nu=3 | n_rep: 214 | KDE model: gaussian rot
2026-05-06 05:58:10,937 | INFO | Scenario: scenario_1___nu=3 | n_rep: 214 | KDE model: t-student rot df=3
2026-05-06 05:58:11,164 | INFO | Scenario: scenario_1___nu=3 | n_rep: 215 | KDE model: gaussian rot
2026-05-06 05:58:11,393 | INFO | Scenario: scenario_1___nu=3 | n_rep: 215 | KDE model: t-student rot df=3
2026-05-06 05:58:11,589 | INFO | Scenario: scenario_1___nu=3 | n_rep: 216 | KDE model: gaussian rot
2026-05-06 05:58:11,997 | INFO | Scenario: scenario_1___nu=3 | n_rep: 216 | KDE model: t-student rot df=3
2026-05-06 05:58:12,403 | INFO | Scenario: scenario_1___nu=3 | n_rep: 217 | KDE model: gaussian rot
2026-05-06 05:58:12,757 | INFO | Scenario: scenario_1___nu=3 | n_rep: 217 | KDE model: t-student rot df=3
2026-05-06 05:58:13,149 | INFO | Scenario: scenario_1___nu=3 | n_rep: 218 | KDE model: gaussian rot
2026-05-06 05:58:13,699 | INFO | Scenario: scenario_1___nu=3 | n_rep: 218 | KDE model: t-student rot df=3
2026-05-06 05:58:14,206 | INFO | Scenario: scenario_1___nu=3 | n_rep: 219 | KDE model: gaussian rot
2026-05-06 05:58:14,754 | INFO | Scenario: scenario_1___nu=3 | n_rep: 219 | KDE model: t-student rot df=3
2026-05-06 05:58:15,344 | INFO | Scenario: scenario_1___nu=3 | n_rep: 220 | KDE model: gaussian rot
2026-05-06 05:58:15,698 | INFO | Scenario: scenario_1___nu=3 | n_rep: 220 | KDE model: t-student rot df=3
2026-05-06 05:58:16,035 | INFO | Scenario: scenario_1___nu=3 | n_rep: 221 | KDE model: gaussian rot
2026-05-06 05:58:16,418 | INFO | Scenario: scenario_1___nu=3 | n_rep: 221 | KDE model: t-student rot df=3
2026-05-06 05:58:16,814 | INFO | Scenario: scenario_1___nu=3 | n_rep: 222 | KDE model: gaussian rot
2026-05-06 05:58:17,028 | INFO | Scenario: scenario_1___nu=3 | n_rep: 222 | KDE model: t-student rot df=3
2026-05-06 05:58:17,216 | INFO | Scenario: scenario_1___nu=3 | n_rep: 223 | KDE model: gaussian rot
2026-05-06 05:58:17,834 | INFO | Scenario: scenario_1___nu=3 | n_rep: 223 | KDE model: t-student rot df=3
2026-05-06 05:58:18,351 | INFO | Scenario: scenario_1___nu=3 | n_rep: 224 | KDE model: gaussian rot
2026-05-06 05:58:18,590 | INFO | Scenario: scenario_1___nu=3 | n_rep: 224 | KDE model: t-student rot df=3
2026-05-06 05:58:18,818 | INFO | Scenario: scenario_1___nu=3 | n_rep: 225 | KDE model: gaussian rot
2026-05-06 05:58:19,042 | INFO | Scenario: scenario_1___nu=3 | n_rep: 225 | KDE model: t-student rot df=3
2026-05-06 05:58:19,255 | INFO | Scenario: scenario_1___nu=3 | n_rep: 226 | KDE model: gaussian rot
2026-05-06 05:58:19,479 | INFO | Scenario: scenario_1___nu=3 | n_rep: 226 | KDE model: t-student rot df=3
2026-05-06 05:58:19,695 | INFO | Scenario: scenario_1___nu=3 | n_rep: 227 | KDE model: gaussian rot
2026-05-06 05:58:19,924 | INFO | Scenario: scenario_1___nu=3 | n_rep: 227 | KDE model: t-student rot df=3
2026-05-06 05:58:20,103 | INFO | Scenario: scenario_1___nu=3 | n_rep: 228 | KDE model: gaussian rot
2026-05-06 05:58:20,313 | INFO | Scenario: scenario_1___nu=3 | n_rep: 228 | KDE model: t-student rot df=3
2026-05-06 05:58:20,498 | INFO | Scenario: scenario_1___nu=3 | n_rep: 229 | KDE model: gaussian rot
2026-05-06 05:58:20,869 | INFO | Scenario: scenario_1___nu=3 | n_rep: 229 | KDE model: t-student rot df=3
2026-05-06 05:58:21,235 | INFO | Scenario: scenario_1___nu=3 | n_rep: 230 | KDE model: gaussian rot
2026-05-06 05:58:21,654 | INFO | Scenario: scenario_1___nu=3 | n_rep: 230 | KDE model: t-student rot df=3
2026-05-06 05:58:22,040 | INFO | Scenario: scenario_1___nu=3 | n_rep: 231 | KDE model: gaussian rot
2026-05-06 05:58:22,274 | INFO | Scenario: scenario_1___nu=3 | n_rep: 231 | KDE model: t-student rot df=3
2026-05-06 05:58:22,464 | INFO | Scenario: scenario_1___nu=3 | n_rep: 232 | KDE model: gaussian rot
2026-05-06 05:58:22,665 | INFO | Scenario: scenario_1___nu=3 | n_rep: 232 | KDE model: t-student rot df=3
2026-05-06 05:58:22,857 | INFO | Scenario: scenario_1___nu=3 | n_rep: 233 | KDE model: gaussian rot
2026-05-06 05:58:23,065 | INFO | Scenario: scenario_1___nu=3 | n_rep: 233 | KDE model: t-student rot df=3
2026-05-06 05:58:23,280 | INFO | Scenario: scenario_1___nu=3 | n_rep: 234 | KDE model: gaussian rot
2026-05-06 05:58:23,648 | INFO | Scenario: scenario_1___nu=3 | n_rep: 234 | KDE model: t-student rot df=3
2026-05-06 05:58:24,028 | INFO | Scenario: scenario_1___nu=3 | n_rep: 235 | KDE model: gaussian rot
2026-05-06 05:58:24,227 | INFO | Scenario: scenario_1___nu=3 | n_rep: 235 | KDE model: t-student rot df=3
2026-05-06 05:58:24,410 | INFO | Scenario: scenario_1___nu=3 | n_rep: 236 | KDE model: gaussian rot
2026-05-06 05:58:24,662 | INFO | Scenario: scenario_1___nu=3 | n_rep: 236 | KDE model: t-student rot df=3
2026-05-06 05:58:24,889 | INFO | Scenario: scenario_1___nu=3 | n_rep: 237 | KDE model: gaussian rot
2026-05-06 05:58:25,106 | INFO | Scenario: scenario_1___nu=3 | n_rep: 237 | KDE model: t-student rot df=3
2026-05-06 05:58:25,310 | INFO | Scenario: scenario_1___nu=3 | n_rep: 238 | KDE model: gaussian rot
2026-05-06 05:58:25,500 | INFO | Scenario: scenario_1___nu=3 | n_rep: 238 | KDE model: t-student rot df=3
2026-05-06 05:58:25,637 | INFO | Scenario: scenario_1___nu=3 | n_rep: 239 | KDE model: gaussian rot
2026-05-06 05:58:26,074 | INFO | Scenario: scenario_1___nu=3 | n_rep: 239 | KDE model: t-student rot df=3
2026-05-06 05:58:26,518 | INFO | Scenario: scenario_1___nu=3 | n_rep: 240 | KDE model: gaussian rot
2026-05-06 05:58:26,945 | INFO | Scenario: scenario_1___nu=3 | n_rep: 240 | KDE model: t-student rot df=3
2026-05-06 05:58:27,349 | INFO | Scenario: scenario_1___nu=3 | n_rep: 241 | KDE model: gaussian rot
2026-05-06 05:58:27,565 | INFO | Scenario: scenario_1___nu=3 | n_rep: 241 | KDE model: t-student rot df=3
2026-05-06 05:58:27,756 | INFO | Scenario: scenario_1___nu=3 | n_rep: 242 | KDE model: gaussian rot
2026-05-06 05:58:27,974 | INFO | Scenario: scenario_1___nu=3 | n_rep: 242 | KDE model: t-student rot df=3
2026-05-06 05:58:28,164 | INFO | Scenario: scenario_1___nu=3 | n_rep: 243 | KDE model: gaussian rot
2026-05-06 05:58:28,347 | INFO | Scenario: scenario_1___nu=3 | n_rep: 243 | KDE model: t-student rot df=3
2026-05-06 05:58:28,558 | INFO | Scenario: scenario_1___nu=3 | n_rep: 244 | KDE model: gaussian rot
2026-05-06 05:58:29,107 | INFO | Scenario: scenario_1___nu=3 | n_rep: 244 | KDE model: t-student rot df=3
2026-05-06 05:58:29,476 | INFO | Scenario: scenario_1___nu=3 | n_rep: 245 | KDE model: gaussian rot
2026-05-06 05:58:30,049 | INFO | Scenario: scenario_1___nu=3 | n_rep: 245 | KDE model: t-student rot df=3
2026-05-06 05:58:30,597 | INFO | Scenario: scenario_1___nu=3 | n_rep: 246 | KDE model: gaussian rot
2026-05-06 05:58:31,079 | INFO | Scenario: scenario_1___nu=3 | n_rep: 246 | KDE model: t-student rot df=3
2026-05-06 05:58:31,559 | INFO | Scenario: scenario_1___nu=3 | n_rep: 247 | KDE model: gaussian rot
2026-05-06 05:58:31,954 | INFO | Scenario: scenario_1___nu=3 | n_rep: 247 | KDE model: t-student rot df=3
2026-05-06 05:58:32,359 | INFO | Scenario: scenario_1___nu=3 | n_rep: 248 | KDE model: gaussian rot
2026-05-06 05:58:32,764 | INFO | Scenario: scenario_1___nu=3 | n_rep: 248 | KDE model: t-student rot df=3
2026-05-06 05:58:33,129 | INFO | Scenario: scenario_1___nu=3 | n_rep: 249 | KDE model: gaussian rot
2026-05-06 05:58:33,482 | INFO | Scenario: scenario_1___nu=3 | n_rep: 249 | KDE model: t-student rot df=3
2026-05-06 05:58:33,840 | INFO | Scenario: scenario_1___nu=3 | n_rep: 250 | KDE model: gaussian rot
2026-05-06 05:58:34,065 | INFO | Scenario: scenario_1___nu=3 | n_rep: 250 | KDE model: t-student rot df=3
2026-05-06 05:58:34,306 | INFO | Scenario: scenario_1___nu=3 | n_rep: 251 | KDE model: gaussian rot
2026-05-06 05:58:34,522 | INFO | Scenario: scenario_1___nu=3 | n_rep: 251 | KDE model: t-student rot df=3
2026-05-06 05:58:34,711 | INFO | Scenario: scenario_1___nu=3 | n_rep: 252 | KDE model: gaussian rot
2026-05-06 05:58:35,134 | INFO | Scenario: scenario_1___nu=3 | n_rep: 252 | KDE model: t-student rot df=3
2026-05-06 05:58:35,575 | INFO | Scenario: scenario_1___nu=3 | n_rep: 253 | KDE model: gaussian rot
2026-05-06 05:58:35,800 | INFO | Scenario: scenario_1___nu=3 | n_rep: 253 | KDE model: t-student rot df=3
2026-05-06 05:58:35,990 | INFO | Scenario: scenario_1___nu=3 | n_rep: 254 | KDE model: gaussian rot
2026-05-06 05:58:36,196 | INFO | Scenario: scenario_1___nu=3 | n_rep: 254 | KDE model: t-student rot df=3
2026-05-06 05:58:36,391 | INFO | Scenario: scenario_1___nu=3 | n_rep: 255 | KDE model: gaussian rot
2026-05-06 05:58:36,621 | INFO | Scenario: scenario_1___nu=3 | n_rep: 255 | KDE model: t-student rot df=3
2026-05-06 05:58:36,822 | INFO | Scenario: scenario_1___nu=3 | n_rep: 256 | KDE model: gaussian rot
2026-05-06 05:58:37,343 | INFO | Scenario: scenario_1___nu=3 | n_rep: 256 | KDE model: t-student rot df=3
2026-05-06 05:58:37,821 | INFO | Scenario: scenario_1___nu=3 | n_rep: 257 | KDE model: gaussian rot
2026-05-06 05:58:38,079 | INFO | Scenario: scenario_1___nu=3 | n_rep: 257 | KDE model: t-student rot df=3
2026-05-06 05:58:38,291 | INFO | Scenario: scenario_1___nu=3 | n_rep: 258 | KDE model: gaussian rot
2026-05-06 05:58:38,518 | INFO | Scenario: scenario_1___nu=3 | n_rep: 258 | KDE model: t-student rot df=3
2026-05-06 05:58:38,746 | INFO | Scenario: scenario_1___nu=3 | n_rep: 259 | KDE model: gaussian rot
2026-05-06 05:58:38,958 | INFO | Scenario: scenario_1___nu=3 | n_rep: 259 | KDE model: t-student rot df=3
2026-05-06 05:58:39,169 | INFO | Scenario: scenario_1___nu=3 | n_rep: 260 | KDE model: gaussian rot
2026-05-06 05:58:39,346 | INFO | Scenario: scenario_1___nu=3 | n_rep: 260 | KDE model: t-student rot df=3
2026-05-06 05:58:39,529 | INFO | Scenario: scenario_1___nu=3 | n_rep: 261 | KDE model: gaussian rot
2026-05-06 05:58:39,994 | INFO | Scenario: scenario_1___nu=3 | n_rep: 261 | KDE model: t-student rot df=3
2026-05-06 05:58:40,457 | INFO | Scenario: scenario_1___nu=3 | n_rep: 262 | KDE model: gaussian rot
2026-05-06 05:58:40,655 | INFO | Scenario: scenario_1___nu=3 | n_rep: 262 | KDE model: t-student rot df=3
2026-05-06 05:58:40,836 | INFO | Scenario: scenario_1___nu=3 | n_rep: 263 | KDE model: gaussian rot
2026-05-06 05:58:41,167 | INFO | Scenario: scenario_1___nu=3 | n_rep: 263 | KDE model: t-student rot df=3
2026-05-06 05:58:41,487 | INFO | Scenario: scenario_1___nu=3 | n_rep: 264 | KDE model: gaussian rot
2026-05-06 05:58:41,913 | INFO | Scenario: scenario_1___nu=3 | n_rep: 264 | KDE model: t-student rot df=3
2026-05-06 05:58:42,299 | INFO | Scenario: scenario_1___nu=3 | n_rep: 265 | KDE model: gaussian rot
2026-05-06 05:58:42,518 | INFO | Scenario: scenario_1___nu=3 | n_rep: 265 | KDE model: t-student rot df=3
2026-05-06 05:58:42,725 | INFO | Scenario: scenario_1___nu=3 | n_rep: 266 | KDE model: gaussian rot
2026-05-06 05:58:42,945 | INFO | Scenario: scenario_1___nu=3 | n_rep: 266 | KDE model: t-student rot df=3
2026-05-06 05:58:43,119 | INFO | Scenario: scenario_1___nu=3 | n_rep: 267 | KDE model: gaussian rot
2026-05-06 05:58:43,515 | INFO | Scenario: scenario_1___nu=3 | n_rep: 267 | KDE model: t-student rot df=3
2026-05-06 05:58:43,904 | INFO | Scenario: scenario_1___nu=3 | n_rep: 268 | KDE model: gaussian rot
2026-05-06 05:58:44,775 | INFO | Scenario: scenario_1___nu=3 | n_rep: 268 | KDE model: t-student rot df=3
2026-05-06 05:58:45,574 | INFO | Scenario: scenario_1___nu=3 | n_rep: 269 | KDE model: gaussian rot
2026-05-06 05:58:45,757 | INFO | Scenario: scenario_1___nu=3 | n_rep: 269 | KDE model: t-student rot df=3
2026-05-06 05:58:45,937 | INFO | Scenario: scenario_1___nu=3 | n_rep: 270 | KDE model: gaussian rot
2026-05-06 05:58:46,139 | INFO | Scenario: scenario_1___nu=3 | n_rep: 270 | KDE model: t-student rot df=3
2026-05-06 05:58:46,311 | INFO | Scenario: scenario_1___nu=3 | n_rep: 271 | KDE model: gaussian rot
2026-05-06 05:58:46,744 | INFO | Scenario: scenario_1___nu=3 | n_rep: 271 | KDE model: t-student rot df=3
2026-05-06 05:58:47,135 | INFO | Scenario: scenario_1___nu=3 | n_rep: 272 | KDE model: gaussian rot
2026-05-06 05:58:47,356 | INFO | Scenario: scenario_1___nu=3 | n_rep: 272 | KDE model: t-student rot df=3
2026-05-06 05:58:47,556 | INFO | Scenario: scenario_1___nu=3 | n_rep: 273 | KDE model: gaussian rot
2026-05-06 05:58:47,955 | INFO | Scenario: scenario_1___nu=3 | n_rep: 273 | KDE model: t-student rot df=3
2026-05-06 05:58:48,315 | INFO | Scenario: scenario_1___nu=3 | n_rep: 274 | KDE model: gaussian rot
2026-05-06 05:58:48,694 | INFO | Scenario: scenario_1___nu=3 | n_rep: 274 | KDE model: t-student rot df=3
2026-05-06 05:58:49,071 | INFO | Scenario: scenario_1___nu=3 | n_rep: 275 | KDE model: gaussian rot
2026-05-06 05:58:49,358 | INFO | Scenario: scenario_1___nu=3 | n_rep: 275 | KDE model: t-student rot df=3
2026-05-06 05:58:49,747 | INFO | Scenario: scenario_1___nu=3 | n_rep: 276 | KDE model: gaussian rot
2026-05-06 05:58:50,132 | INFO | Scenario: scenario_1___nu=3 | n_rep: 276 | KDE model: t-student rot df=3
2026-05-06 05:58:50,507 | INFO | Scenario: scenario_1___nu=3 | n_rep: 277 | KDE model: gaussian rot
2026-05-06 05:58:50,690 | INFO | Scenario: scenario_1___nu=3 | n_rep: 277 | KDE model: t-student rot df=3
2026-05-06 05:58:50,838 | INFO | Scenario: scenario_1___nu=3 | n_rep: 278 | KDE model: gaussian rot
2026-05-06 05:58:51,119 | INFO | Scenario: scenario_1___nu=3 | n_rep: 278 | KDE model: t-student rot df=3
2026-05-06 05:58:51,477 | INFO | Scenario: scenario_1___nu=3 | n_rep: 279 | KDE model: gaussian rot
2026-05-06 05:58:51,670 | INFO | Scenario: scenario_1___nu=3 | n_rep: 279 | KDE model: t-student rot df=3
2026-05-06 05:58:51,945 | INFO | Scenario: scenario_1___nu=3 | n_rep: 280 | KDE model: gaussian rot
2026-05-06 05:58:52,263 | INFO | Scenario: scenario_1___nu=3 | n_rep: 280 | KDE model: t-student rot df=3
2026-05-06 05:58:52,603 | INFO | Scenario: scenario_1___nu=3 | n_rep: 281 | KDE model: gaussian rot
2026-05-06 05:58:53,011 | INFO | Scenario: scenario_1___nu=3 | n_rep: 281 | KDE model: t-student rot df=3
2026-05-06 05:58:53,527 | INFO | Scenario: scenario_1___nu=3 | n_rep: 282 | KDE model: gaussian rot
2026-05-06 05:58:53,853 | INFO | Scenario: scenario_1___nu=3 | n_rep: 282 | KDE model: t-student rot df=3
2026-05-06 05:58:54,383 | INFO | Scenario: scenario_1___nu=3 | n_rep: 283 | KDE model: gaussian rot
2026-05-06 05:58:54,742 | INFO | Scenario: scenario_1___nu=3 | n_rep: 283 | KDE model: t-student rot df=3
2026-05-06 05:58:55,089 | INFO | Scenario: scenario_1___nu=3 | n_rep: 284 | KDE model: gaussian rot
2026-05-06 05:58:55,747 | INFO | Scenario: scenario_1___nu=3 | n_rep: 284 | KDE model: t-student rot df=3
2026-05-06 05:58:56,366 | INFO | Scenario: scenario_1___nu=3 | n_rep: 285 | KDE model: gaussian rot
2026-05-06 05:58:56,584 | INFO | Scenario: scenario_1___nu=3 | n_rep: 285 | KDE model: t-student rot df=3
2026-05-06 05:58:56,746 | INFO | Scenario: scenario_1___nu=3 | n_rep: 286 | KDE model: gaussian rot
2026-05-06 05:58:56,945 | INFO | Scenario: scenario_1___nu=3 | n_rep: 286 | KDE model: t-student rot df=3
2026-05-06 05:58:57,210 | INFO | Scenario: scenario_1___nu=3 | n_rep: 287 | KDE model: gaussian rot
2026-05-06 05:58:57,577 | INFO | Scenario: scenario_1___nu=3 | n_rep: 287 | KDE model: t-student rot df=3
2026-05-06 05:58:57,952 | INFO | Scenario: scenario_1___nu=3 | n_rep: 288 | KDE model: gaussian rot
2026-05-06 05:58:58,285 | INFO | Scenario: scenario_1___nu=3 | n_rep: 288 | KDE model: t-student rot df=3
2026-05-06 05:58:58,653 | INFO | Scenario: scenario_1___nu=3 | n_rep: 289 | KDE model: gaussian rot
2026-05-06 05:58:58,863 | INFO | Scenario: scenario_1___nu=3 | n_rep: 289 | KDE model: t-student rot df=3
2026-05-06 05:58:59,048 | INFO | Scenario: scenario_1___nu=3 | n_rep: 290 | KDE model: gaussian rot
2026-05-06 05:58:59,220 | INFO | Scenario: scenario_1___nu=3 | n_rep: 290 | KDE model: t-student rot df=3
2026-05-06 05:58:59,396 | INFO | Scenario: scenario_1___nu=3 | n_rep: 291 | KDE model: gaussian rot
2026-05-06 05:58:59,608 | INFO | Scenario: scenario_1___nu=3 | n_rep: 291 | KDE model: t-student rot df=3
2026-05-06 05:58:59,812 | INFO | Scenario: scenario_1___nu=3 | n_rep: 292 | KDE model: gaussian rot
2026-05-06 05:59:00,130 | INFO | Scenario: scenario_1___nu=3 | n_rep: 292 | KDE model: t-student rot df=3
2026-05-06 05:59:00,443 | INFO | Scenario: scenario_1___nu=3 | n_rep: 293 | KDE model: gaussian rot
2026-05-06 05:59:00,643 | INFO | Scenario: scenario_1___nu=3 | n_rep: 293 | KDE model: t-student rot df=3
2026-05-06 05:59:00,839 | INFO | Scenario: scenario_1___nu=3 | n_rep: 294 | KDE model: gaussian rot
2026-05-06 05:59:01,252 | INFO | Scenario: scenario_1___nu=3 | n_rep: 294 | KDE model: t-student rot df=3
2026-05-06 05:59:01,712 | INFO | Scenario: scenario_1___nu=3 | n_rep: 295 | KDE model: gaussian rot
2026-05-06 05:59:01,916 | INFO | Scenario: scenario_1___nu=3 | n_rep: 295 | KDE model: t-student rot df=3
2026-05-06 05:59:02,145 | INFO | Scenario: scenario_1___nu=3 | n_rep: 296 | KDE model: gaussian rot
2026-05-06 05:59:02,356 | INFO | Scenario: scenario_1___nu=3 | n_rep: 296 | KDE model: t-student rot df=3
2026-05-06 05:59:02,537 | INFO | Scenario: scenario_1___nu=3 | n_rep: 297 | KDE model: gaussian rot
2026-05-06 05:59:02,865 | INFO | Scenario: scenario_1___nu=3 | n_rep: 297 | KDE model: t-student rot df=3
2026-05-06 05:59:03,139 | INFO | Scenario: scenario_1___nu=3 | n_rep: 298 | KDE model: gaussian rot
2026-05-06 05:59:03,604 | INFO | Scenario: scenario_1___nu=3 | n_rep: 298 | KDE model: t-student rot df=3
2026-05-06 05:59:04,047 | INFO | Scenario: scenario_1___nu=3 | n_rep: 299 | KDE model: gaussian rot
2026-05-06 05:59:04,629 | INFO | Scenario: scenario_1___nu=3 | n_rep: 299 | KDE model: t-student rot df=3
2026-05-06 05:59:05,213 | INFO | Scenario: scenario_1___nu=3 | n_rep: 300 | KDE model: gaussian rot
2026-05-06 05:59:05,410 | INFO | Scenario: scenario_1___nu=3 | n_rep: 300 | KDE model: t-student rot df=3
2026-05-06 05:59:05,614 | INFO | Scenario: scenario_1___nu=3 | n_rep: 301 | KDE model: gaussian rot
2026-05-06 05:59:05,793 | INFO | Scenario: scenario_1___nu=3 | n_rep: 301 | KDE model: t-student rot df=3
2026-05-06 05:59:05,968 | INFO | Scenario: scenario_1___nu=3 | n_rep: 302 | KDE model: gaussian rot
2026-05-06 05:59:06,402 | INFO | Scenario: scenario_1___nu=3 | n_rep: 302 | KDE model: t-student rot df=3
2026-05-06 05:59:06,857 | INFO | Scenario: scenario_1___nu=3 | n_rep: 303 | KDE model: gaussian rot
2026-05-06 05:59:07,030 | INFO | Scenario: scenario_1___nu=3 | n_rep: 303 | KDE model: t-student rot df=3
2026-05-06 05:59:07,212 | INFO | Scenario: scenario_1___nu=3 | n_rep: 304 | KDE model: gaussian rot
2026-05-06 05:59:07,464 | INFO | Scenario: scenario_1___nu=3 | n_rep: 304 | KDE model: t-student rot df=3
2026-05-06 05:59:07,703 | INFO | Scenario: scenario_1___nu=3 | n_rep: 305 | KDE model: gaussian rot
2026-05-06 05:59:08,020 | INFO | Scenario: scenario_1___nu=3 | n_rep: 305 | KDE model: t-student rot df=3
2026-05-06 05:59:08,493 | INFO | Scenario: scenario_1___nu=3 | n_rep: 306 | KDE model: gaussian rot
2026-05-06 05:59:08,712 | INFO | Scenario: scenario_1___nu=3 | n_rep: 306 | KDE model: t-student rot df=3
2026-05-06 05:59:08,914 | INFO | Scenario: scenario_1___nu=3 | n_rep: 307 | KDE model: gaussian rot
2026-05-06 05:59:09,473 | INFO | Scenario: scenario_1___nu=3 | n_rep: 307 | KDE model: t-student rot df=3
2026-05-06 05:59:09,993 | INFO | Scenario: scenario_1___nu=3 | n_rep: 308 | KDE model: gaussian rot
2026-05-06 05:59:10,207 | INFO | Scenario: scenario_1___nu=3 | n_rep: 308 | KDE model: t-student rot df=3
2026-05-06 05:59:10,395 | INFO | Scenario: scenario_1___nu=3 | n_rep: 309 | KDE model: gaussian rot
2026-05-06 05:59:10,768 | INFO | Scenario: scenario_1___nu=3 | n_rep: 309 | KDE model: t-student rot df=3
2026-05-06 05:59:11,139 | INFO | Scenario: scenario_1___nu=3 | n_rep: 310 | KDE model: gaussian rot
2026-05-06 05:59:11,554 | INFO | Scenario: scenario_1___nu=3 | n_rep: 310 | KDE model: t-student rot df=3
2026-05-06 05:59:11,963 | INFO | Scenario: scenario_1___nu=3 | n_rep: 311 | KDE model: gaussian rot
2026-05-06 05:59:12,373 | INFO | Scenario: scenario_1___nu=3 | n_rep: 311 | KDE model: t-student rot df=3
2026-05-06 05:59:12,764 | INFO | Scenario: scenario_1___nu=3 | n_rep: 312 | KDE model: gaussian rot
2026-05-06 05:59:13,227 | INFO | Scenario: scenario_1___nu=3 | n_rep: 312 | KDE model: t-student rot df=3
2026-05-06 05:59:13,657 | INFO | Scenario: scenario_1___nu=3 | n_rep: 313 | KDE model: gaussian rot
2026-05-06 05:59:13,873 | INFO | Scenario: scenario_1___nu=3 | n_rep: 313 | KDE model: t-student rot df=3
2026-05-06 05:59:14,073 | INFO | Scenario: scenario_1___nu=3 | n_rep: 314 | KDE model: gaussian rot
2026-05-06 05:59:14,266 | INFO | Scenario: scenario_1___nu=3 | n_rep: 314 | KDE model: t-student rot df=3
2026-05-06 05:59:14,461 | INFO | Scenario: scenario_1___nu=3 | n_rep: 315 | KDE model: gaussian rot
2026-05-06 05:59:14,673 | INFO | Scenario: scenario_1___nu=3 | n_rep: 315 | KDE model: t-student rot df=3
2026-05-06 05:59:14,889 | INFO | Scenario: scenario_1___nu=3 | n_rep: 316 | KDE model: gaussian rot
2026-05-06 05:59:15,452 | INFO | Scenario: scenario_1___nu=3 | n_rep: 316 | KDE model: t-student rot df=3
2026-05-06 05:59:16,015 | INFO | Scenario: scenario_1___nu=3 | n_rep: 317 | KDE model: gaussian rot
2026-05-06 05:59:16,471 | INFO | Scenario: scenario_1___nu=3 | n_rep: 317 | KDE model: t-student rot df=3
2026-05-06 05:59:16,923 | INFO | Scenario: scenario_1___nu=3 | n_rep: 318 | KDE model: gaussian rot
2026-05-06 05:59:17,258 | INFO | Scenario: scenario_1___nu=3 | n_rep: 318 | KDE model: t-student rot df=3
2026-05-06 05:59:17,662 | INFO | Scenario: scenario_1___nu=3 | n_rep: 319 | KDE model: gaussian rot
2026-05-06 05:59:18,926 | INFO | Scenario: scenario_1___nu=3 | n_rep: 319 | KDE model: t-student rot df=3
2026-05-06 05:59:19,818 | INFO | Scenario: scenario_1___nu=3 | n_rep: 320 | KDE model: gaussian rot
2026-05-06 05:59:20,276 | INFO | Scenario: scenario_1___nu=3 | n_rep: 320 | KDE model: t-student rot df=3
2026-05-06 05:59:20,866 | INFO | Scenario: scenario_1___nu=3 | n_rep: 321 | KDE model: gaussian rot
2026-05-06 05:59:21,205 | INFO | Scenario: scenario_1___nu=3 | n_rep: 321 | KDE model: t-student rot df=3
2026-05-06 05:59:21,514 | INFO | Scenario: scenario_1___nu=3 | n_rep: 322 | KDE model: gaussian rot
2026-05-06 05:59:21,900 | INFO | Scenario: scenario_1___nu=3 | n_rep: 322 | KDE model: t-student rot df=3
2026-05-06 05:59:22,257 | INFO | Scenario: scenario_1___nu=3 | n_rep: 323 | KDE model: gaussian rot
2026-05-06 05:59:22,628 | INFO | Scenario: scenario_1___nu=3 | n_rep: 323 | KDE model: t-student rot df=3
2026-05-06 05:59:23,028 | INFO | Scenario: scenario_1___nu=3 | n_rep: 324 | KDE model: gaussian rot
2026-05-06 05:59:23,240 | INFO | Scenario: scenario_1___nu=3 | n_rep: 324 | KDE model: t-student rot df=3
2026-05-06 05:59:23,448 | INFO | Scenario: scenario_1___nu=3 | n_rep: 325 | KDE model: gaussian rot
2026-05-06 05:59:23,660 | INFO | Scenario: scenario_1___nu=3 | n_rep: 325 | KDE model: t-student rot df=3
2026-05-06 05:59:23,841 | INFO | Scenario: scenario_1___nu=3 | n_rep: 326 | KDE model: gaussian rot
2026-05-06 05:59:24,072 | INFO | Scenario: scenario_1___nu=3 | n_rep: 326 | KDE model: t-student rot df=3
2026-05-06 05:59:24,296 | INFO | Scenario: scenario_1___nu=3 | n_rep: 327 | KDE model: gaussian rot
2026-05-06 05:59:24,754 | INFO | Scenario: scenario_1___nu=3 | n_rep: 327 | KDE model: t-student rot df=3
2026-05-06 05:59:25,193 | INFO | Scenario: scenario_1___nu=3 | n_rep: 328 | KDE model: gaussian rot
2026-05-06 05:59:25,554 | INFO | Scenario: scenario_1___nu=3 | n_rep: 328 | KDE model: t-student rot df=3
2026-05-06 05:59:25,919 | INFO | Scenario: scenario_1___nu=3 | n_rep: 329 | KDE model: gaussian rot
2026-05-06 05:59:26,400 | INFO | Scenario: scenario_1___nu=3 | n_rep: 329 | KDE model: t-student rot df=3
2026-05-06 05:59:27,339 | INFO | Scenario: scenario_1___nu=3 | n_rep: 330 | KDE model: gaussian rot
2026-05-06 05:59:27,547 | INFO | Scenario: scenario_1___nu=3 | n_rep: 330 | KDE model: t-student rot df=3
2026-05-06 05:59:27,740 | INFO | Scenario: scenario_1___nu=3 | n_rep: 331 | KDE model: gaussian rot
2026-05-06 05:59:27,942 | INFO | Scenario: scenario_1___nu=3 | n_rep: 331 | KDE model: t-student rot df=3
2026-05-06 05:59:28,137 | INFO | Scenario: scenario_1___nu=3 | n_rep: 332 | KDE model: gaussian rot
2026-05-06 05:59:28,379 | INFO | Scenario: scenario_1___nu=3 | n_rep: 332 | KDE model: t-student rot df=3
2026-05-06 05:59:28,613 | INFO | Scenario: scenario_1___nu=3 | n_rep: 333 | KDE model: gaussian rot
2026-05-06 05:59:29,039 | INFO | Scenario: scenario_1___nu=3 | n_rep: 333 | KDE model: t-student rot df=3
2026-05-06 05:59:29,454 | INFO | Scenario: scenario_1___nu=3 | n_rep: 334 | KDE model: gaussian rot
2026-05-06 05:59:29,646 | INFO | Scenario: scenario_1___nu=3 | n_rep: 334 | KDE model: t-student rot df=3
2026-05-06 05:59:29,829 | INFO | Scenario: scenario_1___nu=3 | n_rep: 335 | KDE model: gaussian rot
2026-05-06 05:59:30,053 | INFO | Scenario: scenario_1___nu=3 | n_rep: 335 | KDE model: t-student rot df=3
2026-05-06 05:59:30,258 | INFO | Scenario: scenario_1___nu=3 | n_rep: 336 | KDE model: gaussian rot
2026-05-06 05:59:30,631 | INFO | Scenario: scenario_1___nu=3 | n_rep: 336 | KDE model: t-student rot df=3
2026-05-06 05:59:30,981 | INFO | Scenario: scenario_1___nu=3 | n_rep: 337 | KDE model: gaussian rot
2026-05-06 05:59:31,188 | INFO | Scenario: scenario_1___nu=3 | n_rep: 337 | KDE model: t-student rot df=3
2026-05-06 05:59:31,380 | INFO | Scenario: scenario_1___nu=3 | n_rep: 338 | KDE model: gaussian rot
2026-05-06 05:59:31,847 | INFO | Scenario: scenario_1___nu=3 | n_rep: 338 | KDE model: t-student rot df=3
2026-05-06 05:59:32,265 | INFO | Scenario: scenario_1___nu=3 | n_rep: 339 | KDE model: gaussian rot
2026-05-06 05:59:32,679 | INFO | Scenario: scenario_1___nu=3 | n_rep: 339 | KDE model: t-student rot df=3
2026-05-06 05:59:33,091 | INFO | Scenario: scenario_1___nu=3 | n_rep: 340 | KDE model: gaussian rot
2026-05-06 05:59:33,250 | INFO | Scenario: scenario_1___nu=3 | n_rep: 340 | KDE model: t-student rot df=3
2026-05-06 05:59:33,427 | INFO | Scenario: scenario_1___nu=3 | n_rep: 341 | KDE model: gaussian rot
2026-05-06 05:59:33,639 | INFO | Scenario: scenario_1___nu=3 | n_rep: 341 | KDE model: t-student rot df=3
2026-05-06 05:59:33,843 | INFO | Scenario: scenario_1___nu=3 | n_rep: 342 | KDE model: gaussian rot
2026-05-06 05:59:34,314 | INFO | Scenario: scenario_1___nu=3 | n_rep: 342 | KDE model: t-student rot df=3
2026-05-06 05:59:34,750 | INFO | Scenario: scenario_1___nu=3 | n_rep: 343 | KDE model: gaussian rot
2026-05-06 05:59:34,962 | INFO | Scenario: scenario_1___nu=3 | n_rep: 343 | KDE model: t-student rot df=3
2026-05-06 05:59:35,155 | INFO | Scenario: scenario_1___nu=3 | n_rep: 344 | KDE model: gaussian rot
2026-05-06 05:59:35,348 | INFO | Scenario: scenario_1___nu=3 | n_rep: 344 | KDE model: t-student rot df=3
2026-05-06 05:59:35,550 | INFO | Scenario: scenario_1___nu=3 | n_rep: 345 | KDE model: gaussian rot
2026-05-06 05:59:35,758 | INFO | Scenario: scenario_1___nu=3 | n_rep: 345 | KDE model: t-student rot df=3
2026-05-06 05:59:35,975 | INFO | Scenario: scenario_1___nu=3 | n_rep: 346 | KDE model: gaussian rot
2026-05-06 05:59:36,207 | INFO | Scenario: scenario_1___nu=3 | n_rep: 346 | KDE model: t-student rot df=3
2026-05-06 05:59:36,385 | INFO | Scenario: scenario_1___nu=3 | n_rep: 347 | KDE model: gaussian rot
2026-05-06 05:59:36,781 | INFO | Scenario: scenario_1___nu=3 | n_rep: 347 | KDE model: t-student rot df=3
2026-05-06 05:59:37,175 | INFO | Scenario: scenario_1___nu=3 | n_rep: 348 | KDE model: gaussian rot
2026-05-06 05:59:37,519 | INFO | Scenario: scenario_1___nu=3 | n_rep: 348 | KDE model: t-student rot df=3
2026-05-06 05:59:37,860 | INFO | Scenario: scenario_1___nu=3 | n_rep: 349 | KDE model: gaussian rot
2026-05-06 05:59:38,056 | INFO | Scenario: scenario_1___nu=3 | n_rep: 349 | KDE model: t-student rot df=3
2026-05-06 05:59:38,245 | INFO | Scenario: scenario_1___nu=3 | n_rep: 350 | KDE model: gaussian rot
2026-05-06 05:59:38,486 | INFO | Scenario: scenario_1___nu=3 | n_rep: 350 | KDE model: t-student rot df=3
2026-05-06 05:59:38,702 | INFO | Scenario: scenario_1___nu=3 | n_rep: 351 | KDE model: gaussian rot
2026-05-06 05:59:39,090 | INFO | Scenario: scenario_1___nu=3 | n_rep: 351 | KDE model: t-student rot df=3
2026-05-06 05:59:39,728 | INFO | Scenario: scenario_1___nu=3 | n_rep: 352 | KDE model: gaussian rot
2026-05-06 05:59:39,972 | INFO | Scenario: scenario_1___nu=3 | n_rep: 352 | KDE model: t-student rot df=3
2026-05-06 05:59:40,217 | INFO | Scenario: scenario_1___nu=3 | n_rep: 353 | KDE model: gaussian rot
2026-05-06 05:59:40,646 | INFO | Scenario: scenario_1___nu=3 | n_rep: 353 | KDE model: t-student rot df=3
2026-05-06 05:59:41,135 | INFO | Scenario: scenario_1___nu=3 | n_rep: 354 | KDE model: gaussian rot
2026-05-06 05:59:41,505 | INFO | Scenario: scenario_1___nu=3 | n_rep: 354 | KDE model: t-student rot df=3
2026-05-06 05:59:41,894 | INFO | Scenario: scenario_1___nu=3 | n_rep: 355 | KDE model: gaussian rot
2026-05-06 05:59:42,316 | INFO | Scenario: scenario_1___nu=3 | n_rep: 355 | KDE model: t-student rot df=3
2026-05-06 05:59:42,838 | INFO | Scenario: scenario_1___nu=3 | n_rep: 356 | KDE model: gaussian rot
2026-05-06 05:59:43,036 | INFO | Scenario: scenario_1___nu=3 | n_rep: 356 | KDE model: t-student rot df=3
2026-05-06 05:59:43,217 | INFO | Scenario: scenario_1___nu=3 | n_rep: 357 | KDE model: gaussian rot
2026-05-06 05:59:43,871 | INFO | Scenario: scenario_1___nu=3 | n_rep: 357 | KDE model: t-student rot df=3
2026-05-06 05:59:44,490 | INFO | Scenario: scenario_1___nu=3 | n_rep: 358 | KDE model: gaussian rot
2026-05-06 05:59:44,740 | INFO | Scenario: scenario_1___nu=3 | n_rep: 358 | KDE model: t-student rot df=3
2026-05-06 05:59:44,992 | INFO | Scenario: scenario_1___nu=3 | n_rep: 359 | KDE model: gaussian rot
2026-05-06 05:59:45,201 | INFO | Scenario: scenario_1___nu=3 | n_rep: 359 | KDE model: t-student rot df=3
2026-05-06 05:59:45,418 | INFO | Scenario: scenario_1___nu=3 | n_rep: 360 | KDE model: gaussian rot
2026-05-06 05:59:45,845 | INFO | Scenario: scenario_1___nu=3 | n_rep: 360 | KDE model: t-student rot df=3
2026-05-06 05:59:46,234 | INFO | Scenario: scenario_1___nu=3 | n_rep: 361 | KDE model: gaussian rot
2026-05-06 05:59:46,608 | INFO | Scenario: scenario_1___nu=3 | n_rep: 361 | KDE model: t-student rot df=3
2026-05-06 05:59:46,994 | INFO | Scenario: scenario_1___nu=3 | n_rep: 362 | KDE model: gaussian rot
2026-05-06 05:59:47,385 | INFO | Scenario: scenario_1___nu=3 | n_rep: 362 | KDE model: t-student rot df=3
2026-05-06 05:59:47,751 | INFO | Scenario: scenario_1___nu=3 | n_rep: 363 | KDE model: gaussian rot
2026-05-06 05:59:48,168 | INFO | Scenario: scenario_1___nu=3 | n_rep: 363 | KDE model: t-student rot df=3
2026-05-06 05:59:48,606 | INFO | Scenario: scenario_1___nu=3 | n_rep: 364 | KDE model: gaussian rot
2026-05-06 05:59:49,060 | INFO | Scenario: scenario_1___nu=3 | n_rep: 364 | KDE model: t-student rot df=3
2026-05-06 05:59:49,594 | INFO | Scenario: scenario_1___nu=3 | n_rep: 365 | KDE model: gaussian rot
2026-05-06 05:59:50,020 | INFO | Scenario: scenario_1___nu=3 | n_rep: 365 | KDE model: t-student rot df=3
2026-05-06 05:59:50,412 | INFO | Scenario: scenario_1___nu=3 | n_rep: 366 | KDE model: gaussian rot
2026-05-06 05:59:50,923 | INFO | Scenario: scenario_1___nu=3 | n_rep: 366 | KDE model: t-student rot df=3
2026-05-06 05:59:51,315 | INFO | Scenario: scenario_1___nu=3 | n_rep: 367 | KDE model: gaussian rot
2026-05-06 05:59:51,562 | INFO | Scenario: scenario_1___nu=3 | n_rep: 367 | KDE model: t-student rot df=3
2026-05-06 05:59:51,799 | INFO | Scenario: scenario_1___nu=3 | n_rep: 368 | KDE model: gaussian rot
2026-05-06 05:59:51,992 | INFO | Scenario: scenario_1___nu=3 | n_rep: 368 | KDE model: t-student rot df=3
2026-05-06 05:59:52,168 | INFO | Scenario: scenario_1___nu=3 | n_rep: 369 | KDE model: gaussian rot
2026-05-06 05:59:52,664 | INFO | Scenario: scenario_1___nu=3 | n_rep: 369 | KDE model: t-student rot df=3
2026-05-06 05:59:53,133 | INFO | Scenario: scenario_1___nu=3 | n_rep: 370 | KDE model: gaussian rot
2026-05-06 05:59:53,790 | INFO | Scenario: scenario_1___nu=3 | n_rep: 370 | KDE model: t-student rot df=3
2026-05-06 05:59:54,522 | INFO | Scenario: scenario_1___nu=3 | n_rep: 371 | KDE model: gaussian rot
2026-05-06 05:59:54,885 | INFO | Scenario: scenario_1___nu=3 | n_rep: 371 | KDE model: t-student rot df=3
2026-05-06 05:59:55,214 | INFO | Scenario: scenario_1___nu=3 | n_rep: 372 | KDE model: gaussian rot
2026-05-06 05:59:55,544 | INFO | Scenario: scenario_1___nu=3 | n_rep: 372 | KDE model: t-student rot df=3
2026-05-06 05:59:55,914 | INFO | Scenario: scenario_1___nu=3 | n_rep: 373 | KDE model: gaussian rot
2026-05-06 05:59:56,085 | INFO | Scenario: scenario_1___nu=3 | n_rep: 373 | KDE model: t-student rot df=3
2026-05-06 05:59:56,241 | INFO | Scenario: scenario_1___nu=3 | n_rep: 374 | KDE model: gaussian rot
2026-05-06 05:59:56,473 | INFO | Scenario: scenario_1___nu=3 | n_rep: 374 | KDE model: t-student rot df=3
2026-05-06 05:59:56,721 | INFO | Scenario: scenario_1___nu=3 | n_rep: 375 | KDE model: gaussian rot
2026-05-06 05:59:56,953 | INFO | Scenario: scenario_1___nu=3 | n_rep: 375 | KDE model: t-student rot df=3
2026-05-06 05:59:57,139 | INFO | Scenario: scenario_1___nu=3 | n_rep: 376 | KDE model: gaussian rot
2026-05-06 05:59:57,377 | INFO | Scenario: scenario_1___nu=3 | n_rep: 376 | KDE model: t-student rot df=3
2026-05-06 05:59:57,627 | INFO | Scenario: scenario_1___nu=3 | n_rep: 377 | KDE model: gaussian rot
2026-05-06 05:59:58,340 | INFO | Scenario: scenario_1___nu=3 | n_rep: 377 | KDE model: t-student rot df=3
2026-05-06 05:59:59,083 | INFO | Scenario: scenario_1___nu=3 | n_rep: 378 | KDE model: gaussian rot
2026-05-06 05:59:59,460 | INFO | Scenario: scenario_1___nu=3 | n_rep: 378 | KDE model: t-student rot df=3
2026-05-06 05:59:59,816 | INFO | Scenario: scenario_1___nu=3 | n_rep: 379 | KDE model: gaussian rot
2026-05-06 06:00:00,150 | INFO | Scenario: scenario_1___nu=3 | n_rep: 379 | KDE model: t-student rot df=3
2026-05-06 06:00:00,556 | INFO | Scenario: scenario_1___nu=3 | n_rep: 380 | KDE model: gaussian rot
2026-05-06 06:00:00,814 | INFO | Scenario: scenario_1___nu=3 | n_rep: 380 | KDE model: t-student rot df=3
2026-05-06 06:00:01,075 | INFO | Scenario: scenario_1___nu=3 | n_rep: 381 | KDE model: gaussian rot
2026-05-06 06:00:01,260 | INFO | Scenario: scenario_1___nu=3 | n_rep: 381 | KDE model: t-student rot df=3
2026-05-06 06:00:01,442 | INFO | Scenario: scenario_1___nu=3 | n_rep: 382 | KDE model: gaussian rot
2026-05-06 06:00:01,854 | INFO | Scenario: scenario_1___nu=3 | n_rep: 382 | KDE model: t-student rot df=3
2026-05-06 06:00:02,273 | INFO | Scenario: scenario_1___nu=3 | n_rep: 383 | KDE model: gaussian rot
2026-05-06 06:00:02,469 | INFO | Scenario: scenario_1___nu=3 | n_rep: 383 | KDE model: t-student rot df=3
2026-05-06 06:00:02,660 | INFO | Scenario: scenario_1___nu=3 | n_rep: 384 | KDE model: gaussian rot
2026-05-06 06:00:02,869 | INFO | Scenario: scenario_1___nu=3 | n_rep: 384 | KDE model: t-student rot df=3
2026-05-06 06:00:03,058 | INFO | Scenario: scenario_1___nu=3 | n_rep: 385 | KDE model: gaussian rot
2026-05-06 06:00:03,434 | INFO | Scenario: scenario_1___nu=3 | n_rep: 385 | KDE model: t-student rot df=3
2026-05-06 06:00:03,799 | INFO | Scenario: scenario_1___nu=3 | n_rep: 386 | KDE model: gaussian rot
2026-05-06 06:00:04,159 | INFO | Scenario: scenario_1___nu=3 | n_rep: 386 | KDE model: t-student rot df=3
2026-05-06 06:00:04,525 | INFO | Scenario: scenario_1___nu=3 | n_rep: 387 | KDE model: gaussian rot
2026-05-06 06:00:04,933 | INFO | Scenario: scenario_1___nu=3 | n_rep: 387 | KDE model: t-student rot df=3
2026-05-06 06:00:05,289 | INFO | Scenario: scenario_1___nu=3 | n_rep: 388 | KDE model: gaussian rot
2026-05-06 06:00:05,662 | INFO | Scenario: scenario_1___nu=3 | n_rep: 388 | KDE model: t-student rot df=3
2026-05-06 06:00:06,016 | INFO | Scenario: scenario_1___nu=3 | n_rep: 389 | KDE model: gaussian rot
2026-05-06 06:00:06,222 | INFO | Scenario: scenario_1___nu=3 | n_rep: 389 | KDE model: t-student rot df=3
2026-05-06 06:00:06,435 | INFO | Scenario: scenario_1___nu=3 | n_rep: 390 | KDE model: gaussian rot
2026-05-06 06:00:06,879 | INFO | Scenario: scenario_1___nu=3 | n_rep: 390 | KDE model: t-student rot df=3
2026-05-06 06:00:07,309 | INFO | Scenario: scenario_1___nu=3 | n_rep: 391 | KDE model: gaussian rot
2026-05-06 06:00:07,517 | INFO | Scenario: scenario_1___nu=3 | n_rep: 391 | KDE model: t-student rot df=3
2026-05-06 06:00:07,698 | INFO | Scenario: scenario_1___nu=3 | n_rep: 392 | KDE model: gaussian rot
2026-05-06 06:00:07,965 | INFO | Scenario: scenario_1___nu=3 | n_rep: 392 | KDE model: t-student rot df=3
2026-05-06 06:00:08,190 | INFO | Scenario: scenario_1___nu=3 | n_rep: 393 | KDE model: gaussian rot
2026-05-06 06:00:08,422 | INFO | Scenario: scenario_1___nu=3 | n_rep: 393 | KDE model: t-student rot df=3
2026-05-06 06:00:08,646 | INFO | Scenario: scenario_1___nu=3 | n_rep: 394 | KDE model: gaussian rot
2026-05-06 06:00:08,881 | INFO | Scenario: scenario_1___nu=3 | n_rep: 394 | KDE model: t-student rot df=3
2026-05-06 06:00:09,101 | INFO | Scenario: scenario_1___nu=3 | n_rep: 395 | KDE model: gaussian rot
2026-05-06 06:00:09,508 | INFO | Scenario: scenario_1___nu=3 | n_rep: 395 | KDE model: t-student rot df=3
2026-05-06 06:00:09,902 | INFO | Scenario: scenario_1___nu=3 | n_rep: 396 | KDE model: gaussian rot
2026-05-06 06:00:10,072 | INFO | Scenario: scenario_1___nu=3 | n_rep: 396 | KDE model: t-student rot df=3
2026-05-06 06:00:10,232 | INFO | Scenario: scenario_1___nu=3 | n_rep: 397 | KDE model: gaussian rot
2026-05-06 06:00:10,494 | INFO | Scenario: scenario_1___nu=3 | n_rep: 397 | KDE model: t-student rot df=3
2026-05-06 06:00:10,725 | INFO | Scenario: scenario_1___nu=3 | n_rep: 398 | KDE model: gaussian rot
2026-05-06 06:00:10,932 | INFO | Scenario: scenario_1___nu=3 | n_rep: 398 | KDE model: t-student rot df=3
2026-05-06 06:00:11,123 | INFO | Scenario: scenario_1___nu=3 | n_rep: 399 | KDE model: gaussian rot
2026-05-06 06:00:11,559 | INFO | Scenario: scenario_1___nu=3 | n_rep: 399 | KDE model: t-student rot df=3
2026-05-06 06:00:11,954 | INFO | Scenario: scenario_1___nu=3 | n_rep: 400 | KDE model: gaussian rot
2026-05-06 06:00:12,325 | INFO | Scenario: scenario_1___nu=3 | n_rep: 400 | KDE model: t-student rot df=3
2026-05-06 06:00:12,697 | INFO | Scenario: scenario_1___nu=3 | n_rep: 401 | KDE model: gaussian rot
2026-05-06 06:00:13,055 | INFO | Scenario: scenario_1___nu=3 | n_rep: 401 | KDE model: t-student rot df=3
2026-05-06 06:00:13,410 | INFO | Scenario: scenario_1___nu=3 | n_rep: 402 | KDE model: gaussian rot
2026-05-06 06:00:13,613 | INFO | Scenario: scenario_1___nu=3 | n_rep: 402 | KDE model: t-student rot df=3
2026-05-06 06:00:13,792 | INFO | Scenario: scenario_1___nu=3 | n_rep: 403 | KDE model: gaussian rot
2026-05-06 06:00:14,220 | INFO | Scenario: scenario_1___nu=3 | n_rep: 403 | KDE model: t-student rot df=3
2026-05-06 06:00:14,430 | INFO | Scenario: scenario_1___nu=3 | n_rep: 404 | KDE model: gaussian rot
2026-05-06 06:00:14,823 | INFO | Scenario: scenario_1___nu=3 | n_rep: 404 | KDE model: t-student rot df=3
2026-05-06 06:00:15,219 | INFO | Scenario: scenario_1___nu=3 | n_rep: 405 | KDE model: gaussian rot
2026-05-06 06:00:15,436 | INFO | Scenario: scenario_1___nu=3 | n_rep: 405 | KDE model: t-student rot df=3
2026-05-06 06:00:15,629 | INFO | Scenario: scenario_1___nu=3 | n_rep: 406 | KDE model: gaussian rot
2026-05-06 06:00:15,977 | INFO | Scenario: scenario_1___nu=3 | n_rep: 406 | KDE model: t-student rot df=3
2026-05-06 06:00:16,375 | INFO | Scenario: scenario_1___nu=3 | n_rep: 407 | KDE model: gaussian rot
2026-05-06 06:00:16,780 | INFO | Scenario: scenario_1___nu=3 | n_rep: 407 | KDE model: t-student rot df=3
2026-05-06 06:00:17,178 | INFO | Scenario: scenario_1___nu=3 | n_rep: 408 | KDE model: gaussian rot
2026-05-06 06:00:17,830 | INFO | Scenario: scenario_1___nu=3 | n_rep: 408 | KDE model: t-student rot df=3
2026-05-06 06:00:18,484 | INFO | Scenario: scenario_1___nu=3 | n_rep: 409 | KDE model: gaussian rot
2026-05-06 06:00:18,989 | INFO | Scenario: scenario_1___nu=3 | n_rep: 409 | KDE model: t-student rot df=3
2026-05-06 06:00:19,448 | INFO | Scenario: scenario_1___nu=3 | n_rep: 410 | KDE model: gaussian rot
2026-05-06 06:00:20,177 | INFO | Scenario: scenario_1___nu=3 | n_rep: 410 | KDE model: t-student rot df=3
2026-05-06 06:00:20,858 | INFO | Scenario: scenario_1___nu=3 | n_rep: 411 | KDE model: gaussian rot
2026-05-06 06:00:21,066 | INFO | Scenario: scenario_1___nu=3 | n_rep: 411 | KDE model: t-student rot df=3
2026-05-06 06:00:21,271 | INFO | Scenario: scenario_1___nu=3 | n_rep: 412 | KDE model: gaussian rot
2026-05-06 06:00:21,515 | INFO | Scenario: scenario_1___nu=3 | n_rep: 412 | KDE model: t-student rot df=3
2026-05-06 06:00:21,740 | INFO | Scenario: scenario_1___nu=3 | n_rep: 413 | KDE model: gaussian rot
2026-05-06 06:00:22,086 | INFO | Scenario: scenario_1___nu=3 | n_rep: 413 | KDE model: t-student rot df=3
2026-05-06 06:00:22,436 | INFO | Scenario: scenario_1___nu=3 | n_rep: 414 | KDE model: gaussian rot
2026-05-06 06:00:22,640 | INFO | Scenario: scenario_1___nu=3 | n_rep: 414 | KDE model: t-student rot df=3
2026-05-06 06:00:22,833 | INFO | Scenario: scenario_1___nu=3 | n_rep: 415 | KDE model: gaussian rot
2026-05-06 06:00:23,309 | INFO | Scenario: scenario_1___nu=3 | n_rep: 415 | KDE model: t-student rot df=3
2026-05-06 06:00:23,726 | INFO | Scenario: scenario_1___nu=3 | n_rep: 416 | KDE model: gaussian rot
2026-05-06 06:00:24,100 | INFO | Scenario: scenario_1___nu=3 | n_rep: 416 | KDE model: t-student rot df=3
2026-05-06 06:00:24,430 | INFO | Scenario: scenario_1___nu=3 | n_rep: 417 | KDE model: gaussian rot
2026-05-06 06:00:25,027 | INFO | Scenario: scenario_1___nu=3 | n_rep: 417 | KDE model: t-student rot df=3
2026-05-06 06:00:25,407 | INFO | Scenario: scenario_1___nu=3 | n_rep: 418 | KDE model: gaussian rot
2026-05-06 06:00:26,106 | INFO | Scenario: scenario_1___nu=3 | n_rep: 418 | KDE model: t-student rot df=3
2026-05-06 06:00:26,859 | INFO | Scenario: scenario_1___nu=3 | n_rep: 419 | KDE model: gaussian rot
2026-05-06 06:00:27,211 | INFO | Scenario: scenario_1___nu=3 | n_rep: 419 | KDE model: t-student rot df=3
2026-05-06 06:00:27,636 | INFO | Scenario: scenario_1___nu=3 | n_rep: 420 | KDE model: gaussian rot
2026-05-06 06:00:28,033 | INFO | Scenario: scenario_1___nu=3 | n_rep: 420 | KDE model: t-student rot df=3
2026-05-06 06:00:28,415 | INFO | Scenario: scenario_1___nu=3 | n_rep: 421 | KDE model: gaussian rot
2026-05-06 06:00:28,606 | INFO | Scenario: scenario_1___nu=3 | n_rep: 421 | KDE model: t-student rot df=3
2026-05-06 06:00:28,792 | INFO | Scenario: scenario_1___nu=3 | n_rep: 422 | KDE model: gaussian rot
2026-05-06 06:00:29,024 | INFO | Scenario: scenario_1___nu=3 | n_rep: 422 | KDE model: t-student rot df=3
2026-05-06 06:00:29,237 | INFO | Scenario: scenario_1___nu=3 | n_rep: 423 | KDE model: gaussian rot
2026-05-06 06:00:29,558 | INFO | Scenario: scenario_1___nu=3 | n_rep: 423 | KDE model: t-student rot df=3
2026-05-06 06:00:29,942 | INFO | Scenario: scenario_1___nu=3 | n_rep: 424 | KDE model: gaussian rot
2026-05-06 06:00:30,278 | INFO | Scenario: scenario_1___nu=3 | n_rep: 424 | KDE model: t-student rot df=3
2026-05-06 06:00:30,619 | INFO | Scenario: scenario_1___nu=3 | n_rep: 425 | KDE model: gaussian rot
2026-05-06 06:00:31,123 | INFO | Scenario: scenario_1___nu=3 | n_rep: 425 | KDE model: t-student rot df=3
2026-05-06 06:00:31,652 | INFO | Scenario: scenario_1___nu=3 | n_rep: 426 | KDE model: gaussian rot
2026-05-06 06:00:32,062 | INFO | Scenario: scenario_1___nu=3 | n_rep: 426 | KDE model: t-student rot df=3
2026-05-06 06:00:32,480 | INFO | Scenario: scenario_1___nu=3 | n_rep: 427 | KDE model: gaussian rot
2026-05-06 06:00:32,862 | INFO | Scenario: scenario_1___nu=3 | n_rep: 427 | KDE model: t-student rot df=3
2026-05-06 06:00:33,295 | INFO | Scenario: scenario_1___nu=3 | n_rep: 428 | KDE model: gaussian rot
2026-05-06 06:00:33,499 | INFO | Scenario: scenario_1___nu=3 | n_rep: 428 | KDE model: t-student rot df=3
2026-05-06 06:00:33,713 | INFO | Scenario: scenario_1___nu=3 | n_rep: 429 | KDE model: gaussian rot
2026-05-06 06:00:33,911 | INFO | Scenario: scenario_1___nu=3 | n_rep: 429 | KDE model: t-student rot df=3
2026-05-06 06:00:34,064 | INFO | Scenario: scenario_1___nu=3 | n_rep: 430 | KDE model: gaussian rot
2026-05-06 06:00:34,303 | INFO | Scenario: scenario_1___nu=3 | n_rep: 430 | KDE model: t-student rot df=3
2026-05-06 06:00:34,531 | INFO | Scenario: scenario_1___nu=3 | n_rep: 431 | KDE model: gaussian rot
2026-05-06 06:00:34,923 | INFO | Scenario: scenario_1___nu=3 | n_rep: 431 | KDE model: t-student rot df=3
2026-05-06 06:00:35,386 | INFO | Scenario: scenario_1___nu=3 | n_rep: 432 | KDE model: gaussian rot
2026-05-06 06:00:35,631 | INFO | Scenario: scenario_1___nu=3 | n_rep: 432 | KDE model: t-student rot df=3
2026-05-06 06:00:35,870 | INFO | Scenario: scenario_1___nu=3 | n_rep: 433 | KDE model: gaussian rot
2026-05-06 06:00:36,335 | INFO | Scenario: scenario_1___nu=3 | n_rep: 433 | KDE model: t-student rot df=3
2026-05-06 06:00:36,730 | INFO | Scenario: scenario_1___nu=3 | n_rep: 434 | KDE model: gaussian rot
2026-05-06 06:00:37,159 | INFO | Scenario: scenario_1___nu=3 | n_rep: 434 | KDE model: t-student rot df=3
2026-05-06 06:00:37,572 | INFO | Scenario: scenario_1___nu=3 | n_rep: 435 | KDE model: gaussian rot
2026-05-06 06:00:37,800 | INFO | Scenario: scenario_1___nu=3 | n_rep: 435 | KDE model: t-student rot df=3
2026-05-06 06:00:38,014 | INFO | Scenario: scenario_1___nu=3 | n_rep: 436 | KDE model: gaussian rot
2026-05-06 06:00:38,383 | INFO | Scenario: scenario_1___nu=3 | n_rep: 436 | KDE model: t-student rot df=3
2026-05-06 06:00:38,740 | INFO | Scenario: scenario_1___nu=3 | n_rep: 437 | KDE model: gaussian rot
2026-05-06 06:00:39,138 | INFO | Scenario: scenario_1___nu=3 | n_rep: 437 | KDE model: t-student rot df=3
2026-05-06 06:00:39,547 | INFO | Scenario: scenario_1___nu=3 | n_rep: 438 | KDE model: gaussian rot
2026-05-06 06:00:39,968 | INFO | Scenario: scenario_1___nu=3 | n_rep: 438 | KDE model: t-student rot df=3
2026-05-06 06:00:40,348 | INFO | Scenario: scenario_1___nu=3 | n_rep: 439 | KDE model: gaussian rot
2026-05-06 06:00:40,708 | INFO | Scenario: scenario_1___nu=3 | n_rep: 439 | KDE model: t-student rot df=3
2026-05-06 06:00:41,069 | INFO | Scenario: scenario_1___nu=3 | n_rep: 440 | KDE model: gaussian rot
2026-05-06 06:00:41,280 | INFO | Scenario: scenario_1___nu=3 | n_rep: 440 | KDE model: t-student rot df=3
2026-05-06 06:00:41,474 | INFO | Scenario: scenario_1___nu=3 | n_rep: 441 | KDE model: gaussian rot
2026-05-06 06:00:41,896 | INFO | Scenario: scenario_1___nu=3 | n_rep: 441 | KDE model: t-student rot df=3
2026-05-06 06:00:42,338 | INFO | Scenario: scenario_1___nu=3 | n_rep: 442 | KDE model: gaussian rot
2026-05-06 06:00:42,749 | INFO | Scenario: scenario_1___nu=3 | n_rep: 442 | KDE model: t-student rot df=3
2026-05-06 06:00:43,130 | INFO | Scenario: scenario_1___nu=3 | n_rep: 443 | KDE model: gaussian rot
2026-05-06 06:00:43,567 | INFO | Scenario: scenario_1___nu=3 | n_rep: 443 | KDE model: t-student rot df=3
2026-05-06 06:00:43,987 | INFO | Scenario: scenario_1___nu=3 | n_rep: 444 | KDE model: gaussian rot
2026-05-06 06:00:44,369 | INFO | Scenario: scenario_1___nu=3 | n_rep: 444 | KDE model: t-student rot df=3
2026-05-06 06:00:44,778 | INFO | Scenario: scenario_1___nu=3 | n_rep: 445 | KDE model: gaussian rot
2026-05-06 06:00:44,986 | INFO | Scenario: scenario_1___nu=3 | n_rep: 445 | KDE model: t-student rot df=3
2026-05-06 06:00:45,195 | INFO | Scenario: scenario_1___nu=3 | n_rep: 446 | KDE model: gaussian rot
2026-05-06 06:00:45,597 | INFO | Scenario: scenario_1___nu=3 | n_rep: 446 | KDE model: t-student rot df=3
2026-05-06 06:00:46,056 | INFO | Scenario: scenario_1___nu=3 | n_rep: 447 | KDE model: gaussian rot
2026-05-06 06:00:46,510 | INFO | Scenario: scenario_1___nu=3 | n_rep: 447 | KDE model: t-student rot df=3
2026-05-06 06:00:46,948 | INFO | Scenario: scenario_1___nu=3 | n_rep: 448 | KDE model: gaussian rot
2026-05-06 06:00:47,180 | INFO | Scenario: scenario_1___nu=3 | n_rep: 448 | KDE model: t-student rot df=3
2026-05-06 06:00:47,391 | INFO | Scenario: scenario_1___nu=3 | n_rep: 449 | KDE model: gaussian rot
2026-05-06 06:00:47,591 | INFO | Scenario: scenario_1___nu=3 | n_rep: 449 | KDE model: t-student rot df=3
2026-05-06 06:00:47,776 | INFO | Scenario: scenario_1___nu=3 | n_rep: 450 | KDE model: gaussian rot
2026-05-06 06:00:48,122 | INFO | Scenario: scenario_1___nu=3 | n_rep: 450 | KDE model: t-student rot df=3
2026-05-06 06:00:48,486 | INFO | Scenario: scenario_1___nu=3 | n_rep: 451 | KDE model: gaussian rot
2026-05-06 06:00:48,871 | INFO | Scenario: scenario_1___nu=3 | n_rep: 451 | KDE model: t-student rot df=3
2026-05-06 06:00:49,281 | INFO | Scenario: scenario_1___nu=3 | n_rep: 452 | KDE model: gaussian rot
2026-05-06 06:00:49,528 | INFO | Scenario: scenario_1___nu=3 | n_rep: 452 | KDE model: t-student rot df=3
2026-05-06 06:00:49,760 | INFO | Scenario: scenario_1___nu=3 | n_rep: 453 | KDE model: gaussian rot
2026-05-06 06:00:50,182 | INFO | Scenario: scenario_1___nu=3 | n_rep: 453 | KDE model: t-student rot df=3
2026-05-06 06:00:50,568 | INFO | Scenario: scenario_1___nu=3 | n_rep: 454 | KDE model: gaussian rot
2026-05-06 06:00:50,948 | INFO | Scenario: scenario_1___nu=3 | n_rep: 454 | KDE model: t-student rot df=3
2026-05-06 06:00:51,402 | INFO | Scenario: scenario_1___nu=3 | n_rep: 455 | KDE model: gaussian rot
2026-05-06 06:00:51,808 | INFO | Scenario: scenario_1___nu=3 | n_rep: 455 | KDE model: t-student rot df=3
2026-05-06 06:00:52,201 | INFO | Scenario: scenario_1___nu=3 | n_rep: 456 | KDE model: gaussian rot
2026-05-06 06:00:52,442 | INFO | Scenario: scenario_1___nu=3 | n_rep: 456 | KDE model: t-student rot df=3
2026-05-06 06:00:52,675 | INFO | Scenario: scenario_1___nu=3 | n_rep: 457 | KDE model: gaussian rot
2026-05-06 06:00:53,120 | INFO | Scenario: scenario_1___nu=3 | n_rep: 457 | KDE model: t-student rot df=3
2026-05-06 06:00:53,623 | INFO | Scenario: scenario_1___nu=3 | n_rep: 458 | KDE model: gaussian rot
2026-05-06 06:00:54,163 | INFO | Scenario: scenario_1___nu=3 | n_rep: 458 | KDE model: t-student rot df=3
2026-05-06 06:00:54,751 | INFO | Scenario: scenario_1___nu=3 | n_rep: 459 | KDE model: gaussian rot
2026-05-06 06:00:54,949 | INFO | Scenario: scenario_1___nu=3 | n_rep: 459 | KDE model: t-student rot df=3
2026-05-06 06:00:55,147 | INFO | Scenario: scenario_1___nu=3 | n_rep: 460 | KDE model: gaussian rot
2026-05-06 06:00:55,722 | INFO | Scenario: scenario_1___nu=3 | n_rep: 460 | KDE model: t-student rot df=3
2026-05-06 06:00:56,332 | INFO | Scenario: scenario_1___nu=3 | n_rep: 461 | KDE model: gaussian rot
2026-05-06 06:00:56,709 | INFO | Scenario: scenario_1___nu=3 | n_rep: 461 | KDE model: t-student rot df=3
2026-05-06 06:00:57,109 | INFO | Scenario: scenario_1___nu=3 | n_rep: 462 | KDE model: gaussian rot
2026-05-06 06:00:57,327 | INFO | Scenario: scenario_1___nu=3 | n_rep: 462 | KDE model: t-student rot df=3
2026-05-06 06:00:57,543 | INFO | Scenario: scenario_1___nu=3 | n_rep: 463 | KDE model: gaussian rot
2026-05-06 06:00:57,787 | INFO | Scenario: scenario_1___nu=3 | n_rep: 463 | KDE model: t-student rot df=3
2026-05-06 06:00:58,033 | INFO | Scenario: scenario_1___nu=3 | n_rep: 464 | KDE model: gaussian rot
2026-05-06 06:00:58,429 | INFO | Scenario: scenario_1___nu=3 | n_rep: 464 | KDE model: t-student rot df=3
2026-05-06 06:00:58,797 | INFO | Scenario: scenario_1___nu=3 | n_rep: 465 | KDE model: gaussian rot
2026-05-06 06:00:59,003 | INFO | Scenario: scenario_1___nu=3 | n_rep: 465 | KDE model: t-student rot df=3
2026-05-06 06:00:59,248 | INFO | Scenario: scenario_1___nu=3 | n_rep: 466 | KDE model: gaussian rot
2026-05-06 06:00:59,484 | INFO | Scenario: scenario_1___nu=3 | n_rep: 466 | KDE model: t-student rot df=3
2026-05-06 06:00:59,686 | INFO | Scenario: scenario_1___nu=3 | n_rep: 467 | KDE model: gaussian rot
2026-05-06 06:01:00,082 | INFO | Scenario: scenario_1___nu=3 | n_rep: 467 | KDE model: t-student rot df=3
2026-05-06 06:01:00,479 | INFO | Scenario: scenario_1___nu=3 | n_rep: 468 | KDE model: gaussian rot
2026-05-06 06:01:00,716 | INFO | Scenario: scenario_1___nu=3 | n_rep: 468 | KDE model: t-student rot df=3
2026-05-06 06:01:00,936 | INFO | Scenario: scenario_1___nu=3 | n_rep: 469 | KDE model: gaussian rot
2026-05-06 06:01:01,273 | INFO | Scenario: scenario_1___nu=3 | n_rep: 469 | KDE model: t-student rot df=3
2026-05-06 06:01:01,595 | INFO | Scenario: scenario_1___nu=3 | n_rep: 470 | KDE model: gaussian rot
2026-05-06 06:01:01,946 | INFO | Scenario: scenario_1___nu=3 | n_rep: 470 | KDE model: t-student rot df=3
2026-05-06 06:01:02,284 | INFO | Scenario: scenario_1___nu=3 | n_rep: 471 | KDE model: gaussian rot
2026-05-06 06:01:02,520 | INFO | Scenario: scenario_1___nu=3 | n_rep: 471 | KDE model: t-student rot df=3
2026-05-06 06:01:02,711 | INFO | Scenario: scenario_1___nu=3 | n_rep: 472 | KDE model: gaussian rot
2026-05-06 06:01:02,927 | INFO | Scenario: scenario_1___nu=3 | n_rep: 472 | KDE model: t-student rot df=3
2026-05-06 06:01:03,141 | INFO | Scenario: scenario_1___nu=3 | n_rep: 473 | KDE model: gaussian rot
2026-05-06 06:01:03,352 | INFO | Scenario: scenario_1___nu=3 | n_rep: 473 | KDE model: t-student rot df=3
2026-05-06 06:01:03,555 | INFO | Scenario: scenario_1___nu=3 | n_rep: 474 | KDE model: gaussian rot
2026-05-06 06:01:03,777 | INFO | Scenario: scenario_1___nu=3 | n_rep: 474 | KDE model: t-student rot df=3
2026-05-06 06:01:03,999 | INFO | Scenario: scenario_1___nu=3 | n_rep: 475 | KDE model: gaussian rot
2026-05-06 06:01:04,354 | INFO | Scenario: scenario_1___nu=3 | n_rep: 475 | KDE model: t-student rot df=3
2026-05-06 06:01:04,741 | INFO | Scenario: scenario_1___nu=3 | n_rep: 476 | KDE model: gaussian rot
2026-05-06 06:01:04,943 | INFO | Scenario: scenario_1___nu=3 | n_rep: 476 | KDE model: t-student rot df=3
2026-05-06 06:01:05,135 | INFO | Scenario: scenario_1___nu=3 | n_rep: 477 | KDE model: gaussian rot
2026-05-06 06:01:05,362 | INFO | Scenario: scenario_1___nu=3 | n_rep: 477 | KDE model: t-student rot df=3
2026-05-06 06:01:05,583 | INFO | Scenario: scenario_1___nu=3 | n_rep: 478 | KDE model: gaussian rot
2026-05-06 06:01:05,789 | INFO | Scenario: scenario_1___nu=3 | n_rep: 478 | KDE model: t-student rot df=3
2026-05-06 06:01:06,012 | INFO | Scenario: scenario_1___nu=3 | n_rep: 479 | KDE model: gaussian rot
2026-05-06 06:01:06,419 | INFO | Scenario: scenario_1___nu=3 | n_rep: 479 | KDE model: t-student rot df=3
2026-05-06 06:01:06,834 | INFO | Scenario: scenario_1___nu=3 | n_rep: 480 | KDE model: gaussian rot
2026-05-06 06:01:07,040 | INFO | Scenario: scenario_1___nu=3 | n_rep: 480 | KDE model: t-student rot df=3
2026-05-06 06:01:07,369 | INFO | Scenario: scenario_1___nu=3 | n_rep: 481 | KDE model: gaussian rot
2026-05-06 06:01:07,835 | INFO | Scenario: scenario_1___nu=3 | n_rep: 481 | KDE model: t-student rot df=3
2026-05-06 06:01:08,249 | INFO | Scenario: scenario_1___nu=3 | n_rep: 482 | KDE model: gaussian rot
2026-05-06 06:01:08,645 | INFO | Scenario: scenario_1___nu=3 | n_rep: 482 | KDE model: t-student rot df=3
2026-05-06 06:01:09,058 | INFO | Scenario: scenario_1___nu=3 | n_rep: 483 | KDE model: gaussian rot
2026-05-06 06:01:09,441 | INFO | Scenario: scenario_1___nu=3 | n_rep: 483 | KDE model: t-student rot df=3
2026-05-06 06:01:10,467 | INFO | Scenario: scenario_1___nu=3 | n_rep: 484 | KDE model: gaussian rot
2026-05-06 06:01:10,820 | INFO | Scenario: scenario_1___nu=3 | n_rep: 484 | KDE model: t-student rot df=3
2026-05-06 06:01:11,148 | INFO | Scenario: scenario_1___nu=3 | n_rep: 485 | KDE model: gaussian rot
2026-05-06 06:01:11,917 | INFO | Scenario: scenario_1___nu=3 | n_rep: 485 | KDE model: t-student rot df=3
2026-05-06 06:01:12,677 | INFO | Scenario: scenario_1___nu=3 | n_rep: 486 | KDE model: gaussian rot
2026-05-06 06:01:13,051 | INFO | Scenario: scenario_1___nu=3 | n_rep: 486 | KDE model: t-student rot df=3
2026-05-06 06:01:13,589 | INFO | Scenario: scenario_1___nu=3 | n_rep: 487 | KDE model: gaussian rot
2026-05-06 06:01:13,988 | INFO | Scenario: scenario_1___nu=3 | n_rep: 487 | KDE model: t-student rot df=3
2026-05-06 06:01:14,338 | INFO | Scenario: scenario_1___nu=3 | n_rep: 488 | KDE model: gaussian rot
2026-05-06 06:01:14,534 | INFO | Scenario: scenario_1___nu=3 | n_rep: 488 | KDE model: t-student rot df=3
2026-05-06 06:01:14,740 | INFO | Scenario: scenario_1___nu=3 | n_rep: 489 | KDE model: gaussian rot
2026-05-06 06:01:15,176 | INFO | Scenario: scenario_1___nu=3 | n_rep: 489 | KDE model: t-student rot df=3
2026-05-06 06:01:15,557 | INFO | Scenario: scenario_1___nu=3 | n_rep: 490 | KDE model: gaussian rot
2026-05-06 06:01:15,951 | INFO | Scenario: scenario_1___nu=3 | n_rep: 490 | KDE model: t-student rot df=3
2026-05-06 06:01:16,347 | INFO | Scenario: scenario_1___nu=3 | n_rep: 491 | KDE model: gaussian rot
2026-05-06 06:01:16,791 | INFO | Scenario: scenario_1___nu=3 | n_rep: 491 | KDE model: t-student rot df=3
2026-05-06 06:01:17,200 | INFO | Scenario: scenario_1___nu=3 | n_rep: 492 | KDE model: gaussian rot
2026-05-06 06:01:17,609 | INFO | Scenario: scenario_1___nu=3 | n_rep: 492 | KDE model: t-student rot df=3
2026-05-06 06:01:18,020 | INFO | Scenario: scenario_1___nu=3 | n_rep: 493 | KDE model: gaussian rot
2026-05-06 06:01:18,265 | INFO | Scenario: scenario_1___nu=3 | n_rep: 493 | KDE model: t-student rot df=3
2026-05-06 06:01:18,484 | INFO | Scenario: scenario_1___nu=3 | n_rep: 494 | KDE model: gaussian rot
2026-05-06 06:01:18,832 | INFO | Scenario: scenario_1___nu=3 | n_rep: 494 | KDE model: t-student rot df=3
2026-05-06 06:01:19,332 | INFO | Scenario: scenario_1___nu=3 | n_rep: 495 | KDE model: gaussian rot
2026-05-06 06:01:19,549 | INFO | Scenario: scenario_1___nu=3 | n_rep: 495 | KDE model: t-student rot df=3
2026-05-06 06:01:19,750 | INFO | Scenario: scenario_1___nu=3 | n_rep: 496 | KDE model: gaussian rot
2026-05-06 06:01:20,300 | INFO | Scenario: scenario_1___nu=3 | n_rep: 496 | KDE model: t-student rot df=3
2026-05-06 06:01:20,857 | INFO | Scenario: scenario_1___nu=3 | n_rep: 497 | KDE model: gaussian rot
2026-05-06 06:01:21,111 | INFO | Scenario: scenario_1___nu=3 | n_rep: 497 | KDE model: t-student rot df=3
2026-05-06 06:01:21,348 | INFO | Scenario: scenario_1___nu=3 | n_rep: 498 | KDE model: gaussian rot
2026-05-06 06:01:21,783 | INFO | Scenario: scenario_1___nu=3 | n_rep: 498 | KDE model: t-student rot df=3
2026-05-06 06:01:22,198 | INFO | Scenario: scenario_1___nu=3 | n_rep: 499 | KDE model: gaussian rot
2026-05-06 06:01:22,593 | INFO | Scenario: scenario_1___nu=3 | n_rep: 499 | KDE model: t-student rot df=3
2026-05-06 06:01:22,985 | INFO | Scenario: scenario_1___nu=8 | n_rep: 0 | KDE model: gaussian rot
2026-05-06 06:01:23,357 | INFO | Scenario: scenario_1___nu=8 | n_rep: 0 | KDE model: t-student rot df=3
2026-05-06 06:01:23,790 | INFO | Scenario: scenario_1___nu=8 | n_rep: 1 | KDE model: gaussian rot
2026-05-06 06:01:24,295 | INFO | Scenario: scenario_1___nu=8 | n_rep: 1 | KDE model: t-student rot df=3
2026-05-06 06:01:24,854 | INFO | Scenario: scenario_1___nu=8 | n_rep: 2 | KDE model: gaussian rot
2026-05-06 06:01:25,480 | INFO | Scenario: scenario_1___nu=8 | n_rep: 2 | KDE model: t-student rot df=3
2026-05-06 06:01:26,209 | INFO | Scenario: scenario_1___nu=8 | n_rep: 3 | KDE model: gaussian rot
2026-05-06 06:01:26,457 | INFO | Scenario: scenario_1___nu=8 | n_rep: 3 | KDE model: t-student rot df=3
2026-05-06 06:01:26,668 | INFO | Scenario: scenario_1___nu=8 | n_rep: 4 | KDE model: gaussian rot
2026-05-06 06:01:27,067 | INFO | Scenario: scenario_1___nu=8 | n_rep: 4 | KDE model: t-student rot df=3
2026-05-06 06:01:27,479 | INFO | Scenario: scenario_1___nu=8 | n_rep: 5 | KDE model: gaussian rot
2026-05-06 06:01:27,815 | INFO | Scenario: scenario_1___nu=8 | n_rep: 5 | KDE model: t-student rot df=3
2026-05-06 06:01:28,157 | INFO | Scenario: scenario_1___nu=8 | n_rep: 6 | KDE model: gaussian rot
2026-05-06 06:01:28,371 | INFO | Scenario: scenario_1___nu=8 | n_rep: 6 | KDE model: t-student rot df=3
2026-05-06 06:01:28,512 | INFO | Scenario: scenario_1___nu=8 | n_rep: 7 | KDE model: gaussian rot
2026-05-06 06:01:29,025 | INFO | Scenario: scenario_1___nu=8 | n_rep: 7 | KDE model: t-student rot df=3
2026-05-06 06:01:29,507 | INFO | Scenario: scenario_1___nu=8 | n_rep: 8 | KDE model: gaussian rot
2026-05-06 06:01:29,989 | INFO | Scenario: scenario_1___nu=8 | n_rep: 8 | KDE model: t-student rot df=3
2026-05-06 06:01:30,529 | INFO | Scenario: scenario_1___nu=8 | n_rep: 9 | KDE model: gaussian rot
2026-05-06 06:01:30,941 | INFO | Scenario: scenario_1___nu=8 | n_rep: 9 | KDE model: t-student rot df=3
2026-05-06 06:01:31,372 | INFO | Scenario: scenario_1___nu=8 | n_rep: 10 | KDE model: gaussian rot
2026-05-06 06:01:31,780 | INFO | Scenario: scenario_1___nu=8 | n_rep: 10 | KDE model: t-student rot df=3
2026-05-06 06:01:32,210 | INFO | Scenario: scenario_1___nu=8 | n_rep: 11 | KDE model: gaussian rot
2026-05-06 06:01:32,680 | INFO | Scenario: scenario_1___nu=8 | n_rep: 11 | KDE model: t-student rot df=3
2026-05-06 06:01:33,080 | INFO | Scenario: scenario_1___nu=8 | n_rep: 12 | KDE model: gaussian rot
2026-05-06 06:01:33,666 | INFO | Scenario: scenario_1___nu=8 | n_rep: 12 | KDE model: t-student rot df=3
2026-05-06 06:01:34,269 | INFO | Scenario: scenario_1___nu=8 | n_rep: 13 | KDE model: gaussian rot
2026-05-06 06:01:34,686 | INFO | Scenario: scenario_1___nu=8 | n_rep: 13 | KDE model: t-student rot df=3
2026-05-06 06:01:35,208 | INFO | Scenario: scenario_1___nu=8 | n_rep: 14 | KDE model: gaussian rot
2026-05-06 06:01:35,610 | INFO | Scenario: scenario_1___nu=8 | n_rep: 14 | KDE model: t-student rot df=3
2026-05-06 06:01:36,039 | INFO | Scenario: scenario_1___nu=8 | n_rep: 15 | KDE model: gaussian rot
2026-05-06 06:01:36,399 | INFO | Scenario: scenario_1___nu=8 | n_rep: 15 | KDE model: t-student rot df=3
2026-05-06 06:01:36,773 | INFO | Scenario: scenario_1___nu=8 | n_rep: 16 | KDE model: gaussian rot
2026-05-06 06:01:37,047 | INFO | Scenario: scenario_1___nu=8 | n_rep: 16 | KDE model: t-student rot df=3
2026-05-06 06:01:37,272 | INFO | Scenario: scenario_1___nu=8 | n_rep: 17 | KDE model: gaussian rot
2026-05-06 06:01:37,921 | INFO | Scenario: scenario_1___nu=8 | n_rep: 17 | KDE model: t-student rot df=3
2026-05-06 06:01:38,533 | INFO | Scenario: scenario_1___nu=8 | n_rep: 18 | KDE model: gaussian rot
2026-05-06 06:01:38,913 | INFO | Scenario: scenario_1___nu=8 | n_rep: 18 | KDE model: t-student rot df=3
2026-05-06 06:01:39,311 | INFO | Scenario: scenario_1___nu=8 | n_rep: 19 | KDE model: gaussian rot
2026-05-06 06:01:39,687 | INFO | Scenario: scenario_1___nu=8 | n_rep: 19 | KDE model: t-student rot df=3
2026-05-06 06:01:40,078 | INFO | Scenario: scenario_1___nu=8 | n_rep: 20 | KDE model: gaussian rot
2026-05-06 06:01:40,479 | INFO | Scenario: scenario_1___nu=8 | n_rep: 20 | KDE model: t-student rot df=3
2026-05-06 06:01:40,908 | INFO | Scenario: scenario_1___nu=8 | n_rep: 21 | KDE model: gaussian rot
2026-05-06 06:01:41,139 | INFO | Scenario: scenario_1___nu=8 | n_rep: 21 | KDE model: t-student rot df=3
2026-05-06 06:01:41,361 | INFO | Scenario: scenario_1___nu=8 | n_rep: 22 | KDE model: gaussian rot
2026-05-06 06:01:41,583 | INFO | Scenario: scenario_1___nu=8 | n_rep: 22 | KDE model: t-student rot df=3
2026-05-06 06:01:41,758 | INFO | Scenario: scenario_1___nu=8 | n_rep: 23 | KDE model: gaussian rot
2026-05-06 06:01:42,328 | INFO | Scenario: scenario_1___nu=8 | n_rep: 23 | KDE model: t-student rot df=3
2026-05-06 06:01:42,838 | INFO | Scenario: scenario_1___nu=8 | n_rep: 24 | KDE model: gaussian rot
2026-05-06 06:01:43,031 | INFO | Scenario: scenario_1___nu=8 | n_rep: 24 | KDE model: t-student rot df=3
2026-05-06 06:01:43,248 | INFO | Scenario: scenario_1___nu=8 | n_rep: 25 | KDE model: gaussian rot
2026-05-06 06:01:43,432 | INFO | Scenario: scenario_1___nu=8 | n_rep: 25 | KDE model: t-student rot df=3
2026-05-06 06:01:43,616 | INFO | Scenario: scenario_1___nu=8 | n_rep: 26 | KDE model: gaussian rot
2026-05-06 06:01:44,284 | INFO | Scenario: scenario_1___nu=8 | n_rep: 26 | KDE model: t-student rot df=3
2026-05-06 06:01:44,954 | INFO | Scenario: scenario_1___nu=8 | n_rep: 27 | KDE model: gaussian rot
2026-05-06 06:01:45,508 | INFO | Scenario: scenario_1___nu=8 | n_rep: 27 | KDE model: t-student rot df=3
2026-05-06 06:01:45,946 | INFO | Scenario: scenario_1___nu=8 | n_rep: 28 | KDE model: gaussian rot
2026-05-06 06:01:46,155 | INFO | Scenario: scenario_1___nu=8 | n_rep: 28 | KDE model: t-student rot df=3
2026-05-06 06:01:46,331 | INFO | Scenario: scenario_1___nu=8 | n_rep: 29 | KDE model: gaussian rot
2026-05-06 06:01:46,607 | INFO | Scenario: scenario_1___nu=8 | n_rep: 29 | KDE model: t-student rot df=3
2026-05-06 06:01:46,806 | INFO | Scenario: scenario_1___nu=8 | n_rep: 30 | KDE model: gaussian rot
2026-05-06 06:01:47,036 | INFO | Scenario: scenario_1___nu=8 | n_rep: 30 | KDE model: t-student rot df=3
2026-05-06 06:01:47,216 | INFO | Scenario: scenario_1___nu=8 | n_rep: 31 | KDE model: gaussian rot
2026-05-06 06:01:47,644 | INFO | Scenario: scenario_1___nu=8 | n_rep: 31 | KDE model: t-student rot df=3
2026-05-06 06:01:48,096 | INFO | Scenario: scenario_1___nu=8 | n_rep: 32 | KDE model: gaussian rot
2026-05-06 06:01:48,527 | INFO | Scenario: scenario_1___nu=8 | n_rep: 32 | KDE model: t-student rot df=3
2026-05-06 06:01:48,922 | INFO | Scenario: scenario_1___nu=8 | n_rep: 33 | KDE model: gaussian rot
2026-05-06 06:01:49,352 | INFO | Scenario: scenario_1___nu=8 | n_rep: 33 | KDE model: t-student rot df=3
2026-05-06 06:01:49,907 | INFO | Scenario: scenario_1___nu=8 | n_rep: 34 | KDE model: gaussian rot
2026-05-06 06:01:50,919 | INFO | Scenario: scenario_1___nu=8 | n_rep: 34 | KDE model: t-student rot df=3
2026-05-06 06:01:51,936 | INFO | Scenario: scenario_1___nu=8 | n_rep: 35 | KDE model: gaussian rot
2026-05-06 06:01:52,632 | INFO | Scenario: scenario_1___nu=8 | n_rep: 35 | KDE model: t-student rot df=3
2026-05-06 06:01:53,338 | INFO | Scenario: scenario_1___nu=8 | n_rep: 36 | KDE model: gaussian rot
2026-05-06 06:01:53,768 | INFO | Scenario: scenario_1___nu=8 | n_rep: 36 | KDE model: t-student rot df=3
2026-05-06 06:01:54,198 | INFO | Scenario: scenario_1___nu=8 | n_rep: 37 | KDE model: gaussian rot
2026-05-06 06:01:54,601 | INFO | Scenario: scenario_1___nu=8 | n_rep: 37 | KDE model: t-student rot df=3
2026-05-06 06:01:55,140 | INFO | Scenario: scenario_1___nu=8 | n_rep: 38 | KDE model: gaussian rot
2026-05-06 06:01:55,829 | INFO | Scenario: scenario_1___nu=8 | n_rep: 38 | KDE model: t-student rot df=3
2026-05-06 06:01:56,468 | INFO | Scenario: scenario_1___nu=8 | n_rep: 39 | KDE model: gaussian rot
2026-05-06 06:01:57,064 | INFO | Scenario: scenario_1___nu=8 | n_rep: 39 | KDE model: t-student rot df=3
2026-05-06 06:01:57,585 | INFO | Scenario: scenario_1___nu=8 | n_rep: 40 | KDE model: gaussian rot
2026-05-06 06:01:57,974 | INFO | Scenario: scenario_1___nu=8 | n_rep: 40 | KDE model: t-student rot df=3
2026-05-06 06:01:58,385 | INFO | Scenario: scenario_1___nu=8 | n_rep: 41 | KDE model: gaussian rot
2026-05-06 06:01:58,772 | INFO | Scenario: scenario_1___nu=8 | n_rep: 41 | KDE model: t-student rot df=3
2026-05-06 06:01:59,142 | INFO | Scenario: scenario_1___nu=8 | n_rep: 42 | KDE model: gaussian rot
2026-05-06 06:01:59,570 | INFO | Scenario: scenario_1___nu=8 | n_rep: 42 | KDE model: t-student rot df=3
2026-05-06 06:01:59,973 | INFO | Scenario: scenario_1___nu=8 | n_rep: 43 | KDE model: gaussian rot
2026-05-06 06:02:00,307 | INFO | Scenario: scenario_1___nu=8 | n_rep: 43 | KDE model: t-student rot df=3
2026-05-06 06:02:00,634 | INFO | Scenario: scenario_1___nu=8 | n_rep: 44 | KDE model: gaussian rot
2026-05-06 06:02:01,110 | INFO | Scenario: scenario_1___nu=8 | n_rep: 44 | KDE model: t-student rot df=3
2026-05-06 06:02:01,620 | INFO | Scenario: scenario_1___nu=8 | n_rep: 45 | KDE model: gaussian rot
2026-05-06 06:02:02,146 | INFO | Scenario: scenario_1___nu=8 | n_rep: 45 | KDE model: t-student rot df=3
2026-05-06 06:02:02,740 | INFO | Scenario: scenario_1___nu=8 | n_rep: 46 | KDE model: gaussian rot
2026-05-06 06:02:03,120 | INFO | Scenario: scenario_1___nu=8 | n_rep: 46 | KDE model: t-student rot df=3
2026-05-06 06:02:03,531 | INFO | Scenario: scenario_1___nu=8 | n_rep: 47 | KDE model: gaussian rot
2026-05-06 06:02:03,729 | INFO | Scenario: scenario_1___nu=8 | n_rep: 47 | KDE model: t-student rot df=3
2026-05-06 06:02:03,962 | INFO | Scenario: scenario_1___nu=8 | n_rep: 48 | KDE model: gaussian rot
2026-05-06 06:02:04,425 | INFO | Scenario: scenario_1___nu=8 | n_rep: 48 | KDE model: t-student rot df=3
2026-05-06 06:02:04,893 | INFO | Scenario: scenario_1___nu=8 | n_rep: 49 | KDE model: gaussian rot
2026-05-06 06:02:05,293 | INFO | Scenario: scenario_1___nu=8 | n_rep: 49 | KDE model: t-student rot df=3
2026-05-06 06:02:05,707 | INFO | Scenario: scenario_1___nu=8 | n_rep: 50 | KDE model: gaussian rot
2026-05-06 06:02:06,330 | INFO | Scenario: scenario_1___nu=8 | n_rep: 50 | KDE model: t-student rot df=3
2026-05-06 06:02:06,866 | INFO | Scenario: scenario_1___nu=8 | n_rep: 51 | KDE model: gaussian rot
2026-05-06 06:02:07,060 | INFO | Scenario: scenario_1___nu=8 | n_rep: 51 | KDE model: t-student rot df=3
2026-05-06 06:02:07,311 | INFO | Scenario: scenario_1___nu=8 | n_rep: 52 | KDE model: gaussian rot
2026-05-06 06:02:07,616 | INFO | Scenario: scenario_1___nu=8 | n_rep: 52 | KDE model: t-student rot df=3
2026-05-06 06:02:07,987 | INFO | Scenario: scenario_1___nu=8 | n_rep: 53 | KDE model: gaussian rot
2026-05-06 06:02:08,343 | INFO | Scenario: scenario_1___nu=8 | n_rep: 53 | KDE model: t-student rot df=3
2026-05-06 06:02:08,618 | INFO | Scenario: scenario_1___nu=8 | n_rep: 54 | KDE model: gaussian rot
2026-05-06 06:02:09,056 | INFO | Scenario: scenario_1___nu=8 | n_rep: 54 | KDE model: t-student rot df=3
2026-05-06 06:02:09,413 | INFO | Scenario: scenario_1___nu=8 | n_rep: 55 | KDE model: gaussian rot
2026-05-06 06:02:10,315 | INFO | Scenario: scenario_1___nu=8 | n_rep: 55 | KDE model: t-student rot df=3
2026-05-06 06:02:11,233 | INFO | Scenario: scenario_1___nu=8 | n_rep: 56 | KDE model: gaussian rot
2026-05-06 06:02:11,457 | INFO | Scenario: scenario_1___nu=8 | n_rep: 56 | KDE model: t-student rot df=3
2026-05-06 06:02:11,651 | INFO | Scenario: scenario_1___nu=8 | n_rep: 57 | KDE model: gaussian rot
2026-05-06 06:02:12,201 | INFO | Scenario: scenario_1___nu=8 | n_rep: 57 | KDE model: t-student rot df=3
2026-05-06 06:02:12,746 | INFO | Scenario: scenario_1___nu=8 | n_rep: 58 | KDE model: gaussian rot
2026-05-06 06:02:13,588 | INFO | Scenario: scenario_1___nu=8 | n_rep: 58 | KDE model: t-student rot df=3
2026-05-06 06:02:14,365 | INFO | Scenario: scenario_1___nu=8 | n_rep: 59 | KDE model: gaussian rot
2026-05-06 06:02:14,745 | INFO | Scenario: scenario_1___nu=8 | n_rep: 59 | KDE model: t-student rot df=3
2026-05-06 06:02:15,056 | INFO | Scenario: scenario_1___nu=8 | n_rep: 60 | KDE model: gaussian rot
2026-05-06 06:02:15,643 | INFO | Scenario: scenario_1___nu=8 | n_rep: 60 | KDE model: t-student rot df=3
2026-05-06 06:02:16,226 | INFO | Scenario: scenario_1___nu=8 | n_rep: 61 | KDE model: gaussian rot
2026-05-06 06:02:16,613 | INFO | Scenario: scenario_1___nu=8 | n_rep: 61 | KDE model: t-student rot df=3
2026-05-06 06:02:17,017 | INFO | Scenario: scenario_1___nu=8 | n_rep: 62 | KDE model: gaussian rot
2026-05-06 06:02:17,267 | INFO | Scenario: scenario_1___nu=8 | n_rep: 62 | KDE model: t-student rot df=3
2026-05-06 06:02:17,480 | INFO | Scenario: scenario_1___nu=8 | n_rep: 63 | KDE model: gaussian rot
2026-05-06 06:02:18,061 | INFO | Scenario: scenario_1___nu=8 | n_rep: 63 | KDE model: t-student rot df=3
2026-05-06 06:02:18,718 | INFO | Scenario: scenario_1___nu=8 | n_rep: 64 | KDE model: gaussian rot
2026-05-06 06:02:19,153 | INFO | Scenario: scenario_1___nu=8 | n_rep: 64 | KDE model: t-student rot df=3
2026-05-06 06:02:19,552 | INFO | Scenario: scenario_1___nu=8 | n_rep: 65 | KDE model: gaussian rot
2026-05-06 06:02:19,945 | INFO | Scenario: scenario_1___nu=8 | n_rep: 65 | KDE model: t-student rot df=3
2026-05-06 06:02:20,389 | INFO | Scenario: scenario_1___nu=8 | n_rep: 66 | KDE model: gaussian rot
2026-05-06 06:02:20,703 | INFO | Scenario: scenario_1___nu=8 | n_rep: 66 | KDE model: t-student rot df=3
2026-05-06 06:02:21,051 | INFO | Scenario: scenario_1___nu=8 | n_rep: 67 | KDE model: gaussian rot
2026-05-06 06:02:21,694 | INFO | Scenario: scenario_1___nu=8 | n_rep: 67 | KDE model: t-student rot df=3
2026-05-06 06:02:22,327 | INFO | Scenario: scenario_1___nu=8 | n_rep: 68 | KDE model: gaussian rot
2026-05-06 06:02:22,922 | INFO | Scenario: scenario_1___nu=8 | n_rep: 68 | KDE model: t-student rot df=3
2026-05-06 06:02:23,535 | INFO | Scenario: scenario_1___nu=8 | n_rep: 69 | KDE model: gaussian rot
2026-05-06 06:02:24,470 | INFO | Scenario: scenario_1___nu=8 | n_rep: 69 | KDE model: t-student rot df=3
2026-05-06 06:02:25,339 | INFO | Scenario: scenario_1___nu=8 | n_rep: 70 | KDE model: gaussian rot
2026-05-06 06:02:25,743 | INFO | Scenario: scenario_1___nu=8 | n_rep: 70 | KDE model: t-student rot df=3
2026-05-06 06:02:26,146 | INFO | Scenario: scenario_1___nu=8 | n_rep: 71 | KDE model: gaussian rot
2026-05-06 06:02:26,724 | INFO | Scenario: scenario_1___nu=8 | n_rep: 71 | KDE model: t-student rot df=3
2026-05-06 06:02:27,295 | INFO | Scenario: scenario_1___nu=8 | n_rep: 72 | KDE model: gaussian rot
2026-05-06 06:02:28,014 | INFO | Scenario: scenario_1___nu=8 | n_rep: 72 | KDE model: t-student rot df=3
2026-05-06 06:02:28,751 | INFO | Scenario: scenario_1___nu=8 | n_rep: 73 | KDE model: gaussian rot
2026-05-06 06:02:28,926 | INFO | Scenario: scenario_1___nu=8 | n_rep: 73 | KDE model: t-student rot df=3
2026-05-06 06:02:29,085 | INFO | Scenario: scenario_1___nu=8 | n_rep: 74 | KDE model: gaussian rot
2026-05-06 06:02:29,732 | INFO | Scenario: scenario_1___nu=8 | n_rep: 74 | KDE model: t-student rot df=3
2026-05-06 06:02:30,361 | INFO | Scenario: scenario_1___nu=8 | n_rep: 75 | KDE model: gaussian rot
2026-05-06 06:02:31,319 | INFO | Scenario: scenario_1___nu=8 | n_rep: 75 | KDE model: t-student rot df=3
2026-05-06 06:02:31,738 | INFO | Scenario: scenario_1___nu=8 | n_rep: 76 | KDE model: gaussian rot
2026-05-06 06:02:32,157 | INFO | Scenario: scenario_1___nu=8 | n_rep: 76 | KDE model: t-student rot df=3
2026-05-06 06:02:32,570 | INFO | Scenario: scenario_1___nu=8 | n_rep: 77 | KDE model: gaussian rot
2026-05-06 06:02:33,066 | INFO | Scenario: scenario_1___nu=8 | n_rep: 77 | KDE model: t-student rot df=3
2026-05-06 06:02:33,540 | INFO | Scenario: scenario_1___nu=8 | n_rep: 78 | KDE model: gaussian rot
2026-05-06 06:02:33,946 | INFO | Scenario: scenario_1___nu=8 | n_rep: 78 | KDE model: t-student rot df=3
2026-05-06 06:02:34,381 | INFO | Scenario: scenario_1___nu=8 | n_rep: 79 | KDE model: gaussian rot
2026-05-06 06:02:35,025 | INFO | Scenario: scenario_1___nu=8 | n_rep: 79 | KDE model: t-student rot df=3
2026-05-06 06:02:35,644 | INFO | Scenario: scenario_1___nu=8 | n_rep: 80 | KDE model: gaussian rot
2026-05-06 06:02:36,098 | INFO | Scenario: scenario_1___nu=8 | n_rep: 80 | KDE model: t-student rot df=3
2026-05-06 06:02:36,571 | INFO | Scenario: scenario_1___nu=8 | n_rep: 81 | KDE model: gaussian rot
2026-05-06 06:02:37,248 | INFO | Scenario: scenario_1___nu=8 | n_rep: 81 | KDE model: t-student rot df=3
2026-05-06 06:02:37,890 | INFO | Scenario: scenario_1___nu=8 | n_rep: 82 | KDE model: gaussian rot
2026-05-06 06:02:38,383 | INFO | Scenario: scenario_1___nu=8 | n_rep: 82 | KDE model: t-student rot df=3
2026-05-06 06:02:38,873 | INFO | Scenario: scenario_1___nu=8 | n_rep: 83 | KDE model: gaussian rot
2026-05-06 06:02:39,074 | INFO | Scenario: scenario_1___nu=8 | n_rep: 83 | KDE model: t-student rot df=3
2026-05-06 06:02:39,271 | INFO | Scenario: scenario_1___nu=8 | n_rep: 84 | KDE model: gaussian rot
2026-05-06 06:02:39,712 | INFO | Scenario: scenario_1___nu=8 | n_rep: 84 | KDE model: t-student rot df=3
2026-05-06 06:02:40,145 | INFO | Scenario: scenario_1___nu=8 | n_rep: 85 | KDE model: gaussian rot
2026-05-06 06:02:40,780 | INFO | Scenario: scenario_1___nu=8 | n_rep: 85 | KDE model: t-student rot df=3
2026-05-06 06:02:41,356 | INFO | Scenario: scenario_1___nu=8 | n_rep: 86 | KDE model: gaussian rot
2026-05-06 06:02:41,562 | INFO | Scenario: scenario_1___nu=8 | n_rep: 86 | KDE model: t-student rot df=3
2026-05-06 06:02:41,777 | INFO | Scenario: scenario_1___nu=8 | n_rep: 87 | KDE model: gaussian rot
2026-05-06 06:02:42,352 | INFO | Scenario: scenario_1___nu=8 | n_rep: 87 | KDE model: t-student rot df=3
2026-05-06 06:02:42,892 | INFO | Scenario: scenario_1___nu=8 | n_rep: 88 | KDE model: gaussian rot
2026-05-06 06:02:43,088 | INFO | Scenario: scenario_1___nu=8 | n_rep: 88 | KDE model: t-student rot df=3
2026-05-06 06:02:43,261 | INFO | Scenario: scenario_1___nu=8 | n_rep: 89 | KDE model: gaussian rot
2026-05-06 06:02:43,680 | INFO | Scenario: scenario_1___nu=8 | n_rep: 89 | KDE model: t-student rot df=3
2026-05-06 06:02:44,034 | INFO | Scenario: scenario_1___nu=8 | n_rep: 90 | KDE model: gaussian rot
2026-05-06 06:02:44,253 | INFO | Scenario: scenario_1___nu=8 | n_rep: 90 | KDE model: t-student rot df=3
2026-05-06 06:02:44,453 | INFO | Scenario: scenario_1___nu=8 | n_rep: 91 | KDE model: gaussian rot
2026-05-06 06:02:45,117 | INFO | Scenario: scenario_1___nu=8 | n_rep: 91 | KDE model: t-student rot df=3
2026-05-06 06:02:45,791 | INFO | Scenario: scenario_1___nu=8 | n_rep: 92 | KDE model: gaussian rot
2026-05-06 06:02:45,991 | INFO | Scenario: scenario_1___nu=8 | n_rep: 92 | KDE model: t-student rot df=3
2026-05-06 06:02:46,170 | INFO | Scenario: scenario_1___nu=8 | n_rep: 93 | KDE model: gaussian rot
2026-05-06 06:02:46,595 | INFO | Scenario: scenario_1___nu=8 | n_rep: 93 | KDE model: t-student rot df=3
2026-05-06 06:02:47,142 | INFO | Scenario: scenario_1___nu=8 | n_rep: 94 | KDE model: gaussian rot
2026-05-06 06:02:47,382 | INFO | Scenario: scenario_1___nu=8 | n_rep: 94 | KDE model: t-student rot df=3
2026-05-06 06:02:47,586 | INFO | Scenario: scenario_1___nu=8 | n_rep: 95 | KDE model: gaussian rot
2026-05-06 06:02:48,127 | INFO | Scenario: scenario_1___nu=8 | n_rep: 95 | KDE model: t-student rot df=3
2026-05-06 06:02:48,716 | INFO | Scenario: scenario_1___nu=8 | n_rep: 96 | KDE model: gaussian rot
2026-05-06 06:02:49,087 | INFO | Scenario: scenario_1___nu=8 | n_rep: 96 | KDE model: t-student rot df=3
2026-05-06 06:02:49,597 | INFO | Scenario: scenario_1___nu=8 | n_rep: 97 | KDE model: gaussian rot
2026-05-06 06:02:50,074 | INFO | Scenario: scenario_1___nu=8 | n_rep: 97 | KDE model: t-student rot df=3
2026-05-06 06:02:50,498 | INFO | Scenario: scenario_1___nu=8 | n_rep: 98 | KDE model: gaussian rot
2026-05-06 06:02:51,288 | INFO | Scenario: scenario_1___nu=8 | n_rep: 98 | KDE model: t-student rot df=3
2026-05-06 06:02:52,064 | INFO | Scenario: scenario_1___nu=8 | n_rep: 99 | KDE model: gaussian rot
2026-05-06 06:02:52,532 | INFO | Scenario: scenario_1___nu=8 | n_rep: 99 | KDE model: t-student rot df=3
2026-05-06 06:02:52,946 | INFO | Scenario: scenario_1___nu=8 | n_rep: 100 | KDE model: gaussian rot
2026-05-06 06:02:53,649 | INFO | Scenario: scenario_1___nu=8 | n_rep: 100 | KDE model: t-student rot df=3
2026-05-06 06:02:54,283 | INFO | Scenario: scenario_1___nu=8 | n_rep: 101 | KDE model: gaussian rot
2026-05-06 06:02:54,530 | INFO | Scenario: scenario_1___nu=8 | n_rep: 101 | KDE model: t-student rot df=3
2026-05-06 06:02:54,704 | INFO | Scenario: scenario_1___nu=8 | n_rep: 102 | KDE model: gaussian rot
2026-05-06 06:02:55,416 | INFO | Scenario: scenario_1___nu=8 | n_rep: 102 | KDE model: t-student rot df=3
2026-05-06 06:02:56,235 | INFO | Scenario: scenario_1___nu=8 | n_rep: 103 | KDE model: gaussian rot
2026-05-06 06:02:56,480 | INFO | Scenario: scenario_1___nu=8 | n_rep: 103 | KDE model: t-student rot df=3
2026-05-06 06:02:56,756 | INFO | Scenario: scenario_1___nu=8 | n_rep: 104 | KDE model: gaussian rot
2026-05-06 06:02:57,232 | INFO | Scenario: scenario_1___nu=8 | n_rep: 104 | KDE model: t-student rot df=3
2026-05-06 06:02:57,661 | INFO | Scenario: scenario_1___nu=8 | n_rep: 105 | KDE model: gaussian rot
2026-05-06 06:02:58,324 | INFO | Scenario: scenario_1___nu=8 | n_rep: 105 | KDE model: t-student rot df=3
2026-05-06 06:02:58,736 | INFO | Scenario: scenario_1___nu=8 | n_rep: 106 | KDE model: gaussian rot
2026-05-06 06:02:59,143 | INFO | Scenario: scenario_1___nu=8 | n_rep: 106 | KDE model: t-student rot df=3
2026-05-06 06:02:59,537 | INFO | Scenario: scenario_1___nu=8 | n_rep: 107 | KDE model: gaussian rot
2026-05-06 06:03:00,159 | INFO | Scenario: scenario_1___nu=8 | n_rep: 107 | KDE model: t-student rot df=3
2026-05-06 06:03:00,821 | INFO | Scenario: scenario_1___nu=8 | n_rep: 108 | KDE model: gaussian rot
2026-05-06 06:03:00,981 | INFO | Scenario: scenario_1___nu=8 | n_rep: 108 | KDE model: t-student rot df=3
2026-05-06 06:03:01,175 | INFO | Scenario: scenario_1___nu=8 | n_rep: 109 | KDE model: gaussian rot
2026-05-06 06:03:01,407 | INFO | Scenario: scenario_1___nu=8 | n_rep: 109 | KDE model: t-student rot df=3
2026-05-06 06:03:01,611 | INFO | Scenario: scenario_1___nu=8 | n_rep: 110 | KDE model: gaussian rot
2026-05-06 06:03:02,257 | INFO | Scenario: scenario_1___nu=8 | n_rep: 110 | KDE model: t-student rot df=3
2026-05-06 06:03:02,912 | INFO | Scenario: scenario_1___nu=8 | n_rep: 111 | KDE model: gaussian rot
2026-05-06 06:03:03,364 | INFO | Scenario: scenario_1___nu=8 | n_rep: 111 | KDE model: t-student rot df=3
2026-05-06 06:03:03,754 | INFO | Scenario: scenario_1___nu=8 | n_rep: 112 | KDE model: gaussian rot
2026-05-06 06:03:04,362 | INFO | Scenario: scenario_1___nu=8 | n_rep: 112 | KDE model: t-student rot df=3
2026-05-06 06:03:04,914 | INFO | Scenario: scenario_1___nu=8 | n_rep: 113 | KDE model: gaussian rot
2026-05-06 06:03:05,169 | INFO | Scenario: scenario_1___nu=8 | n_rep: 113 | KDE model: t-student rot df=3
2026-05-06 06:03:05,422 | INFO | Scenario: scenario_1___nu=8 | n_rep: 114 | KDE model: gaussian rot
2026-05-06 06:03:05,824 | INFO | Scenario: scenario_1___nu=8 | n_rep: 114 | KDE model: t-student rot df=3
2026-05-06 06:03:06,210 | INFO | Scenario: scenario_1___nu=8 | n_rep: 115 | KDE model: gaussian rot
2026-05-06 06:03:06,644 | INFO | Scenario: scenario_1___nu=8 | n_rep: 115 | KDE model: t-student rot df=3
2026-05-06 06:03:07,080 | INFO | Scenario: scenario_1___nu=8 | n_rep: 116 | KDE model: gaussian rot
2026-05-06 06:03:07,444 | INFO | Scenario: scenario_1___nu=8 | n_rep: 116 | KDE model: t-student rot df=3
2026-05-06 06:03:07,823 | INFO | Scenario: scenario_1___nu=8 | n_rep: 117 | KDE model: gaussian rot
2026-05-06 06:03:08,495 | INFO | Scenario: scenario_1___nu=8 | n_rep: 117 | KDE model: t-student rot df=3
2026-05-06 06:03:08,992 | INFO | Scenario: scenario_1___nu=8 | n_rep: 118 | KDE model: gaussian rot
2026-05-06 06:03:09,490 | INFO | Scenario: scenario_1___nu=8 | n_rep: 118 | KDE model: t-student rot df=3
2026-05-06 06:03:09,921 | INFO | Scenario: scenario_1___nu=8 | n_rep: 119 | KDE model: gaussian rot
2026-05-06 06:03:10,323 | INFO | Scenario: scenario_1___nu=8 | n_rep: 119 | KDE model: t-student rot df=3
2026-05-06 06:03:10,776 | INFO | Scenario: scenario_1___nu=8 | n_rep: 120 | KDE model: gaussian rot
2026-05-06 06:03:11,191 | INFO | Scenario: scenario_1___nu=8 | n_rep: 120 | KDE model: t-student rot df=3
2026-05-06 06:03:11,587 | INFO | Scenario: scenario_1___nu=8 | n_rep: 121 | KDE model: gaussian rot
2026-05-06 06:03:12,062 | INFO | Scenario: scenario_1___nu=8 | n_rep: 121 | KDE model: t-student rot df=3
2026-05-06 06:03:12,598 | INFO | Scenario: scenario_1___nu=8 | n_rep: 122 | KDE model: gaussian rot
2026-05-06 06:03:13,195 | INFO | Scenario: scenario_1___nu=8 | n_rep: 122 | KDE model: t-student rot df=3
2026-05-06 06:03:13,835 | INFO | Scenario: scenario_1___nu=8 | n_rep: 123 | KDE model: gaussian rot
2026-05-06 06:03:14,408 | INFO | Scenario: scenario_1___nu=8 | n_rep: 123 | KDE model: t-student rot df=3
2026-05-06 06:03:15,010 | INFO | Scenario: scenario_1___nu=8 | n_rep: 124 | KDE model: gaussian rot
2026-05-06 06:03:15,630 | INFO | Scenario: scenario_1___nu=8 | n_rep: 124 | KDE model: t-student rot df=3
2026-05-06 06:03:16,209 | INFO | Scenario: scenario_1___nu=8 | n_rep: 125 | KDE model: gaussian rot
2026-05-06 06:03:16,561 | INFO | Scenario: scenario_1___nu=8 | n_rep: 125 | KDE model: t-student rot df=3
2026-05-06 06:03:16,928 | INFO | Scenario: scenario_1___nu=8 | n_rep: 126 | KDE model: gaussian rot
2026-05-06 06:03:17,351 | INFO | Scenario: scenario_1___nu=8 | n_rep: 126 | KDE model: t-student rot df=3
2026-05-06 06:03:17,728 | INFO | Scenario: scenario_1___nu=8 | n_rep: 127 | KDE model: gaussian rot
2026-05-06 06:03:18,153 | INFO | Scenario: scenario_1___nu=8 | n_rep: 127 | KDE model: t-student rot df=3
2026-05-06 06:03:18,553 | INFO | Scenario: scenario_1___nu=8 | n_rep: 128 | KDE model: gaussian rot
2026-05-06 06:03:18,786 | INFO | Scenario: scenario_1___nu=8 | n_rep: 128 | KDE model: t-student rot df=3
2026-05-06 06:03:18,945 | INFO | Scenario: scenario_1___nu=8 | n_rep: 129 | KDE model: gaussian rot
2026-05-06 06:03:19,178 | INFO | Scenario: scenario_1___nu=8 | n_rep: 129 | KDE model: t-student rot df=3
2026-05-06 06:03:19,390 | INFO | Scenario: scenario_1___nu=8 | n_rep: 130 | KDE model: gaussian rot
2026-05-06 06:03:20,077 | INFO | Scenario: scenario_1___nu=8 | n_rep: 130 | KDE model: t-student rot df=3
2026-05-06 06:03:20,745 | INFO | Scenario: scenario_1___nu=8 | n_rep: 131 | KDE model: gaussian rot
2026-05-06 06:03:21,260 | INFO | Scenario: scenario_1___nu=8 | n_rep: 131 | KDE model: t-student rot df=3
2026-05-06 06:03:21,767 | INFO | Scenario: scenario_1___nu=8 | n_rep: 132 | KDE model: gaussian rot
2026-05-06 06:03:21,935 | INFO | Scenario: scenario_1___nu=8 | n_rep: 132 | KDE model: t-student rot df=3
2026-05-06 06:03:22,092 | INFO | Scenario: scenario_1___nu=8 | n_rep: 133 | KDE model: gaussian rot
2026-05-06 06:03:22,621 | INFO | Scenario: scenario_1___nu=8 | n_rep: 133 | KDE model: t-student rot df=3
2026-05-06 06:03:23,148 | INFO | Scenario: scenario_1___nu=8 | n_rep: 134 | KDE model: gaussian rot
2026-05-06 06:03:23,547 | INFO | Scenario: scenario_1___nu=8 | n_rep: 134 | KDE model: t-student rot df=3
2026-05-06 06:03:23,953 | INFO | Scenario: scenario_1___nu=8 | n_rep: 135 | KDE model: gaussian rot
2026-05-06 06:03:24,405 | INFO | Scenario: scenario_1___nu=8 | n_rep: 135 | KDE model: t-student rot df=3
2026-05-06 06:03:24,867 | INFO | Scenario: scenario_1___nu=8 | n_rep: 136 | KDE model: gaussian rot
2026-05-06 06:03:25,079 | INFO | Scenario: scenario_1___nu=8 | n_rep: 136 | KDE model: t-student rot df=3
2026-05-06 06:03:25,277 | INFO | Scenario: scenario_1___nu=8 | n_rep: 137 | KDE model: gaussian rot
2026-05-06 06:03:25,618 | INFO | Scenario: scenario_1___nu=8 | n_rep: 137 | KDE model: t-student rot df=3
2026-05-06 06:03:26,088 | INFO | Scenario: scenario_1___nu=8 | n_rep: 138 | KDE model: gaussian rot
2026-05-06 06:03:26,527 | INFO | Scenario: scenario_1___nu=8 | n_rep: 138 | KDE model: t-student rot df=3
2026-05-06 06:03:26,924 | INFO | Scenario: scenario_1___nu=8 | n_rep: 139 | KDE model: gaussian rot
2026-05-06 06:03:27,188 | INFO | Scenario: scenario_1___nu=8 | n_rep: 139 | KDE model: t-student rot df=3
2026-05-06 06:03:27,429 | INFO | Scenario: scenario_1___nu=8 | n_rep: 140 | KDE model: gaussian rot
2026-05-06 06:03:27,834 | INFO | Scenario: scenario_1___nu=8 | n_rep: 140 | KDE model: t-student rot df=3
2026-05-06 06:03:28,222 | INFO | Scenario: scenario_1___nu=8 | n_rep: 141 | KDE model: gaussian rot
2026-05-06 06:03:28,633 | INFO | Scenario: scenario_1___nu=8 | n_rep: 141 | KDE model: t-student rot df=3
2026-05-06 06:03:29,031 | INFO | Scenario: scenario_1___nu=8 | n_rep: 142 | KDE model: gaussian rot
2026-05-06 06:03:29,222 | INFO | Scenario: scenario_1___nu=8 | n_rep: 142 | KDE model: t-student rot df=3
2026-05-06 06:03:29,427 | INFO | Scenario: scenario_1___nu=8 | n_rep: 143 | KDE model: gaussian rot
2026-05-06 06:03:29,896 | INFO | Scenario: scenario_1___nu=8 | n_rep: 143 | KDE model: t-student rot df=3
2026-05-06 06:03:30,347 | INFO | Scenario: scenario_1___nu=8 | n_rep: 144 | KDE model: gaussian rot
2026-05-06 06:03:30,591 | INFO | Scenario: scenario_1___nu=8 | n_rep: 144 | KDE model: t-student rot df=3
2026-05-06 06:03:30,818 | INFO | Scenario: scenario_1___nu=8 | n_rep: 145 | KDE model: gaussian rot
2026-05-06 06:03:31,053 | INFO | Scenario: scenario_1___nu=8 | n_rep: 145 | KDE model: t-student rot df=3
2026-05-06 06:03:31,208 | INFO | Scenario: scenario_1___nu=8 | n_rep: 146 | KDE model: gaussian rot
2026-05-06 06:03:31,581 | INFO | Scenario: scenario_1___nu=8 | n_rep: 146 | KDE model: t-student rot df=3
2026-05-06 06:03:31,862 | INFO | Scenario: scenario_1___nu=8 | n_rep: 147 | KDE model: gaussian rot
2026-05-06 06:03:32,112 | INFO | Scenario: scenario_1___nu=8 | n_rep: 147 | KDE model: t-student rot df=3
2026-05-06 06:03:32,354 | INFO | Scenario: scenario_1___nu=8 | n_rep: 148 | KDE model: gaussian rot
2026-05-06 06:03:32,745 | INFO | Scenario: scenario_1___nu=8 | n_rep: 148 | KDE model: t-student rot df=3
2026-05-06 06:03:33,161 | INFO | Scenario: scenario_1___nu=8 | n_rep: 149 | KDE model: gaussian rot
2026-05-06 06:03:33,569 | INFO | Scenario: scenario_1___nu=8 | n_rep: 149 | KDE model: t-student rot df=3
2026-05-06 06:03:33,893 | INFO | Scenario: scenario_1___nu=8 | n_rep: 150 | KDE model: gaussian rot
2026-05-06 06:03:34,521 | INFO | Scenario: scenario_1___nu=8 | n_rep: 150 | KDE model: t-student rot df=3
2026-05-06 06:03:35,093 | INFO | Scenario: scenario_1___nu=8 | n_rep: 151 | KDE model: gaussian rot
2026-05-06 06:03:35,694 | INFO | Scenario: scenario_1___nu=8 | n_rep: 151 | KDE model: t-student rot df=3
2026-05-06 06:03:36,331 | INFO | Scenario: scenario_1___nu=8 | n_rep: 152 | KDE model: gaussian rot
2026-05-06 06:03:36,558 | INFO | Scenario: scenario_1___nu=8 | n_rep: 152 | KDE model: t-student rot df=3
2026-05-06 06:03:36,785 | INFO | Scenario: scenario_1___nu=8 | n_rep: 153 | KDE model: gaussian rot
2026-05-06 06:03:37,047 | INFO | Scenario: scenario_1___nu=8 | n_rep: 153 | KDE model: t-student rot df=3
2026-05-06 06:03:37,290 | INFO | Scenario: scenario_1___nu=8 | n_rep: 154 | KDE model: gaussian rot
2026-05-06 06:03:37,529 | INFO | Scenario: scenario_1___nu=8 | n_rep: 154 | KDE model: t-student rot df=3
2026-05-06 06:03:37,760 | INFO | Scenario: scenario_1___nu=8 | n_rep: 155 | KDE model: gaussian rot
2026-05-06 06:03:37,951 | INFO | Scenario: scenario_1___nu=8 | n_rep: 155 | KDE model: t-student rot df=3
2026-05-06 06:03:38,118 | INFO | Scenario: scenario_1___nu=8 | n_rep: 156 | KDE model: gaussian rot
2026-05-06 06:03:38,288 | INFO | Scenario: scenario_1___nu=8 | n_rep: 156 | KDE model: t-student rot df=3
2026-05-06 06:03:38,452 | INFO | Scenario: scenario_1___nu=8 | n_rep: 157 | KDE model: gaussian rot
2026-05-06 06:03:38,899 | INFO | Scenario: scenario_1___nu=8 | n_rep: 157 | KDE model: t-student rot df=3
2026-05-06 06:03:39,322 | INFO | Scenario: scenario_1___nu=8 | n_rep: 158 | KDE model: gaussian rot
2026-05-06 06:03:39,738 | INFO | Scenario: scenario_1___nu=8 | n_rep: 158 | KDE model: t-student rot df=3
2026-05-06 06:03:40,085 | INFO | Scenario: scenario_1___nu=8 | n_rep: 159 | KDE model: gaussian rot
2026-05-06 06:03:40,472 | INFO | Scenario: scenario_1___nu=8 | n_rep: 159 | KDE model: t-student rot df=3
2026-05-06 06:03:40,804 | INFO | Scenario: scenario_1___nu=8 | n_rep: 160 | KDE model: gaussian rot
2026-05-06 06:03:41,332 | INFO | Scenario: scenario_1___nu=8 | n_rep: 160 | KDE model: t-student rot df=3
2026-05-06 06:03:41,866 | INFO | Scenario: scenario_1___nu=8 | n_rep: 161 | KDE model: gaussian rot
2026-05-06 06:03:42,298 | INFO | Scenario: scenario_1___nu=8 | n_rep: 161 | KDE model: t-student rot df=3
2026-05-06 06:03:42,658 | INFO | Scenario: scenario_1___nu=8 | n_rep: 162 | KDE model: gaussian rot
2026-05-06 06:03:42,867 | INFO | Scenario: scenario_1___nu=8 | n_rep: 162 | KDE model: t-student rot df=3
2026-05-06 06:03:43,087 | INFO | Scenario: scenario_1___nu=8 | n_rep: 163 | KDE model: gaussian rot
2026-05-06 06:03:43,552 | INFO | Scenario: scenario_1___nu=8 | n_rep: 163 | KDE model: t-student rot df=3
2026-05-06 06:03:43,958 | INFO | Scenario: scenario_1___nu=8 | n_rep: 164 | KDE model: gaussian rot
2026-05-06 06:03:44,603 | INFO | Scenario: scenario_1___nu=8 | n_rep: 164 | KDE model: t-student rot df=3
2026-05-06 06:03:45,253 | INFO | Scenario: scenario_1___nu=8 | n_rep: 165 | KDE model: gaussian rot
2026-05-06 06:03:46,015 | INFO | Scenario: scenario_1___nu=8 | n_rep: 165 | KDE model: t-student rot df=3
2026-05-06 06:03:46,738 | INFO | Scenario: scenario_1___nu=8 | n_rep: 166 | KDE model: gaussian rot
2026-05-06 06:03:47,514 | INFO | Scenario: scenario_1___nu=8 | n_rep: 166 | KDE model: t-student rot df=3
2026-05-06 06:03:48,185 | INFO | Scenario: scenario_1___nu=8 | n_rep: 167 | KDE model: gaussian rot
2026-05-06 06:03:48,652 | INFO | Scenario: scenario_1___nu=8 | n_rep: 167 | KDE model: t-student rot df=3
2026-05-06 06:03:49,091 | INFO | Scenario: scenario_1___nu=8 | n_rep: 168 | KDE model: gaussian rot
2026-05-06 06:03:49,691 | INFO | Scenario: scenario_1___nu=8 | n_rep: 168 | KDE model: t-student rot df=3
2026-05-06 06:03:50,274 | INFO | Scenario: scenario_1___nu=8 | n_rep: 169 | KDE model: gaussian rot
2026-05-06 06:03:50,826 | INFO | Scenario: scenario_1___nu=8 | n_rep: 169 | KDE model: t-student rot df=3
2026-05-06 06:03:51,448 | INFO | Scenario: scenario_1___nu=8 | n_rep: 170 | KDE model: gaussian rot
2026-05-06 06:03:51,650 | INFO | Scenario: scenario_1___nu=8 | n_rep: 170 | KDE model: t-student rot df=3
2026-05-06 06:03:51,805 | INFO | Scenario: scenario_1___nu=8 | n_rep: 171 | KDE model: gaussian rot
2026-05-06 06:03:52,017 | INFO | Scenario: scenario_1___nu=8 | n_rep: 171 | KDE model: t-student rot df=3
2026-05-06 06:03:52,209 | INFO | Scenario: scenario_1___nu=8 | n_rep: 172 | KDE model: gaussian rot
2026-05-06 06:03:52,802 | INFO | Scenario: scenario_1___nu=8 | n_rep: 172 | KDE model: t-student rot df=3
2026-05-06 06:03:53,355 | INFO | Scenario: scenario_1___nu=8 | n_rep: 173 | KDE model: gaussian rot
2026-05-06 06:03:53,815 | INFO | Scenario: scenario_1___nu=8 | n_rep: 173 | KDE model: t-student rot df=3
2026-05-06 06:03:54,250 | INFO | Scenario: scenario_1___nu=8 | n_rep: 174 | KDE model: gaussian rot
2026-05-06 06:03:54,666 | INFO | Scenario: scenario_1___nu=8 | n_rep: 174 | KDE model: t-student rot df=3
2026-05-06 06:03:55,059 | INFO | Scenario: scenario_1___nu=8 | n_rep: 175 | KDE model: gaussian rot
2026-05-06 06:03:55,417 | INFO | Scenario: scenario_1___nu=8 | n_rep: 175 | KDE model: t-student rot df=3
2026-05-06 06:03:55,773 | INFO | Scenario: scenario_1___nu=8 | n_rep: 176 | KDE model: gaussian rot
2026-05-06 06:03:56,243 | INFO | Scenario: scenario_1___nu=8 | n_rep: 176 | KDE model: t-student rot df=3
2026-05-06 06:03:56,695 | INFO | Scenario: scenario_1___nu=8 | n_rep: 177 | KDE model: gaussian rot
2026-05-06 06:03:57,119 | INFO | Scenario: scenario_1___nu=8 | n_rep: 177 | KDE model: t-student rot df=3
2026-05-06 06:03:57,587 | INFO | Scenario: scenario_1___nu=8 | n_rep: 178 | KDE model: gaussian rot
2026-05-06 06:03:58,184 | INFO | Scenario: scenario_1___nu=8 | n_rep: 178 | KDE model: t-student rot df=3
2026-05-06 06:03:58,703 | INFO | Scenario: scenario_1___nu=8 | n_rep: 179 | KDE model: gaussian rot
2026-05-06 06:03:59,101 | INFO | Scenario: scenario_1___nu=8 | n_rep: 179 | KDE model: t-student rot df=3
2026-05-06 06:03:59,506 | INFO | Scenario: scenario_1___nu=8 | n_rep: 180 | KDE model: gaussian rot
2026-05-06 06:04:00,462 | INFO | Scenario: scenario_1___nu=8 | n_rep: 180 | KDE model: t-student rot df=3
2026-05-06 06:04:01,213 | INFO | Scenario: scenario_1___nu=8 | n_rep: 181 | KDE model: gaussian rot
2026-05-06 06:04:01,415 | INFO | Scenario: scenario_1___nu=8 | n_rep: 181 | KDE model: t-student rot df=3
2026-05-06 06:04:01,617 | INFO | Scenario: scenario_1___nu=8 | n_rep: 182 | KDE model: gaussian rot
2026-05-06 06:04:02,046 | INFO | Scenario: scenario_1___nu=8 | n_rep: 182 | KDE model: t-student rot df=3
2026-05-06 06:04:02,434 | INFO | Scenario: scenario_1___nu=8 | n_rep: 183 | KDE model: gaussian rot
2026-05-06 06:04:02,666 | INFO | Scenario: scenario_1___nu=8 | n_rep: 183 | KDE model: t-student rot df=3
2026-05-06 06:04:02,902 | INFO | Scenario: scenario_1___nu=8 | n_rep: 184 | KDE model: gaussian rot
2026-05-06 06:04:03,276 | INFO | Scenario: scenario_1___nu=8 | n_rep: 184 | KDE model: t-student rot df=3
2026-05-06 06:04:03,446 | INFO | Scenario: scenario_1___nu=8 | n_rep: 185 | KDE model: gaussian rot
2026-05-06 06:04:04,003 | INFO | Scenario: scenario_1___nu=8 | n_rep: 185 | KDE model: t-student rot df=3
2026-05-06 06:04:04,517 | INFO | Scenario: scenario_1___nu=8 | n_rep: 186 | KDE model: gaussian rot
2026-05-06 06:04:04,811 | INFO | Scenario: scenario_1___nu=8 | n_rep: 186 | KDE model: t-student rot df=3
2026-05-06 06:04:05,096 | INFO | Scenario: scenario_1___nu=8 | n_rep: 187 | KDE model: gaussian rot
2026-05-06 06:04:05,688 | INFO | Scenario: scenario_1___nu=8 | n_rep: 187 | KDE model: t-student rot df=3
2026-05-06 06:04:06,171 | INFO | Scenario: scenario_1___nu=8 | n_rep: 188 | KDE model: gaussian rot
2026-05-06 06:04:06,379 | INFO | Scenario: scenario_1___nu=8 | n_rep: 188 | KDE model: t-student rot df=3
2026-05-06 06:04:06,561 | INFO | Scenario: scenario_1___nu=8 | n_rep: 189 | KDE model: gaussian rot
2026-05-06 06:04:06,896 | INFO | Scenario: scenario_1___nu=8 | n_rep: 189 | KDE model: t-student rot df=3
2026-05-06 06:04:07,267 | INFO | Scenario: scenario_1___nu=8 | n_rep: 190 | KDE model: gaussian rot
2026-05-06 06:04:07,791 | INFO | Scenario: scenario_1___nu=8 | n_rep: 190 | KDE model: t-student rot df=3
2026-05-06 06:04:08,354 | INFO | Scenario: scenario_1___nu=8 | n_rep: 191 | KDE model: gaussian rot
2026-05-06 06:04:08,974 | INFO | Scenario: scenario_1___nu=8 | n_rep: 191 | KDE model: t-student rot df=3
2026-05-06 06:04:09,601 | INFO | Scenario: scenario_1___nu=8 | n_rep: 192 | KDE model: gaussian rot
2026-05-06 06:04:09,981 | INFO | Scenario: scenario_1___nu=8 | n_rep: 192 | KDE model: t-student rot df=3
2026-05-06 06:04:10,352 | INFO | Scenario: scenario_1___nu=8 | n_rep: 193 | KDE model: gaussian rot
2026-05-06 06:04:10,925 | INFO | Scenario: scenario_1___nu=8 | n_rep: 193 | KDE model: t-student rot df=3
2026-05-06 06:04:11,433 | INFO | Scenario: scenario_1___nu=8 | n_rep: 194 | KDE model: gaussian rot
2026-05-06 06:04:11,675 | INFO | Scenario: scenario_1___nu=8 | n_rep: 194 | KDE model: t-student rot df=3
2026-05-06 06:04:11,908 | INFO | Scenario: scenario_1___nu=8 | n_rep: 195 | KDE model: gaussian rot
2026-05-06 06:04:12,502 | INFO | Scenario: scenario_1___nu=8 | n_rep: 195 | KDE model: t-student rot df=3
2026-05-06 06:04:12,907 | INFO | Scenario: scenario_1___nu=8 | n_rep: 196 | KDE model: gaussian rot
2026-05-06 06:04:13,141 | INFO | Scenario: scenario_1___nu=8 | n_rep: 196 | KDE model: t-student rot df=3
2026-05-06 06:04:13,415 | INFO | Scenario: scenario_1___nu=8 | n_rep: 197 | KDE model: gaussian rot
2026-05-06 06:04:13,655 | INFO | Scenario: scenario_1___nu=8 | n_rep: 197 | KDE model: t-student rot df=3
2026-05-06 06:04:13,867 | INFO | Scenario: scenario_1___nu=8 | n_rep: 198 | KDE model: gaussian rot
2026-05-06 06:04:14,224 | INFO | Scenario: scenario_1___nu=8 | n_rep: 198 | KDE model: t-student rot df=3
2026-05-06 06:04:14,588 | INFO | Scenario: scenario_1___nu=8 | n_rep: 199 | KDE model: gaussian rot
2026-05-06 06:04:15,131 | INFO | Scenario: scenario_1___nu=8 | n_rep: 199 | KDE model: t-student rot df=3
2026-05-06 06:04:15,675 | INFO | Scenario: scenario_1___nu=8 | n_rep: 200 | KDE model: gaussian rot
2026-05-06 06:04:16,306 | INFO | Scenario: scenario_1___nu=8 | n_rep: 200 | KDE model: t-student rot df=3
2026-05-06 06:04:16,915 | INFO | Scenario: scenario_1___nu=8 | n_rep: 201 | KDE model: gaussian rot
2026-05-06 06:04:17,190 | INFO | Scenario: scenario_1___nu=8 | n_rep: 201 | KDE model: t-student rot df=3
2026-05-06 06:04:17,467 | INFO | Scenario: scenario_1___nu=8 | n_rep: 202 | KDE model: gaussian rot
2026-05-06 06:04:17,864 | INFO | Scenario: scenario_1___nu=8 | n_rep: 202 | KDE model: t-student rot df=3
2026-05-06 06:04:18,289 | INFO | Scenario: scenario_1___nu=8 | n_rep: 203 | KDE model: gaussian rot
2026-05-06 06:04:18,731 | INFO | Scenario: scenario_1___nu=8 | n_rep: 203 | KDE model: t-student rot df=3
2026-05-06 06:04:19,161 | INFO | Scenario: scenario_1___nu=8 | n_rep: 204 | KDE model: gaussian rot
2026-05-06 06:04:19,561 | INFO | Scenario: scenario_1___nu=8 | n_rep: 204 | KDE model: t-student rot df=3
2026-05-06 06:04:19,926 | INFO | Scenario: scenario_1___nu=8 | n_rep: 205 | KDE model: gaussian rot
2026-05-06 06:04:20,314 | INFO | Scenario: scenario_1___nu=8 | n_rep: 205 | KDE model: t-student rot df=3
2026-05-06 06:04:20,863 | INFO | Scenario: scenario_1___nu=8 | n_rep: 206 | KDE model: gaussian rot
2026-05-06 06:04:21,220 | INFO | Scenario: scenario_1___nu=8 | n_rep: 206 | KDE model: t-student rot df=3
2026-05-06 06:04:21,543 | INFO | Scenario: scenario_1___nu=8 | n_rep: 207 | KDE model: gaussian rot
2026-05-06 06:04:21,782 | INFO | Scenario: scenario_1___nu=8 | n_rep: 207 | KDE model: t-student rot df=3
2026-05-06 06:04:22,024 | INFO | Scenario: scenario_1___nu=8 | n_rep: 208 | KDE model: gaussian rot
2026-05-06 06:04:22,416 | INFO | Scenario: scenario_1___nu=8 | n_rep: 208 | KDE model: t-student rot df=3
2026-05-06 06:04:22,721 | INFO | Scenario: scenario_1___nu=8 | n_rep: 209 | KDE model: gaussian rot
2026-05-06 06:04:22,984 | INFO | Scenario: scenario_1___nu=8 | n_rep: 209 | KDE model: t-student rot df=3
2026-05-06 06:04:23,214 | INFO | Scenario: scenario_1___nu=8 | n_rep: 210 | KDE model: gaussian rot
2026-05-06 06:04:23,914 | INFO | Scenario: scenario_1___nu=8 | n_rep: 210 | KDE model: t-student rot df=3
2026-05-06 06:04:24,568 | INFO | Scenario: scenario_1___nu=8 | n_rep: 211 | KDE model: gaussian rot
2026-05-06 06:04:25,298 | INFO | Scenario: scenario_1___nu=8 | n_rep: 211 | KDE model: t-student rot df=3
2026-05-06 06:04:25,982 | INFO | Scenario: scenario_1___nu=8 | n_rep: 212 | KDE model: gaussian rot
2026-05-06 06:04:26,549 | INFO | Scenario: scenario_1___nu=8 | n_rep: 212 | KDE model: t-student rot df=3
2026-05-06 06:04:27,091 | INFO | Scenario: scenario_1___nu=8 | n_rep: 213 | KDE model: gaussian rot
2026-05-06 06:04:27,554 | INFO | Scenario: scenario_1___nu=8 | n_rep: 213 | KDE model: t-student rot df=3
2026-05-06 06:04:28,012 | INFO | Scenario: scenario_1___nu=8 | n_rep: 214 | KDE model: gaussian rot
2026-05-06 06:04:28,623 | INFO | Scenario: scenario_1___nu=8 | n_rep: 214 | KDE model: t-student rot df=3
2026-05-06 06:04:29,135 | INFO | Scenario: scenario_1___nu=8 | n_rep: 215 | KDE model: gaussian rot
2026-05-06 06:04:29,287 | INFO | Scenario: scenario_1___nu=8 | n_rep: 215 | KDE model: t-student rot df=3
2026-05-06 06:04:29,451 | INFO | Scenario: scenario_1___nu=8 | n_rep: 216 | KDE model: gaussian rot
2026-05-06 06:04:30,077 | INFO | Scenario: scenario_1___nu=8 | n_rep: 216 | KDE model: t-student rot df=3
2026-05-06 06:04:30,660 | INFO | Scenario: scenario_1___nu=8 | n_rep: 217 | KDE model: gaussian rot
2026-05-06 06:04:30,873 | INFO | Scenario: scenario_1___nu=8 | n_rep: 217 | KDE model: t-student rot df=3
2026-05-06 06:04:31,080 | INFO | Scenario: scenario_1___nu=8 | n_rep: 218 | KDE model: gaussian rot
2026-05-06 06:04:31,317 | INFO | Scenario: scenario_1___nu=8 | n_rep: 218 | KDE model: t-student rot df=3
2026-05-06 06:04:31,546 | INFO | Scenario: scenario_1___nu=8 | n_rep: 219 | KDE model: gaussian rot
2026-05-06 06:04:31,983 | INFO | Scenario: scenario_1___nu=8 | n_rep: 219 | KDE model: t-student rot df=3
2026-05-06 06:04:32,376 | INFO | Scenario: scenario_1___nu=8 | n_rep: 220 | KDE model: gaussian rot
2026-05-06 06:04:32,892 | INFO | Scenario: scenario_1___nu=8 | n_rep: 220 | KDE model: t-student rot df=3
2026-05-06 06:04:33,415 | INFO | Scenario: scenario_1___nu=8 | n_rep: 221 | KDE model: gaussian rot
2026-05-06 06:04:33,630 | INFO | Scenario: scenario_1___nu=8 | n_rep: 221 | KDE model: t-student rot df=3
2026-05-06 06:04:33,830 | INFO | Scenario: scenario_1___nu=8 | n_rep: 222 | KDE model: gaussian rot
2026-05-06 06:04:34,193 | INFO | Scenario: scenario_1___nu=8 | n_rep: 222 | KDE model: t-student rot df=3
2026-05-06 06:04:34,544 | INFO | Scenario: scenario_1___nu=8 | n_rep: 223 | KDE model: gaussian rot
2026-05-06 06:04:34,713 | INFO | Scenario: scenario_1___nu=8 | n_rep: 223 | KDE model: t-student rot df=3
2026-05-06 06:04:34,881 | INFO | Scenario: scenario_1___nu=8 | n_rep: 224 | KDE model: gaussian rot
2026-05-06 06:04:35,062 | INFO | Scenario: scenario_1___nu=8 | n_rep: 224 | KDE model: t-student rot df=3
2026-05-06 06:04:35,278 | INFO | Scenario: scenario_1___nu=8 | n_rep: 225 | KDE model: gaussian rot
2026-05-06 06:04:35,729 | INFO | Scenario: scenario_1___nu=8 | n_rep: 225 | KDE model: t-student rot df=3
2026-05-06 06:04:36,151 | INFO | Scenario: scenario_1___nu=8 | n_rep: 226 | KDE model: gaussian rot
2026-05-06 06:04:36,377 | INFO | Scenario: scenario_1___nu=8 | n_rep: 226 | KDE model: t-student rot df=3
2026-05-06 06:04:36,580 | INFO | Scenario: scenario_1___nu=8 | n_rep: 227 | KDE model: gaussian rot
2026-05-06 06:04:36,833 | INFO | Scenario: scenario_1___nu=8 | n_rep: 227 | KDE model: t-student rot df=3
2026-05-06 06:04:37,029 | INFO | Scenario: scenario_1___nu=8 | n_rep: 228 | KDE model: gaussian rot
2026-05-06 06:04:37,407 | INFO | Scenario: scenario_1___nu=8 | n_rep: 228 | KDE model: t-student rot df=3
2026-05-06 06:04:37,758 | INFO | Scenario: scenario_1___nu=8 | n_rep: 229 | KDE model: gaussian rot
2026-05-06 06:04:37,967 | INFO | Scenario: scenario_1___nu=8 | n_rep: 229 | KDE model: t-student rot df=3
2026-05-06 06:04:38,196 | INFO | Scenario: scenario_1___nu=8 | n_rep: 230 | KDE model: gaussian rot
2026-05-06 06:04:38,635 | INFO | Scenario: scenario_1___nu=8 | n_rep: 230 | KDE model: t-student rot df=3
2026-05-06 06:04:39,221 | INFO | Scenario: scenario_1___nu=8 | n_rep: 231 | KDE model: gaussian rot
2026-05-06 06:04:39,734 | INFO | Scenario: scenario_1___nu=8 | n_rep: 231 | KDE model: t-student rot df=3
2026-05-06 06:04:40,151 | INFO | Scenario: scenario_1___nu=8 | n_rep: 232 | KDE model: gaussian rot
2026-05-06 06:04:40,514 | INFO | Scenario: scenario_1___nu=8 | n_rep: 232 | KDE model: t-student rot df=3
2026-05-06 06:04:40,936 | INFO | Scenario: scenario_1___nu=8 | n_rep: 233 | KDE model: gaussian rot
2026-05-06 06:04:41,325 | INFO | Scenario: scenario_1___nu=8 | n_rep: 233 | KDE model: t-student rot df=3
2026-05-06 06:04:41,726 | INFO | Scenario: scenario_1___nu=8 | n_rep: 234 | KDE model: gaussian rot
2026-05-06 06:04:42,167 | INFO | Scenario: scenario_1___nu=8 | n_rep: 234 | KDE model: t-student rot df=3
2026-05-06 06:04:42,556 | INFO | Scenario: scenario_1___nu=8 | n_rep: 235 | KDE model: gaussian rot
2026-05-06 06:04:42,974 | INFO | Scenario: scenario_1___nu=8 | n_rep: 235 | KDE model: t-student rot df=3
2026-05-06 06:04:43,442 | INFO | Scenario: scenario_1___nu=8 | n_rep: 236 | KDE model: gaussian rot
2026-05-06 06:04:43,859 | INFO | Scenario: scenario_1___nu=8 | n_rep: 236 | KDE model: t-student rot df=3
2026-05-06 06:04:44,222 | INFO | Scenario: scenario_1___nu=8 | n_rep: 237 | KDE model: gaussian rot
2026-05-06 06:04:44,887 | INFO | Scenario: scenario_1___nu=8 | n_rep: 237 | KDE model: t-student rot df=3
2026-05-06 06:04:45,613 | INFO | Scenario: scenario_1___nu=8 | n_rep: 238 | KDE model: gaussian rot
2026-05-06 06:04:45,848 | INFO | Scenario: scenario_1___nu=8 | n_rep: 238 | KDE model: t-student rot df=3
2026-05-06 06:04:46,041 | INFO | Scenario: scenario_1___nu=8 | n_rep: 239 | KDE model: gaussian rot
2026-05-06 06:04:46,285 | INFO | Scenario: scenario_1___nu=8 | n_rep: 239 | KDE model: t-student rot df=3
2026-05-06 06:04:46,533 | INFO | Scenario: scenario_1___nu=8 | n_rep: 240 | KDE model: gaussian rot
2026-05-06 06:04:47,051 | INFO | Scenario: scenario_1___nu=8 | n_rep: 240 | KDE model: t-student rot df=3
2026-05-06 06:04:47,513 | INFO | Scenario: scenario_1___nu=8 | n_rep: 241 | KDE model: gaussian rot
2026-05-06 06:04:48,420 | INFO | Scenario: scenario_1___nu=8 | n_rep: 241 | KDE model: t-student rot df=3
2026-05-06 06:04:49,391 | INFO | Scenario: scenario_1___nu=8 | n_rep: 242 | KDE model: gaussian rot
2026-05-06 06:04:49,762 | INFO | Scenario: scenario_1___nu=8 | n_rep: 242 | KDE model: t-student rot df=3
2026-05-06 06:04:50,088 | INFO | Scenario: scenario_1___nu=8 | n_rep: 243 | KDE model: gaussian rot
2026-05-06 06:04:50,453 | INFO | Scenario: scenario_1___nu=8 | n_rep: 243 | KDE model: t-student rot df=3
2026-05-06 06:04:50,792 | INFO | Scenario: scenario_1___nu=8 | n_rep: 244 | KDE model: gaussian rot
2026-05-06 06:04:51,308 | INFO | Scenario: scenario_1___nu=8 | n_rep: 244 | KDE model: t-student rot df=3
2026-05-06 06:04:51,753 | INFO | Scenario: scenario_1___nu=8 | n_rep: 245 | KDE model: gaussian rot
2026-05-06 06:04:52,184 | INFO | Scenario: scenario_1___nu=8 | n_rep: 245 | KDE model: t-student rot df=3
2026-05-06 06:04:52,668 | INFO | Scenario: scenario_1___nu=8 | n_rep: 246 | KDE model: gaussian rot
2026-05-06 06:04:53,079 | INFO | Scenario: scenario_1___nu=8 | n_rep: 246 | KDE model: t-student rot df=3
2026-05-06 06:04:53,512 | INFO | Scenario: scenario_1___nu=8 | n_rep: 247 | KDE model: gaussian rot
2026-05-06 06:04:53,943 | INFO | Scenario: scenario_1___nu=8 | n_rep: 247 | KDE model: t-student rot df=3
2026-05-06 06:04:54,369 | INFO | Scenario: scenario_1___nu=8 | n_rep: 248 | KDE model: gaussian rot
2026-05-06 06:04:54,975 | INFO | Scenario: scenario_1___nu=8 | n_rep: 248 | KDE model: t-student rot df=3
2026-05-06 06:04:55,619 | INFO | Scenario: scenario_1___nu=8 | n_rep: 249 | KDE model: gaussian rot
2026-05-06 06:04:56,232 | INFO | Scenario: scenario_1___nu=8 | n_rep: 249 | KDE model: t-student rot df=3
2026-05-06 06:04:56,829 | INFO | Scenario: scenario_1___nu=8 | n_rep: 250 | KDE model: gaussian rot
2026-05-06 06:04:57,152 | INFO | Scenario: scenario_1___nu=8 | n_rep: 250 | KDE model: t-student rot df=3
2026-05-06 06:04:57,460 | INFO | Scenario: scenario_1___nu=8 | n_rep: 251 | KDE model: gaussian rot
2026-05-06 06:04:57,787 | INFO | Scenario: scenario_1___nu=8 | n_rep: 251 | KDE model: t-student rot df=3
2026-05-06 06:04:58,213 | INFO | Scenario: scenario_1___nu=8 | n_rep: 252 | KDE model: gaussian rot
2026-05-06 06:04:58,791 | INFO | Scenario: scenario_1___nu=8 | n_rep: 252 | KDE model: t-student rot df=3
2026-05-06 06:04:59,410 | INFO | Scenario: scenario_1___nu=8 | n_rep: 253 | KDE model: gaussian rot
2026-05-06 06:04:59,656 | INFO | Scenario: scenario_1___nu=8 | n_rep: 253 | KDE model: t-student rot df=3
2026-05-06 06:04:59,896 | INFO | Scenario: scenario_1___nu=8 | n_rep: 254 | KDE model: gaussian rot
2026-05-06 06:05:00,302 | INFO | Scenario: scenario_1___nu=8 | n_rep: 254 | KDE model: t-student rot df=3
2026-05-06 06:05:00,666 | INFO | Scenario: scenario_1___nu=8 | n_rep: 255 | KDE model: gaussian rot
2026-05-06 06:05:01,115 | INFO | Scenario: scenario_1___nu=8 | n_rep: 255 | KDE model: t-student rot df=3
2026-05-06 06:05:01,572 | INFO | Scenario: scenario_1___nu=8 | n_rep: 256 | KDE model: gaussian rot
2026-05-06 06:05:02,202 | INFO | Scenario: scenario_1___nu=8 | n_rep: 256 | KDE model: t-student rot df=3
2026-05-06 06:05:02,832 | INFO | Scenario: scenario_1___nu=8 | n_rep: 257 | KDE model: gaussian rot
2026-05-06 06:05:03,063 | INFO | Scenario: scenario_1___nu=8 | n_rep: 257 | KDE model: t-student rot df=3
2026-05-06 06:05:03,288 | INFO | Scenario: scenario_1___nu=8 | n_rep: 258 | KDE model: gaussian rot
2026-05-06 06:05:03,716 | INFO | Scenario: scenario_1___nu=8 | n_rep: 258 | KDE model: t-student rot df=3
2026-05-06 06:05:04,143 | INFO | Scenario: scenario_1___nu=8 | n_rep: 259 | KDE model: gaussian rot
2026-05-06 06:05:04,586 | INFO | Scenario: scenario_1___nu=8 | n_rep: 259 | KDE model: t-student rot df=3
2026-05-06 06:05:04,790 | INFO | Scenario: scenario_1___nu=8 | n_rep: 260 | KDE model: gaussian rot
2026-05-06 06:05:05,220 | INFO | Scenario: scenario_1___nu=8 | n_rep: 260 | KDE model: t-student rot df=3
2026-05-06 06:05:05,651 | INFO | Scenario: scenario_1___nu=8 | n_rep: 261 | KDE model: gaussian rot
2026-05-06 06:05:06,079 | INFO | Scenario: scenario_1___nu=8 | n_rep: 261 | KDE model: t-student rot df=3
2026-05-06 06:05:06,450 | INFO | Scenario: scenario_1___nu=8 | n_rep: 262 | KDE model: gaussian rot
2026-05-06 06:05:06,847 | INFO | Scenario: scenario_1___nu=8 | n_rep: 262 | KDE model: t-student rot df=3
2026-05-06 06:05:07,235 | INFO | Scenario: scenario_1___nu=8 | n_rep: 263 | KDE model: gaussian rot
2026-05-06 06:05:07,662 | INFO | Scenario: scenario_1___nu=8 | n_rep: 263 | KDE model: t-student rot df=3
2026-05-06 06:05:08,104 | INFO | Scenario: scenario_1___nu=8 | n_rep: 264 | KDE model: gaussian rot
2026-05-06 06:05:08,833 | INFO | Scenario: scenario_1___nu=8 | n_rep: 264 | KDE model: t-student rot df=3
2026-05-06 06:05:09,577 | INFO | Scenario: scenario_1___nu=8 | n_rep: 265 | KDE model: gaussian rot
2026-05-06 06:05:10,050 | INFO | Scenario: scenario_1___nu=8 | n_rep: 265 | KDE model: t-student rot df=3
2026-05-06 06:05:10,518 | INFO | Scenario: scenario_1___nu=8 | n_rep: 266 | KDE model: gaussian rot
2026-05-06 06:05:11,071 | INFO | Scenario: scenario_1___nu=8 | n_rep: 266 | KDE model: t-student rot df=3
2026-05-06 06:05:11,606 | INFO | Scenario: scenario_1___nu=8 | n_rep: 267 | KDE model: gaussian rot
2026-05-06 06:05:12,027 | INFO | Scenario: scenario_1___nu=8 | n_rep: 267 | KDE model: t-student rot df=3
2026-05-06 06:05:12,374 | INFO | Scenario: scenario_1___nu=8 | n_rep: 268 | KDE model: gaussian rot
2026-05-06 06:05:12,731 | INFO | Scenario: scenario_1___nu=8 | n_rep: 268 | KDE model: t-student rot df=3
2026-05-06 06:05:13,068 | INFO | Scenario: scenario_1___nu=8 | n_rep: 269 | KDE model: gaussian rot
2026-05-06 06:05:13,396 | INFO | Scenario: scenario_1___nu=8 | n_rep: 269 | KDE model: t-student rot df=3
2026-05-06 06:05:13,706 | INFO | Scenario: scenario_1___nu=8 | n_rep: 270 | KDE model: gaussian rot
2026-05-06 06:05:14,332 | INFO | Scenario: scenario_1___nu=8 | n_rep: 270 | KDE model: t-student rot df=3
2026-05-06 06:05:14,906 | INFO | Scenario: scenario_1___nu=8 | n_rep: 271 | KDE model: gaussian rot
2026-05-06 06:05:15,346 | INFO | Scenario: scenario_1___nu=8 | n_rep: 271 | KDE model: t-student rot df=3
2026-05-06 06:05:15,595 | INFO | Scenario: scenario_1___nu=8 | n_rep: 272 | KDE model: gaussian rot
2026-05-06 06:05:15,807 | INFO | Scenario: scenario_1___nu=8 | n_rep: 272 | KDE model: t-student rot df=3
2026-05-06 06:05:16,048 | INFO | Scenario: scenario_1___nu=8 | n_rep: 273 | KDE model: gaussian rot
2026-05-06 06:05:16,589 | INFO | Scenario: scenario_1___nu=8 | n_rep: 273 | KDE model: t-student rot df=3
2026-05-06 06:05:17,172 | INFO | Scenario: scenario_1___nu=8 | n_rep: 274 | KDE model: gaussian rot
2026-05-06 06:05:17,414 | INFO | Scenario: scenario_1___nu=8 | n_rep: 274 | KDE model: t-student rot df=3
2026-05-06 06:05:17,639 | INFO | Scenario: scenario_1___nu=8 | n_rep: 275 | KDE model: gaussian rot
2026-05-06 06:05:18,256 | INFO | Scenario: scenario_1___nu=8 | n_rep: 275 | KDE model: t-student rot df=3
2026-05-06 06:05:18,820 | INFO | Scenario: scenario_1___nu=8 | n_rep: 276 | KDE model: gaussian rot
2026-05-06 06:05:19,378 | INFO | Scenario: scenario_1___nu=8 | n_rep: 276 | KDE model: t-student rot df=3
2026-05-06 06:05:20,056 | INFO | Scenario: scenario_1___nu=8 | n_rep: 277 | KDE model: gaussian rot
2026-05-06 06:05:20,652 | INFO | Scenario: scenario_1___nu=8 | n_rep: 277 | KDE model: t-student rot df=3
2026-05-06 06:05:21,212 | INFO | Scenario: scenario_1___nu=8 | n_rep: 278 | KDE model: gaussian rot
2026-05-06 06:05:21,574 | INFO | Scenario: scenario_1___nu=8 | n_rep: 278 | KDE model: t-student rot df=3
2026-05-06 06:05:21,989 | INFO | Scenario: scenario_1___nu=8 | n_rep: 279 | KDE model: gaussian rot
2026-05-06 06:05:22,566 | INFO | Scenario: scenario_1___nu=8 | n_rep: 279 | KDE model: t-student rot df=3
2026-05-06 06:05:23,107 | INFO | Scenario: scenario_1___nu=8 | n_rep: 280 | KDE model: gaussian rot
2026-05-06 06:05:23,468 | INFO | Scenario: scenario_1___nu=8 | n_rep: 280 | KDE model: t-student rot df=3
2026-05-06 06:05:23,858 | INFO | Scenario: scenario_1___nu=8 | n_rep: 281 | KDE model: gaussian rot
2026-05-06 06:05:24,298 | INFO | Scenario: scenario_1___nu=8 | n_rep: 281 | KDE model: t-student rot df=3
2026-05-06 06:05:25,011 | INFO | Scenario: scenario_1___nu=8 | n_rep: 282 | KDE model: gaussian rot
2026-05-06 06:05:25,478 | INFO | Scenario: scenario_1___nu=8 | n_rep: 282 | KDE model: t-student rot df=3
2026-05-06 06:05:25,896 | INFO | Scenario: scenario_1___nu=8 | n_rep: 283 | KDE model: gaussian rot
2026-05-06 06:05:26,303 | INFO | Scenario: scenario_1___nu=8 | n_rep: 283 | KDE model: t-student rot df=3
2026-05-06 06:05:26,689 | INFO | Scenario: scenario_1___nu=8 | n_rep: 284 | KDE model: gaussian rot
2026-05-06 06:05:27,079 | INFO | Scenario: scenario_1___nu=8 | n_rep: 284 | KDE model: t-student rot df=3
2026-05-06 06:05:27,489 | INFO | Scenario: scenario_1___nu=8 | n_rep: 285 | KDE model: gaussian rot
2026-05-06 06:05:27,895 | INFO | Scenario: scenario_1___nu=8 | n_rep: 285 | KDE model: t-student rot df=3
2026-05-06 06:05:28,298 | INFO | Scenario: scenario_1___nu=8 | n_rep: 286 | KDE model: gaussian rot
2026-05-06 06:05:28,674 | INFO | Scenario: scenario_1___nu=8 | n_rep: 286 | KDE model: t-student rot df=3
2026-05-06 06:05:29,099 | INFO | Scenario: scenario_1___nu=8 | n_rep: 287 | KDE model: gaussian rot
2026-05-06 06:05:29,591 | INFO | Scenario: scenario_1___nu=8 | n_rep: 287 | KDE model: t-student rot df=3
2026-05-06 06:05:30,027 | INFO | Scenario: scenario_1___nu=8 | n_rep: 288 | KDE model: gaussian rot
2026-05-06 06:05:31,250 | INFO | Scenario: scenario_1___nu=8 | n_rep: 288 | KDE model: t-student rot df=3
2026-05-06 06:05:32,471 | INFO | Scenario: scenario_1___nu=8 | n_rep: 289 | KDE model: gaussian rot
2026-05-06 06:05:32,887 | INFO | Scenario: scenario_1___nu=8 | n_rep: 289 | KDE model: t-student rot df=3
2026-05-06 06:05:33,282 | INFO | Scenario: scenario_1___nu=8 | n_rep: 290 | KDE model: gaussian rot
2026-05-06 06:05:33,743 | INFO | Scenario: scenario_1___nu=8 | n_rep: 290 | KDE model: t-student rot df=3
2026-05-06 06:05:34,235 | INFO | Scenario: scenario_1___nu=8 | n_rep: 291 | KDE model: gaussian rot
2026-05-06 06:05:34,441 | INFO | Scenario: scenario_1___nu=8 | n_rep: 291 | KDE model: t-student rot df=3
2026-05-06 06:05:34,632 | INFO | Scenario: scenario_1___nu=8 | n_rep: 292 | KDE model: gaussian rot
2026-05-06 06:05:35,190 | INFO | Scenario: scenario_1___nu=8 | n_rep: 292 | KDE model: t-student rot df=3
2026-05-06 06:05:35,637 | INFO | Scenario: scenario_1___nu=8 | n_rep: 293 | KDE model: gaussian rot
2026-05-06 06:05:36,057 | INFO | Scenario: scenario_1___nu=8 | n_rep: 293 | KDE model: t-student rot df=3
2026-05-06 06:05:36,451 | INFO | Scenario: scenario_1___nu=8 | n_rep: 294 | KDE model: gaussian rot
2026-05-06 06:05:36,978 | INFO | Scenario: scenario_1___nu=8 | n_rep: 294 | KDE model: t-student rot df=3
2026-05-06 06:05:37,486 | INFO | Scenario: scenario_1___nu=8 | n_rep: 295 | KDE model: gaussian rot
2026-05-06 06:05:37,895 | INFO | Scenario: scenario_1___nu=8 | n_rep: 295 | KDE model: t-student rot df=3
2026-05-06 06:05:38,292 | INFO | Scenario: scenario_1___nu=8 | n_rep: 296 | KDE model: gaussian rot
2026-05-06 06:05:38,498 | INFO | Scenario: scenario_1___nu=8 | n_rep: 296 | KDE model: t-student rot df=3
2026-05-06 06:05:38,670 | INFO | Scenario: scenario_1___nu=8 | n_rep: 297 | KDE model: gaussian rot
2026-05-06 06:05:39,298 | INFO | Scenario: scenario_1___nu=8 | n_rep: 297 | KDE model: t-student rot df=3
2026-05-06 06:05:39,908 | INFO | Scenario: scenario_1___nu=8 | n_rep: 298 | KDE model: gaussian rot
2026-05-06 06:05:40,227 | INFO | Scenario: scenario_1___nu=8 | n_rep: 298 | KDE model: t-student rot df=3
2026-05-06 06:05:40,547 | INFO | Scenario: scenario_1___nu=8 | n_rep: 299 | KDE model: gaussian rot
2026-05-06 06:05:40,900 | INFO | Scenario: scenario_1___nu=8 | n_rep: 299 | KDE model: t-student rot df=3
2026-05-06 06:05:41,282 | INFO | Scenario: scenario_1___nu=8 | n_rep: 300 | KDE model: gaussian rot
2026-05-06 06:05:41,939 | INFO | Scenario: scenario_1___nu=8 | n_rep: 300 | KDE model: t-student rot df=3
2026-05-06 06:05:42,623 | INFO | Scenario: scenario_1___nu=8 | n_rep: 301 | KDE model: gaussian rot
2026-05-06 06:05:43,337 | INFO | Scenario: scenario_1___nu=8 | n_rep: 301 | KDE model: t-student rot df=3
2026-05-06 06:05:44,103 | INFO | Scenario: scenario_1___nu=8 | n_rep: 302 | KDE model: gaussian rot
2026-05-06 06:05:44,648 | INFO | Scenario: scenario_1___nu=8 | n_rep: 302 | KDE model: t-student rot df=3
2026-05-06 06:05:45,191 | INFO | Scenario: scenario_1___nu=8 | n_rep: 303 | KDE model: gaussian rot
2026-05-06 06:05:45,794 | INFO | Scenario: scenario_1___nu=8 | n_rep: 303 | KDE model: t-student rot df=3
2026-05-06 06:05:46,367 | INFO | Scenario: scenario_1___nu=8 | n_rep: 304 | KDE model: gaussian rot
2026-05-06 06:05:46,851 | INFO | Scenario: scenario_1___nu=8 | n_rep: 304 | KDE model: t-student rot df=3
2026-05-06 06:05:47,375 | INFO | Scenario: scenario_1___nu=8 | n_rep: 305 | KDE model: gaussian rot
2026-05-06 06:05:47,757 | INFO | Scenario: scenario_1___nu=8 | n_rep: 305 | KDE model: t-student rot df=3
2026-05-06 06:05:48,201 | INFO | Scenario: scenario_1___nu=8 | n_rep: 306 | KDE model: gaussian rot
2026-05-06 06:05:48,672 | INFO | Scenario: scenario_1___nu=8 | n_rep: 306 | KDE model: t-student rot df=3
2026-05-06 06:05:49,303 | INFO | Scenario: scenario_1___nu=8 | n_rep: 307 | KDE model: gaussian rot
2026-05-06 06:05:49,802 | INFO | Scenario: scenario_1___nu=8 | n_rep: 307 | KDE model: t-student rot df=3
2026-05-06 06:05:50,323 | INFO | Scenario: scenario_1___nu=8 | n_rep: 308 | KDE model: gaussian rot
2026-05-06 06:05:50,743 | INFO | Scenario: scenario_1___nu=8 | n_rep: 308 | KDE model: t-student rot df=3
2026-05-06 06:05:51,158 | INFO | Scenario: scenario_1___nu=8 | n_rep: 309 | KDE model: gaussian rot
2026-05-06 06:05:51,575 | INFO | Scenario: scenario_1___nu=8 | n_rep: 309 | KDE model: t-student rot df=3
2026-05-06 06:05:51,952 | INFO | Scenario: scenario_1___nu=8 | n_rep: 310 | KDE model: gaussian rot
2026-05-06 06:05:52,187 | INFO | Scenario: scenario_1___nu=8 | n_rep: 310 | KDE model: t-student rot df=3
2026-05-06 06:05:52,383 | INFO | Scenario: scenario_1___nu=8 | n_rep: 311 | KDE model: gaussian rot
2026-05-06 06:05:52,608 | INFO | Scenario: scenario_1___nu=8 | n_rep: 311 | KDE model: t-student rot df=3
2026-05-06 06:05:52,801 | INFO | Scenario: scenario_1___nu=8 | n_rep: 312 | KDE model: gaussian rot
2026-05-06 06:05:52,937 | INFO | Scenario: scenario_1___nu=8 | n_rep: 312 | KDE model: t-student rot df=3
2026-05-06 06:05:53,084 | INFO | Scenario: scenario_1___nu=8 | n_rep: 313 | KDE model: gaussian rot
2026-05-06 06:05:53,277 | INFO | Scenario: scenario_1___nu=8 | n_rep: 313 | KDE model: t-student rot df=3
2026-05-06 06:05:53,461 | INFO | Scenario: scenario_1___nu=8 | n_rep: 314 | KDE model: gaussian rot
2026-05-06 06:05:54,006 | INFO | Scenario: scenario_1___nu=8 | n_rep: 314 | KDE model: t-student rot df=3
2026-05-06 06:05:54,547 | INFO | Scenario: scenario_1___nu=8 | n_rep: 315 | KDE model: gaussian rot
2026-05-06 06:05:54,799 | INFO | Scenario: scenario_1___nu=8 | n_rep: 315 | KDE model: t-student rot df=3
2026-05-06 06:05:55,033 | INFO | Scenario: scenario_1___nu=8 | n_rep: 316 | KDE model: gaussian rot
2026-05-06 06:05:55,262 | INFO | Scenario: scenario_1___nu=8 | n_rep: 316 | KDE model: t-student rot df=3
2026-05-06 06:05:55,456 | INFO | Scenario: scenario_1___nu=8 | n_rep: 317 | KDE model: gaussian rot
2026-05-06 06:05:55,655 | INFO | Scenario: scenario_1___nu=8 | n_rep: 317 | KDE model: t-student rot df=3
2026-05-06 06:05:55,867 | INFO | Scenario: scenario_1___nu=8 | n_rep: 318 | KDE model: gaussian rot
2026-05-06 06:05:56,530 | INFO | Scenario: scenario_1___nu=8 | n_rep: 318 | KDE model: t-student rot df=3
2026-05-06 06:05:57,136 | INFO | Scenario: scenario_1___nu=8 | n_rep: 319 | KDE model: gaussian rot
2026-05-06 06:05:57,517 | INFO | Scenario: scenario_1___nu=8 | n_rep: 319 | KDE model: t-student rot df=3
2026-05-06 06:05:57,885 | INFO | Scenario: scenario_1___nu=8 | n_rep: 320 | KDE model: gaussian rot
2026-05-06 06:05:58,271 | INFO | Scenario: scenario_1___nu=8 | n_rep: 320 | KDE model: t-student rot df=3
2026-05-06 06:05:58,619 | INFO | Scenario: scenario_1___nu=8 | n_rep: 321 | KDE model: gaussian rot
2026-05-06 06:05:59,073 | INFO | Scenario: scenario_1___nu=8 | n_rep: 321 | KDE model: t-student rot df=3
2026-05-06 06:05:59,490 | INFO | Scenario: scenario_1___nu=8 | n_rep: 322 | KDE model: gaussian rot
2026-05-06 06:05:59,849 | INFO | Scenario: scenario_1___nu=8 | n_rep: 322 | KDE model: t-student rot df=3
2026-05-06 06:06:00,194 | INFO | Scenario: scenario_1___nu=8 | n_rep: 323 | KDE model: gaussian rot
2026-05-06 06:06:00,591 | INFO | Scenario: scenario_1___nu=8 | n_rep: 323 | KDE model: t-student rot df=3
2026-05-06 06:06:00,991 | INFO | Scenario: scenario_1___nu=8 | n_rep: 324 | KDE model: gaussian rot
2026-05-06 06:06:01,354 | INFO | Scenario: scenario_1___nu=8 | n_rep: 324 | KDE model: t-student rot df=3
2026-05-06 06:06:01,752 | INFO | Scenario: scenario_1___nu=8 | n_rep: 325 | KDE model: gaussian rot
2026-05-06 06:06:02,333 | INFO | Scenario: scenario_1___nu=8 | n_rep: 325 | KDE model: t-student rot df=3
2026-05-06 06:06:02,885 | INFO | Scenario: scenario_1___nu=8 | n_rep: 326 | KDE model: gaussian rot
2026-05-06 06:06:03,135 | INFO | Scenario: scenario_1___nu=8 | n_rep: 326 | KDE model: t-student rot df=3
2026-05-06 06:06:03,386 | INFO | Scenario: scenario_1___nu=8 | n_rep: 327 | KDE model: gaussian rot
2026-05-06 06:06:03,612 | INFO | Scenario: scenario_1___nu=8 | n_rep: 327 | KDE model: t-student rot df=3
2026-05-06 06:06:03,805 | INFO | Scenario: scenario_1___nu=8 | n_rep: 328 | KDE model: gaussian rot
2026-05-06 06:06:04,229 | INFO | Scenario: scenario_1___nu=8 | n_rep: 328 | KDE model: t-student rot df=3
2026-05-06 06:06:04,575 | INFO | Scenario: scenario_1___nu=8 | n_rep: 329 | KDE model: gaussian rot
2026-05-06 06:06:04,929 | INFO | Scenario: scenario_1___nu=8 | n_rep: 329 | KDE model: t-student rot df=3
2026-05-06 06:06:05,265 | INFO | Scenario: scenario_1___nu=8 | n_rep: 330 | KDE model: gaussian rot
2026-05-06 06:06:05,667 | INFO | Scenario: scenario_1___nu=8 | n_rep: 330 | KDE model: t-student rot df=3
2026-05-06 06:06:06,008 | INFO | Scenario: scenario_1___nu=8 | n_rep: 331 | KDE model: gaussian rot
2026-05-06 06:06:06,712 | INFO | Scenario: scenario_1___nu=8 | n_rep: 331 | KDE model: t-student rot df=3
2026-05-06 06:06:07,451 | INFO | Scenario: scenario_1___nu=8 | n_rep: 332 | KDE model: gaussian rot
2026-05-06 06:06:07,988 | INFO | Scenario: scenario_1___nu=8 | n_rep: 332 | KDE model: t-student rot df=3
2026-05-06 06:06:08,426 | INFO | Scenario: scenario_1___nu=8 | n_rep: 333 | KDE model: gaussian rot
2026-05-06 06:06:09,142 | INFO | Scenario: scenario_1___nu=8 | n_rep: 333 | KDE model: t-student rot df=3
2026-05-06 06:06:09,809 | INFO | Scenario: scenario_1___nu=8 | n_rep: 334 | KDE model: gaussian rot
2026-05-06 06:06:10,210 | INFO | Scenario: scenario_1___nu=8 | n_rep: 334 | KDE model: t-student rot df=3
2026-05-06 06:06:10,639 | INFO | Scenario: scenario_1___nu=8 | n_rep: 335 | KDE model: gaussian rot
2026-05-06 06:06:10,987 | INFO | Scenario: scenario_1___nu=8 | n_rep: 335 | KDE model: t-student rot df=3
2026-05-06 06:06:11,317 | INFO | Scenario: scenario_1___nu=8 | n_rep: 336 | KDE model: gaussian rot
2026-05-06 06:06:11,700 | INFO | Scenario: scenario_1___nu=8 | n_rep: 336 | KDE model: t-student rot df=3
2026-05-06 06:06:12,165 | INFO | Scenario: scenario_1___nu=8 | n_rep: 337 | KDE model: gaussian rot
2026-05-06 06:06:12,613 | INFO | Scenario: scenario_1___nu=8 | n_rep: 337 | KDE model: t-student rot df=3
2026-05-06 06:06:13,089 | INFO | Scenario: scenario_1___nu=8 | n_rep: 338 | KDE model: gaussian rot
2026-05-06 06:06:13,332 | INFO | Scenario: scenario_1___nu=8 | n_rep: 338 | KDE model: t-student rot df=3
2026-05-06 06:06:13,549 | INFO | Scenario: scenario_1___nu=8 | n_rep: 339 | KDE model: gaussian rot
2026-05-06 06:06:14,102 | INFO | Scenario: scenario_1___nu=8 | n_rep: 339 | KDE model: t-student rot df=3
2026-05-06 06:06:14,613 | INFO | Scenario: scenario_1___nu=8 | n_rep: 340 | KDE model: gaussian rot
2026-05-06 06:06:15,213 | INFO | Scenario: scenario_1___nu=8 | n_rep: 340 | KDE model: t-student rot df=3
2026-05-06 06:06:15,765 | INFO | Scenario: scenario_1___nu=8 | n_rep: 341 | KDE model: gaussian rot
2026-05-06 06:06:16,147 | INFO | Scenario: scenario_1___nu=8 | n_rep: 341 | KDE model: t-student rot df=3
2026-05-06 06:06:16,544 | INFO | Scenario: scenario_1___nu=8 | n_rep: 342 | KDE model: gaussian rot
2026-05-06 06:06:17,038 | INFO | Scenario: scenario_1___nu=8 | n_rep: 342 | KDE model: t-student rot df=3
2026-05-06 06:06:17,460 | INFO | Scenario: scenario_1___nu=8 | n_rep: 343 | KDE model: gaussian rot
2026-05-06 06:06:17,941 | INFO | Scenario: scenario_1___nu=8 | n_rep: 343 | KDE model: t-student rot df=3
2026-05-06 06:06:18,426 | INFO | Scenario: scenario_1___nu=8 | n_rep: 344 | KDE model: gaussian rot
2026-05-06 06:06:18,794 | INFO | Scenario: scenario_1___nu=8 | n_rep: 344 | KDE model: t-student rot df=3
2026-05-06 06:06:19,147 | INFO | Scenario: scenario_1___nu=8 | n_rep: 345 | KDE model: gaussian rot
2026-05-06 06:06:19,337 | INFO | Scenario: scenario_1___nu=8 | n_rep: 345 | KDE model: t-student rot df=3
2026-05-06 06:06:19,517 | INFO | Scenario: scenario_1___nu=8 | n_rep: 346 | KDE model: gaussian rot
2026-05-06 06:06:19,842 | INFO | Scenario: scenario_1___nu=8 | n_rep: 346 | KDE model: t-student rot df=3
2026-05-06 06:06:20,166 | INFO | Scenario: scenario_1___nu=8 | n_rep: 347 | KDE model: gaussian rot
2026-05-06 06:06:20,629 | INFO | Scenario: scenario_1___nu=8 | n_rep: 347 | KDE model: t-student rot df=3
2026-05-06 06:06:21,105 | INFO | Scenario: scenario_1___nu=8 | n_rep: 348 | KDE model: gaussian rot
2026-05-06 06:06:21,340 | INFO | Scenario: scenario_1___nu=8 | n_rep: 348 | KDE model: t-student rot df=3
2026-05-06 06:06:21,548 | INFO | Scenario: scenario_1___nu=8 | n_rep: 349 | KDE model: gaussian rot
2026-05-06 06:06:21,955 | INFO | Scenario: scenario_1___nu=8 | n_rep: 349 | KDE model: t-student rot df=3
2026-05-06 06:06:22,346 | INFO | Scenario: scenario_1___nu=8 | n_rep: 350 | KDE model: gaussian rot
2026-05-06 06:06:22,899 | INFO | Scenario: scenario_1___nu=8 | n_rep: 350 | KDE model: t-student rot df=3
2026-05-06 06:06:23,438 | INFO | Scenario: scenario_1___nu=8 | n_rep: 351 | KDE model: gaussian rot
2026-05-06 06:06:23,991 | INFO | Scenario: scenario_1___nu=8 | n_rep: 351 | KDE model: t-student rot df=3
2026-05-06 06:06:24,612 | INFO | Scenario: scenario_1___nu=8 | n_rep: 352 | KDE model: gaussian rot
2026-05-06 06:06:24,951 | INFO | Scenario: scenario_1___nu=8 | n_rep: 352 | KDE model: t-student rot df=3
2026-05-06 06:06:25,291 | INFO | Scenario: scenario_1___nu=8 | n_rep: 353 | KDE model: gaussian rot
2026-05-06 06:06:25,725 | INFO | Scenario: scenario_1___nu=8 | n_rep: 353 | KDE model: t-student rot df=3
2026-05-06 06:06:26,185 | INFO | Scenario: scenario_1___nu=8 | n_rep: 354 | KDE model: gaussian rot
2026-05-06 06:06:26,642 | INFO | Scenario: scenario_1___nu=8 | n_rep: 354 | KDE model: t-student rot df=3
2026-05-06 06:06:26,976 | INFO | Scenario: scenario_1___nu=8 | n_rep: 355 | KDE model: gaussian rot
2026-05-06 06:06:27,378 | INFO | Scenario: scenario_1___nu=8 | n_rep: 355 | KDE model: t-student rot df=3
2026-05-06 06:06:27,804 | INFO | Scenario: scenario_1___nu=8 | n_rep: 356 | KDE model: gaussian rot
2026-05-06 06:06:28,211 | INFO | Scenario: scenario_1___nu=8 | n_rep: 356 | KDE model: t-student rot df=3
2026-05-06 06:06:28,625 | INFO | Scenario: scenario_1___nu=8 | n_rep: 357 | KDE model: gaussian rot
2026-05-06 06:06:28,841 | INFO | Scenario: scenario_1___nu=8 | n_rep: 357 | KDE model: t-student rot df=3
2026-05-06 06:06:29,041 | INFO | Scenario: scenario_1___nu=8 | n_rep: 358 | KDE model: gaussian rot
2026-05-06 06:06:29,652 | INFO | Scenario: scenario_1___nu=8 | n_rep: 358 | KDE model: t-student rot df=3
2026-05-06 06:06:30,194 | INFO | Scenario: scenario_1___nu=8 | n_rep: 359 | KDE model: gaussian rot
2026-05-06 06:06:30,387 | INFO | Scenario: scenario_1___nu=8 | n_rep: 359 | KDE model: t-student rot df=3
2026-05-06 06:06:30,584 | INFO | Scenario: scenario_1___nu=8 | n_rep: 360 | KDE model: gaussian rot
2026-05-06 06:06:31,073 | INFO | Scenario: scenario_1___nu=8 | n_rep: 360 | KDE model: t-student rot df=3
2026-05-06 06:06:31,507 | INFO | Scenario: scenario_1___nu=8 | n_rep: 361 | KDE model: gaussian rot
2026-05-06 06:06:31,762 | INFO | Scenario: scenario_1___nu=8 | n_rep: 361 | KDE model: t-student rot df=3
2026-05-06 06:06:32,020 | INFO | Scenario: scenario_1___nu=8 | n_rep: 362 | KDE model: gaussian rot
2026-05-06 06:06:32,383 | INFO | Scenario: scenario_1___nu=8 | n_rep: 362 | KDE model: t-student rot df=3
2026-05-06 06:06:32,748 | INFO | Scenario: scenario_1___nu=8 | n_rep: 363 | KDE model: gaussian rot
2026-05-06 06:06:33,221 | INFO | Scenario: scenario_1___nu=8 | n_rep: 363 | KDE model: t-student rot df=3
2026-05-06 06:06:33,759 | INFO | Scenario: scenario_1___nu=8 | n_rep: 364 | KDE model: gaussian rot
2026-05-06 06:06:34,132 | INFO | Scenario: scenario_1___nu=8 | n_rep: 364 | KDE model: t-student rot df=3
2026-05-06 06:06:34,491 | INFO | Scenario: scenario_1___nu=8 | n_rep: 365 | KDE model: gaussian rot
2026-05-06 06:06:34,835 | INFO | Scenario: scenario_1___nu=8 | n_rep: 365 | KDE model: t-student rot df=3
2026-05-06 06:06:35,191 | INFO | Scenario: scenario_1___nu=8 | n_rep: 366 | KDE model: gaussian rot
2026-05-06 06:06:35,416 | INFO | Scenario: scenario_1___nu=8 | n_rep: 366 | KDE model: t-student rot df=3
2026-05-06 06:06:35,649 | INFO | Scenario: scenario_1___nu=8 | n_rep: 367 | KDE model: gaussian rot
2026-05-06 06:06:36,104 | INFO | Scenario: scenario_1___nu=8 | n_rep: 367 | KDE model: t-student rot df=3
2026-05-06 06:06:36,550 | INFO | Scenario: scenario_1___nu=8 | n_rep: 368 | KDE model: gaussian rot
2026-05-06 06:06:37,000 | INFO | Scenario: scenario_1___nu=8 | n_rep: 368 | KDE model: t-student rot df=3
2026-05-06 06:06:37,488 | INFO | Scenario: scenario_1___nu=8 | n_rep: 369 | KDE model: gaussian rot
2026-05-06 06:06:37,855 | INFO | Scenario: scenario_1___nu=8 | n_rep: 369 | KDE model: t-student rot df=3
2026-05-06 06:06:38,300 | INFO | Scenario: scenario_1___nu=8 | n_rep: 370 | KDE model: gaussian rot
2026-05-06 06:06:38,712 | INFO | Scenario: scenario_1___nu=8 | n_rep: 370 | KDE model: t-student rot df=3
2026-05-06 06:06:39,091 | INFO | Scenario: scenario_1___nu=8 | n_rep: 371 | KDE model: gaussian rot
2026-05-06 06:06:39,555 | INFO | Scenario: scenario_1___nu=8 | n_rep: 371 | KDE model: t-student rot df=3
2026-05-06 06:06:40,026 | INFO | Scenario: scenario_1___nu=8 | n_rep: 372 | KDE model: gaussian rot
2026-05-06 06:06:40,473 | INFO | Scenario: scenario_1___nu=8 | n_rep: 372 | KDE model: t-student rot df=3
2026-05-06 06:06:40,873 | INFO | Scenario: scenario_1___nu=8 | n_rep: 373 | KDE model: gaussian rot
2026-05-06 06:06:41,248 | INFO | Scenario: scenario_1___nu=8 | n_rep: 373 | KDE model: t-student rot df=3
2026-05-06 06:06:41,635 | INFO | Scenario: scenario_1___nu=8 | n_rep: 374 | KDE model: gaussian rot
2026-05-06 06:06:42,104 | INFO | Scenario: scenario_1___nu=8 | n_rep: 374 | KDE model: t-student rot df=3
2026-05-06 06:06:42,725 | INFO | Scenario: scenario_1___nu=8 | n_rep: 375 | KDE model: gaussian rot
2026-05-06 06:06:43,135 | INFO | Scenario: scenario_1___nu=8 | n_rep: 375 | KDE model: t-student rot df=3
2026-05-06 06:06:43,557 | INFO | Scenario: scenario_1___nu=8 | n_rep: 376 | KDE model: gaussian rot
2026-05-06 06:06:43,970 | INFO | Scenario: scenario_1___nu=8 | n_rep: 376 | KDE model: t-student rot df=3
2026-05-06 06:06:44,373 | INFO | Scenario: scenario_1___nu=8 | n_rep: 377 | KDE model: gaussian rot
2026-05-06 06:06:44,596 | INFO | Scenario: scenario_1___nu=8 | n_rep: 377 | KDE model: t-student rot df=3
2026-05-06 06:06:44,787 | INFO | Scenario: scenario_1___nu=8 | n_rep: 378 | KDE model: gaussian rot
2026-05-06 06:06:45,183 | INFO | Scenario: scenario_1___nu=8 | n_rep: 378 | KDE model: t-student rot df=3
2026-05-06 06:06:45,558 | INFO | Scenario: scenario_1___nu=8 | n_rep: 379 | KDE model: gaussian rot
2026-05-06 06:06:45,958 | INFO | Scenario: scenario_1___nu=8 | n_rep: 379 | KDE model: t-student rot df=3
2026-05-06 06:06:46,461 | INFO | Scenario: scenario_1___nu=8 | n_rep: 380 | KDE model: gaussian rot
2026-05-06 06:06:46,710 | INFO | Scenario: scenario_1___nu=8 | n_rep: 380 | KDE model: t-student rot df=3
2026-05-06 06:06:46,938 | INFO | Scenario: scenario_1___nu=8 | n_rep: 381 | KDE model: gaussian rot
2026-05-06 06:06:47,453 | INFO | Scenario: scenario_1___nu=8 | n_rep: 381 | KDE model: t-student rot df=3
2026-05-06 06:06:47,853 | INFO | Scenario: scenario_1___nu=8 | n_rep: 382 | KDE model: gaussian rot
2026-05-06 06:06:48,093 | INFO | Scenario: scenario_1___nu=8 | n_rep: 382 | KDE model: t-student rot df=3
2026-05-06 06:06:48,309 | INFO | Scenario: scenario_1___nu=8 | n_rep: 383 | KDE model: gaussian rot
2026-05-06 06:06:49,394 | INFO | Scenario: scenario_1___nu=8 | n_rep: 383 | KDE model: t-student rot df=3
2026-05-06 06:06:50,478 | INFO | Scenario: scenario_1___nu=8 | n_rep: 384 | KDE model: gaussian rot
2026-05-06 06:06:50,834 | INFO | Scenario: scenario_1___nu=8 | n_rep: 384 | KDE model: t-student rot df=3
2026-05-06 06:06:51,172 | INFO | Scenario: scenario_1___nu=8 | n_rep: 385 | KDE model: gaussian rot
2026-05-06 06:06:51,660 | INFO | Scenario: scenario_1___nu=8 | n_rep: 385 | KDE model: t-student rot df=3
2026-05-06 06:06:52,104 | INFO | Scenario: scenario_1___nu=8 | n_rep: 386 | KDE model: gaussian rot
2026-05-06 06:06:52,538 | INFO | Scenario: scenario_1___nu=8 | n_rep: 386 | KDE model: t-student rot df=3
2026-05-06 06:06:52,918 | INFO | Scenario: scenario_1___nu=8 | n_rep: 387 | KDE model: gaussian rot
2026-05-06 06:06:53,504 | INFO | Scenario: scenario_1___nu=8 | n_rep: 387 | KDE model: t-student rot df=3
2026-05-06 06:06:54,100 | INFO | Scenario: scenario_1___nu=8 | n_rep: 388 | KDE model: gaussian rot
2026-05-06 06:06:54,343 | INFO | Scenario: scenario_1___nu=8 | n_rep: 388 | KDE model: t-student rot df=3
2026-05-06 06:06:54,565 | INFO | Scenario: scenario_1___nu=8 | n_rep: 389 | KDE model: gaussian rot
2026-05-06 06:06:54,960 | INFO | Scenario: scenario_1___nu=8 | n_rep: 389 | KDE model: t-student rot df=3
2026-05-06 06:06:55,375 | INFO | Scenario: scenario_1___nu=8 | n_rep: 390 | KDE model: gaussian rot
2026-05-06 06:06:55,552 | INFO | Scenario: scenario_1___nu=8 | n_rep: 390 | KDE model: t-student rot df=3
2026-05-06 06:06:55,714 | INFO | Scenario: scenario_1___nu=8 | n_rep: 391 | KDE model: gaussian rot
2026-05-06 06:06:56,158 | INFO | Scenario: scenario_1___nu=8 | n_rep: 391 | KDE model: t-student rot df=3
2026-05-06 06:06:56,543 | INFO | Scenario: scenario_1___nu=8 | n_rep: 392 | KDE model: gaussian rot
2026-05-06 06:06:57,010 | INFO | Scenario: scenario_1___nu=8 | n_rep: 392 | KDE model: t-student rot df=3
2026-05-06 06:06:57,550 | INFO | Scenario: scenario_1___nu=8 | n_rep: 393 | KDE model: gaussian rot
2026-05-06 06:06:57,936 | INFO | Scenario: scenario_1___nu=8 | n_rep: 393 | KDE model: t-student rot df=3
2026-05-06 06:06:58,308 | INFO | Scenario: scenario_1___nu=8 | n_rep: 394 | KDE model: gaussian rot
2026-05-06 06:06:58,692 | INFO | Scenario: scenario_1___nu=8 | n_rep: 394 | KDE model: t-student rot df=3
2026-05-06 06:06:59,128 | INFO | Scenario: scenario_1___nu=8 | n_rep: 395 | KDE model: gaussian rot
2026-05-06 06:06:59,743 | INFO | Scenario: scenario_1___nu=8 | n_rep: 395 | KDE model: t-student rot df=3
2026-05-06 06:07:00,316 | INFO | Scenario: scenario_1___nu=8 | n_rep: 396 | KDE model: gaussian rot
2026-05-06 06:07:00,905 | INFO | Scenario: scenario_1___nu=8 | n_rep: 396 | KDE model: t-student rot df=3
2026-05-06 06:07:01,486 | INFO | Scenario: scenario_1___nu=8 | n_rep: 397 | KDE model: gaussian rot
2026-05-06 06:07:01,890 | INFO | Scenario: scenario_1___nu=8 | n_rep: 397 | KDE model: t-student rot df=3
2026-05-06 06:07:02,400 | INFO | Scenario: scenario_1___nu=8 | n_rep: 398 | KDE model: gaussian rot
2026-05-06 06:07:02,940 | INFO | Scenario: scenario_1___nu=8 | n_rep: 398 | KDE model: t-student rot df=3
2026-05-06 06:07:03,383 | INFO | Scenario: scenario_1___nu=8 | n_rep: 399 | KDE model: gaussian rot
2026-05-06 06:07:04,071 | INFO | Scenario: scenario_1___nu=8 | n_rep: 399 | KDE model: t-student rot df=3
2026-05-06 06:07:04,779 | INFO | Scenario: scenario_1___nu=8 | n_rep: 400 | KDE model: gaussian rot
2026-05-06 06:07:05,507 | INFO | Scenario: scenario_1___nu=8 | n_rep: 400 | KDE model: t-student rot df=3
2026-05-06 06:07:06,226 | INFO | Scenario: scenario_1___nu=8 | n_rep: 401 | KDE model: gaussian rot
2026-05-06 06:07:06,469 | INFO | Scenario: scenario_1___nu=8 | n_rep: 401 | KDE model: t-student rot df=3
2026-05-06 06:07:06,699 | INFO | Scenario: scenario_1___nu=8 | n_rep: 402 | KDE model: gaussian rot
2026-05-06 06:07:07,304 | INFO | Scenario: scenario_1___nu=8 | n_rep: 402 | KDE model: t-student rot df=3
2026-05-06 06:07:07,937 | INFO | Scenario: scenario_1___nu=8 | n_rep: 403 | KDE model: gaussian rot
2026-05-06 06:07:08,259 | INFO | Scenario: scenario_1___nu=8 | n_rep: 403 | KDE model: t-student rot df=3
2026-05-06 06:07:08,565 | INFO | Scenario: scenario_1___nu=8 | n_rep: 404 | KDE model: gaussian rot
2026-05-06 06:07:09,092 | INFO | Scenario: scenario_1___nu=8 | n_rep: 404 | KDE model: t-student rot df=3
2026-05-06 06:07:09,618 | INFO | Scenario: scenario_1___nu=8 | n_rep: 405 | KDE model: gaussian rot
2026-05-06 06:07:09,930 | INFO | Scenario: scenario_1___nu=8 | n_rep: 405 | KDE model: t-student rot df=3
2026-05-06 06:07:10,295 | INFO | Scenario: scenario_1___nu=8 | n_rep: 406 | KDE model: gaussian rot
2026-05-06 06:07:10,667 | INFO | Scenario: scenario_1___nu=8 | n_rep: 406 | KDE model: t-student rot df=3
2026-05-06 06:07:11,224 | INFO | Scenario: scenario_1___nu=8 | n_rep: 407 | KDE model: gaussian rot
2026-05-06 06:07:11,659 | INFO | Scenario: scenario_1___nu=8 | n_rep: 407 | KDE model: t-student rot df=3
2026-05-06 06:07:12,061 | INFO | Scenario: scenario_1___nu=8 | n_rep: 408 | KDE model: gaussian rot
2026-05-06 06:07:12,272 | INFO | Scenario: scenario_1___nu=8 | n_rep: 408 | KDE model: t-student rot df=3
2026-05-06 06:07:12,489 | INFO | Scenario: scenario_1___nu=8 | n_rep: 409 | KDE model: gaussian rot
2026-05-06 06:07:12,910 | INFO | Scenario: scenario_1___nu=8 | n_rep: 409 | KDE model: t-student rot df=3
2026-05-06 06:07:13,321 | INFO | Scenario: scenario_1___nu=8 | n_rep: 410 | KDE model: gaussian rot
2026-05-06 06:07:13,724 | INFO | Scenario: scenario_1___nu=8 | n_rep: 410 | KDE model: t-student rot df=3
2026-05-06 06:07:14,078 | INFO | Scenario: scenario_1___nu=8 | n_rep: 411 | KDE model: gaussian rot
2026-05-06 06:07:14,466 | INFO | Scenario: scenario_1___nu=8 | n_rep: 411 | KDE model: t-student rot df=3
2026-05-06 06:07:14,837 | INFO | Scenario: scenario_1___nu=8 | n_rep: 412 | KDE model: gaussian rot
2026-05-06 06:07:15,034 | INFO | Scenario: scenario_1___nu=8 | n_rep: 412 | KDE model: t-student rot df=3
2026-05-06 06:07:15,211 | INFO | Scenario: scenario_1___nu=8 | n_rep: 413 | KDE model: gaussian rot
2026-05-06 06:07:15,563 | INFO | Scenario: scenario_1___nu=8 | n_rep: 413 | KDE model: t-student rot df=3
2026-05-06 06:07:15,946 | INFO | Scenario: scenario_1___nu=8 | n_rep: 414 | KDE model: gaussian rot
2026-05-06 06:07:16,144 | INFO | Scenario: scenario_1___nu=8 | n_rep: 414 | KDE model: t-student rot df=3
2026-05-06 06:07:16,330 | INFO | Scenario: scenario_1___nu=8 | n_rep: 415 | KDE model: gaussian rot
2026-05-06 06:07:16,563 | INFO | Scenario: scenario_1___nu=8 | n_rep: 415 | KDE model: t-student rot df=3
2026-05-06 06:07:16,782 | INFO | Scenario: scenario_1___nu=8 | n_rep: 416 | KDE model: gaussian rot
2026-05-06 06:07:17,177 | INFO | Scenario: scenario_1___nu=8 | n_rep: 416 | KDE model: t-student rot df=3
2026-05-06 06:07:17,596 | INFO | Scenario: scenario_1___nu=8 | n_rep: 417 | KDE model: gaussian rot
2026-05-06 06:07:17,836 | INFO | Scenario: scenario_1___nu=8 | n_rep: 417 | KDE model: t-student rot df=3
2026-05-06 06:07:18,107 | INFO | Scenario: scenario_1___nu=8 | n_rep: 418 | KDE model: gaussian rot
2026-05-06 06:07:18,314 | INFO | Scenario: scenario_1___nu=8 | n_rep: 418 | KDE model: t-student rot df=3
2026-05-06 06:07:18,534 | INFO | Scenario: scenario_1___nu=8 | n_rep: 419 | KDE model: gaussian rot
2026-05-06 06:07:19,111 | INFO | Scenario: scenario_1___nu=8 | n_rep: 419 | KDE model: t-student rot df=3
2026-05-06 06:07:19,672 | INFO | Scenario: scenario_1___nu=8 | n_rep: 420 | KDE model: gaussian rot
2026-05-06 06:07:20,099 | INFO | Scenario: scenario_1___nu=8 | n_rep: 420 | KDE model: t-student rot df=3
2026-05-06 06:07:20,519 | INFO | Scenario: scenario_1___nu=8 | n_rep: 421 | KDE model: gaussian rot
2026-05-06 06:07:20,755 | INFO | Scenario: scenario_1___nu=8 | n_rep: 421 | KDE model: t-student rot df=3
2026-05-06 06:07:20,998 | INFO | Scenario: scenario_1___nu=8 | n_rep: 422 | KDE model: gaussian rot
2026-05-06 06:07:21,415 | INFO | Scenario: scenario_1___nu=8 | n_rep: 422 | KDE model: t-student rot df=3
2026-05-06 06:07:21,784 | INFO | Scenario: scenario_1___nu=8 | n_rep: 423 | KDE model: gaussian rot
2026-05-06 06:07:22,206 | INFO | Scenario: scenario_1___nu=8 | n_rep: 423 | KDE model: t-student rot df=3
2026-05-06 06:07:22,607 | INFO | Scenario: scenario_1___nu=8 | n_rep: 424 | KDE model: gaussian rot
2026-05-06 06:07:22,951 | INFO | Scenario: scenario_1___nu=8 | n_rep: 424 | KDE model: t-student rot df=3
2026-05-06 06:07:23,304 | INFO | Scenario: scenario_1___nu=8 | n_rep: 425 | KDE model: gaussian rot
2026-05-06 06:07:23,915 | INFO | Scenario: scenario_1___nu=8 | n_rep: 425 | KDE model: t-student rot df=3
2026-05-06 06:07:24,511 | INFO | Scenario: scenario_1___nu=8 | n_rep: 426 | KDE model: gaussian rot
2026-05-06 06:07:25,002 | INFO | Scenario: scenario_1___nu=8 | n_rep: 426 | KDE model: t-student rot df=3
2026-05-06 06:07:25,535 | INFO | Scenario: scenario_1___nu=8 | n_rep: 427 | KDE model: gaussian rot
2026-05-06 06:07:26,024 | INFO | Scenario: scenario_1___nu=8 | n_rep: 427 | KDE model: t-student rot df=3
2026-05-06 06:07:26,509 | INFO | Scenario: scenario_1___nu=8 | n_rep: 428 | KDE model: gaussian rot
2026-05-06 06:07:26,956 | INFO | Scenario: scenario_1___nu=8 | n_rep: 428 | KDE model: t-student rot df=3
2026-05-06 06:07:27,423 | INFO | Scenario: scenario_1___nu=8 | n_rep: 429 | KDE model: gaussian rot
2026-05-06 06:07:27,818 | INFO | Scenario: scenario_1___nu=8 | n_rep: 429 | KDE model: t-student rot df=3
2026-05-06 06:07:28,169 | INFO | Scenario: scenario_1___nu=8 | n_rep: 430 | KDE model: gaussian rot
2026-05-06 06:07:28,443 | INFO | Scenario: scenario_1___nu=8 | n_rep: 430 | KDE model: t-student rot df=3
2026-05-06 06:07:28,670 | INFO | Scenario: scenario_1___nu=8 | n_rep: 431 | KDE model: gaussian rot
2026-05-06 06:07:29,130 | INFO | Scenario: scenario_1___nu=8 | n_rep: 431 | KDE model: t-student rot df=3
2026-05-06 06:07:29,458 | INFO | Scenario: scenario_1___nu=8 | n_rep: 432 | KDE model: gaussian rot
2026-05-06 06:07:29,644 | INFO | Scenario: scenario_1___nu=8 | n_rep: 432 | KDE model: t-student rot df=3
2026-05-06 06:07:29,820 | INFO | Scenario: scenario_1___nu=8 | n_rep: 433 | KDE model: gaussian rot
2026-05-06 06:07:30,262 | INFO | Scenario: scenario_1___nu=8 | n_rep: 433 | KDE model: t-student rot df=3
2026-05-06 06:07:30,697 | INFO | Scenario: scenario_1___nu=8 | n_rep: 434 | KDE model: gaussian rot
2026-05-06 06:07:30,924 | INFO | Scenario: scenario_1___nu=8 | n_rep: 434 | KDE model: t-student rot df=3
2026-05-06 06:07:31,112 | INFO | Scenario: scenario_1___nu=8 | n_rep: 435 | KDE model: gaussian rot
2026-05-06 06:07:31,620 | INFO | Scenario: scenario_1___nu=8 | n_rep: 435 | KDE model: t-student rot df=3
2026-05-06 06:07:32,080 | INFO | Scenario: scenario_1___nu=8 | n_rep: 436 | KDE model: gaussian rot
2026-05-06 06:07:32,394 | INFO | Scenario: scenario_1___nu=8 | n_rep: 436 | KDE model: t-student rot df=3
2026-05-06 06:07:32,768 | INFO | Scenario: scenario_1___nu=8 | n_rep: 437 | KDE model: gaussian rot
2026-05-06 06:07:33,232 | INFO | Scenario: scenario_1___nu=8 | n_rep: 437 | KDE model: t-student rot df=3
2026-05-06 06:07:33,686 | INFO | Scenario: scenario_1___nu=8 | n_rep: 438 | KDE model: gaussian rot
2026-05-06 06:07:34,026 | INFO | Scenario: scenario_1___nu=8 | n_rep: 438 | KDE model: t-student rot df=3
2026-05-06 06:07:34,335 | INFO | Scenario: scenario_1___nu=8 | n_rep: 439 | KDE model: gaussian rot
2026-05-06 06:07:34,796 | INFO | Scenario: scenario_1___nu=8 | n_rep: 439 | KDE model: t-student rot df=3
2026-05-06 06:07:35,235 | INFO | Scenario: scenario_1___nu=8 | n_rep: 440 | KDE model: gaussian rot
2026-05-06 06:07:35,570 | INFO | Scenario: scenario_1___nu=8 | n_rep: 440 | KDE model: t-student rot df=3
2026-05-06 06:07:35,909 | INFO | Scenario: scenario_1___nu=8 | n_rep: 441 | KDE model: gaussian rot
2026-05-06 06:07:36,087 | INFO | Scenario: scenario_1___nu=8 | n_rep: 441 | KDE model: t-student rot df=3
2026-05-06 06:07:36,305 | INFO | Scenario: scenario_1___nu=8 | n_rep: 442 | KDE model: gaussian rot
2026-05-06 06:07:36,539 | INFO | Scenario: scenario_1___nu=8 | n_rep: 442 | KDE model: t-student rot df=3
2026-05-06 06:07:36,771 | INFO | Scenario: scenario_1___nu=8 | n_rep: 443 | KDE model: gaussian rot
2026-05-06 06:07:37,269 | INFO | Scenario: scenario_1___nu=8 | n_rep: 443 | KDE model: t-student rot df=3
2026-05-06 06:07:37,741 | INFO | Scenario: scenario_1___nu=8 | n_rep: 444 | KDE model: gaussian rot
2026-05-06 06:07:38,104 | INFO | Scenario: scenario_1___nu=8 | n_rep: 444 | KDE model: t-student rot df=3
2026-05-06 06:07:38,324 | INFO | Scenario: scenario_1___nu=8 | n_rep: 445 | KDE model: gaussian rot
2026-05-06 06:07:38,537 | INFO | Scenario: scenario_1___nu=8 | n_rep: 445 | KDE model: t-student rot df=3
2026-05-06 06:07:38,708 | INFO | Scenario: scenario_1___nu=8 | n_rep: 446 | KDE model: gaussian rot
2026-05-06 06:07:39,205 | INFO | Scenario: scenario_1___nu=8 | n_rep: 446 | KDE model: t-student rot df=3
2026-05-06 06:07:39,663 | INFO | Scenario: scenario_1___nu=8 | n_rep: 447 | KDE model: gaussian rot
2026-05-06 06:07:40,049 | INFO | Scenario: scenario_1___nu=8 | n_rep: 447 | KDE model: t-student rot df=3
2026-05-06 06:07:40,427 | INFO | Scenario: scenario_1___nu=8 | n_rep: 448 | KDE model: gaussian rot
2026-05-06 06:07:40,764 | INFO | Scenario: scenario_1___nu=8 | n_rep: 448 | KDE model: t-student rot df=3
2026-05-06 06:07:41,019 | INFO | Scenario: scenario_1___nu=8 | n_rep: 449 | KDE model: gaussian rot
2026-05-06 06:07:41,180 | INFO | Scenario: scenario_1___nu=8 | n_rep: 449 | KDE model: t-student rot df=3
2026-05-06 06:07:41,333 | INFO | Scenario: scenario_1___nu=8 | n_rep: 450 | KDE model: gaussian rot
2026-05-06 06:07:41,691 | INFO | Scenario: scenario_1___nu=8 | n_rep: 450 | KDE model: t-student rot df=3
2026-05-06 06:07:42,098 | INFO | Scenario: scenario_1___nu=8 | n_rep: 451 | KDE model: gaussian rot
2026-05-06 06:07:42,272 | INFO | Scenario: scenario_1___nu=8 | n_rep: 451 | KDE model: t-student rot df=3
2026-05-06 06:07:42,447 | INFO | Scenario: scenario_1___nu=8 | n_rep: 452 | KDE model: gaussian rot
2026-05-06 06:07:42,638 | INFO | Scenario: scenario_1___nu=8 | n_rep: 452 | KDE model: t-student rot df=3
2026-05-06 06:07:42,825 | INFO | Scenario: scenario_1___nu=8 | n_rep: 453 | KDE model: gaussian rot
2026-05-06 06:07:43,307 | INFO | Scenario: scenario_1___nu=8 | n_rep: 453 | KDE model: t-student rot df=3
2026-05-06 06:07:43,711 | INFO | Scenario: scenario_1___nu=8 | n_rep: 454 | KDE model: gaussian rot
2026-05-06 06:07:44,243 | INFO | Scenario: scenario_1___nu=8 | n_rep: 454 | KDE model: t-student rot df=3
2026-05-06 06:07:44,767 | INFO | Scenario: scenario_1___nu=8 | n_rep: 455 | KDE model: gaussian rot
2026-05-06 06:07:45,204 | INFO | Scenario: scenario_1___nu=8 | n_rep: 455 | KDE model: t-student rot df=3
2026-05-06 06:07:45,660 | INFO | Scenario: scenario_1___nu=8 | n_rep: 456 | KDE model: gaussian rot
2026-05-06 06:07:46,135 | INFO | Scenario: scenario_1___nu=8 | n_rep: 456 | KDE model: t-student rot df=3
2026-05-06 06:07:46,555 | INFO | Scenario: scenario_1___nu=8 | n_rep: 457 | KDE model: gaussian rot
2026-05-06 06:07:46,915 | INFO | Scenario: scenario_1___nu=8 | n_rep: 457 | KDE model: t-student rot df=3
2026-05-06 06:07:47,259 | INFO | Scenario: scenario_1___nu=8 | n_rep: 458 | KDE model: gaussian rot
2026-05-06 06:07:47,748 | INFO | Scenario: scenario_1___nu=8 | n_rep: 458 | KDE model: t-student rot df=3
2026-05-06 06:07:48,149 | INFO | Scenario: scenario_1___nu=8 | n_rep: 459 | KDE model: gaussian rot
2026-05-06 06:07:48,398 | INFO | Scenario: scenario_1___nu=8 | n_rep: 459 | KDE model: t-student rot df=3
2026-05-06 06:07:48,612 | INFO | Scenario: scenario_1___nu=8 | n_rep: 460 | KDE model: gaussian rot
2026-05-06 06:07:49,469 | INFO | Scenario: scenario_1___nu=8 | n_rep: 460 | KDE model: t-student rot df=3
2026-05-06 06:07:50,227 | INFO | Scenario: scenario_1___nu=8 | n_rep: 461 | KDE model: gaussian rot
2026-05-06 06:07:50,728 | INFO | Scenario: scenario_1___nu=8 | n_rep: 461 | KDE model: t-student rot df=3
2026-05-06 06:07:51,191 | INFO | Scenario: scenario_1___nu=8 | n_rep: 462 | KDE model: gaussian rot
2026-05-06 06:07:51,344 | INFO | Scenario: scenario_1___nu=8 | n_rep: 462 | KDE model: t-student rot df=3
2026-05-06 06:07:51,523 | INFO | Scenario: scenario_1___nu=8 | n_rep: 463 | KDE model: gaussian rot
2026-05-06 06:07:52,027 | INFO | Scenario: scenario_1___nu=8 | n_rep: 463 | KDE model: t-student rot df=3
2026-05-06 06:07:52,578 | INFO | Scenario: scenario_1___nu=8 | n_rep: 464 | KDE model: gaussian rot
2026-05-06 06:07:52,768 | INFO | Scenario: scenario_1___nu=8 | n_rep: 464 | KDE model: t-student rot df=3
2026-05-06 06:07:53,011 | INFO | Scenario: scenario_1___nu=8 | n_rep: 465 | KDE model: gaussian rot
2026-05-06 06:07:53,264 | INFO | Scenario: scenario_1___nu=8 | n_rep: 465 | KDE model: t-student rot df=3
2026-05-06 06:07:53,475 | INFO | Scenario: scenario_1___nu=8 | n_rep: 466 | KDE model: gaussian rot
2026-05-06 06:07:53,842 | INFO | Scenario: scenario_1___nu=8 | n_rep: 466 | KDE model: t-student rot df=3
2026-05-06 06:07:54,193 | INFO | Scenario: scenario_1___nu=8 | n_rep: 467 | KDE model: gaussian rot
2026-05-06 06:07:54,762 | INFO | Scenario: scenario_1___nu=8 | n_rep: 467 | KDE model: t-student rot df=3
2026-05-06 06:07:55,337 | INFO | Scenario: scenario_1___nu=8 | n_rep: 468 | KDE model: gaussian rot
2026-05-06 06:07:55,762 | INFO | Scenario: scenario_1___nu=8 | n_rep: 468 | KDE model: t-student rot df=3
2026-05-06 06:07:56,228 | INFO | Scenario: scenario_1___nu=8 | n_rep: 469 | KDE model: gaussian rot
2026-05-06 06:07:56,889 | INFO | Scenario: scenario_1___nu=8 | n_rep: 469 | KDE model: t-student rot df=3
2026-05-06 06:07:57,629 | INFO | Scenario: scenario_1___nu=8 | n_rep: 470 | KDE model: gaussian rot
2026-05-06 06:07:57,919 | INFO | Scenario: scenario_1___nu=8 | n_rep: 470 | KDE model: t-student rot df=3
2026-05-06 06:07:58,320 | INFO | Scenario: scenario_1___nu=8 | n_rep: 471 | KDE model: gaussian rot
2026-05-06 06:07:58,679 | INFO | Scenario: scenario_1___nu=8 | n_rep: 471 | KDE model: t-student rot df=3
2026-05-06 06:07:59,042 | INFO | Scenario: scenario_1___nu=8 | n_rep: 472 | KDE model: gaussian rot
2026-05-06 06:07:59,485 | INFO | Scenario: scenario_1___nu=8 | n_rep: 472 | KDE model: t-student rot df=3
2026-05-06 06:07:59,871 | INFO | Scenario: scenario_1___nu=8 | n_rep: 473 | KDE model: gaussian rot
2026-05-06 06:08:00,141 | INFO | Scenario: scenario_1___nu=8 | n_rep: 473 | KDE model: t-student rot df=3
2026-05-06 06:08:00,387 | INFO | Scenario: scenario_1___nu=8 | n_rep: 474 | KDE model: gaussian rot
2026-05-06 06:08:00,784 | INFO | Scenario: scenario_1___nu=8 | n_rep: 474 | KDE model: t-student rot df=3
2026-05-06 06:08:01,210 | INFO | Scenario: scenario_1___nu=8 | n_rep: 475 | KDE model: gaussian rot
2026-05-06 06:08:01,571 | INFO | Scenario: scenario_1___nu=8 | n_rep: 475 | KDE model: t-student rot df=3
2026-05-06 06:08:01,952 | INFO | Scenario: scenario_1___nu=8 | n_rep: 476 | KDE model: gaussian rot
2026-05-06 06:08:02,398 | INFO | Scenario: scenario_1___nu=8 | n_rep: 476 | KDE model: t-student rot df=3
2026-05-06 06:08:02,842 | INFO | Scenario: scenario_1___nu=8 | n_rep: 477 | KDE model: gaussian rot
2026-05-06 06:08:03,172 | INFO | Scenario: scenario_1___nu=8 | n_rep: 477 | KDE model: t-student rot df=3
2026-05-06 06:08:03,532 | INFO | Scenario: scenario_1___nu=8 | n_rep: 478 | KDE model: gaussian rot
2026-05-06 06:08:03,782 | INFO | Scenario: scenario_1___nu=8 | n_rep: 478 | KDE model: t-student rot df=3
2026-05-06 06:08:04,002 | INFO | Scenario: scenario_1___nu=8 | n_rep: 479 | KDE model: gaussian rot
2026-05-06 06:08:04,689 | INFO | Scenario: scenario_1___nu=8 | n_rep: 479 | KDE model: t-student rot df=3
2026-05-06 06:08:05,432 | INFO | Scenario: scenario_1___nu=8 | n_rep: 480 | KDE model: gaussian rot
2026-05-06 06:08:06,049 | INFO | Scenario: scenario_1___nu=8 | n_rep: 480 | KDE model: t-student rot df=3
2026-05-06 06:08:06,638 | INFO | Scenario: scenario_1___nu=8 | n_rep: 481 | KDE model: gaussian rot
2026-05-06 06:08:07,179 | INFO | Scenario: scenario_1___nu=8 | n_rep: 481 | KDE model: t-student rot df=3
2026-05-06 06:08:07,765 | INFO | Scenario: scenario_1___nu=8 | n_rep: 482 | KDE model: gaussian rot
2026-05-06 06:08:08,384 | INFO | Scenario: scenario_1___nu=8 | n_rep: 482 | KDE model: t-student rot df=3
2026-05-06 06:08:08,987 | INFO | Scenario: scenario_1___nu=8 | n_rep: 483 | KDE model: gaussian rot
2026-05-06 06:08:09,367 | INFO | Scenario: scenario_1___nu=8 | n_rep: 483 | KDE model: t-student rot df=3
2026-05-06 06:08:09,758 | INFO | Scenario: scenario_1___nu=8 | n_rep: 484 | KDE model: gaussian rot
2026-05-06 06:08:10,208 | INFO | Scenario: scenario_1___nu=8 | n_rep: 484 | KDE model: t-student rot df=3
2026-05-06 06:08:10,550 | INFO | Scenario: scenario_1___nu=8 | n_rep: 485 | KDE model: gaussian rot
2026-05-06 06:08:11,024 | INFO | Scenario: scenario_1___nu=8 | n_rep: 485 | KDE model: t-student rot df=3
2026-05-06 06:08:11,532 | INFO | Scenario: scenario_1___nu=8 | n_rep: 486 | KDE model: gaussian rot
2026-05-06 06:08:11,975 | INFO | Scenario: scenario_1___nu=8 | n_rep: 486 | KDE model: t-student rot df=3
2026-05-06 06:08:12,408 | INFO | Scenario: scenario_1___nu=8 | n_rep: 487 | KDE model: gaussian rot
2026-05-06 06:08:12,789 | INFO | Scenario: scenario_1___nu=8 | n_rep: 487 | KDE model: t-student rot df=3
2026-05-06 06:08:13,185 | INFO | Scenario: scenario_1___nu=8 | n_rep: 488 | KDE model: gaussian rot
2026-05-06 06:08:13,630 | INFO | Scenario: scenario_1___nu=8 | n_rep: 488 | KDE model: t-student rot df=3
2026-05-06 06:08:14,041 | INFO | Scenario: scenario_1___nu=8 | n_rep: 489 | KDE model: gaussian rot
2026-05-06 06:08:14,264 | INFO | Scenario: scenario_1___nu=8 | n_rep: 489 | KDE model: t-student rot df=3
2026-05-06 06:08:14,433 | INFO | Scenario: scenario_1___nu=8 | n_rep: 490 | KDE model: gaussian rot
2026-05-06 06:08:14,857 | INFO | Scenario: scenario_1___nu=8 | n_rep: 490 | KDE model: t-student rot df=3
2026-05-06 06:08:15,243 | INFO | Scenario: scenario_1___nu=8 | n_rep: 491 | KDE model: gaussian rot
2026-05-06 06:08:15,609 | INFO | Scenario: scenario_1___nu=8 | n_rep: 491 | KDE model: t-student rot df=3
2026-05-06 06:08:15,968 | INFO | Scenario: scenario_1___nu=8 | n_rep: 492 | KDE model: gaussian rot
2026-05-06 06:08:16,233 | INFO | Scenario: scenario_1___nu=8 | n_rep: 492 | KDE model: t-student rot df=3
2026-05-06 06:08:16,454 | INFO | Scenario: scenario_1___nu=8 | n_rep: 493 | KDE model: gaussian rot
2026-05-06 06:08:16,758 | INFO | Scenario: scenario_1___nu=8 | n_rep: 493 | KDE model: t-student rot df=3
2026-05-06 06:08:17,125 | INFO | Scenario: scenario_1___nu=8 | n_rep: 494 | KDE model: gaussian rot
2026-05-06 06:08:17,804 | INFO | Scenario: scenario_1___nu=8 | n_rep: 494 | KDE model: t-student rot df=3
2026-05-06 06:08:18,568 | INFO | Scenario: scenario_1___nu=8 | n_rep: 495 | KDE model: gaussian rot
2026-05-06 06:08:19,059 | INFO | Scenario: scenario_1___nu=8 | n_rep: 495 | KDE model: t-student rot df=3
2026-05-06 06:08:19,624 | INFO | Scenario: scenario_1___nu=8 | n_rep: 496 | KDE model: gaussian rot
2026-05-06 06:08:19,824 | INFO | Scenario: scenario_1___nu=8 | n_rep: 496 | KDE model: t-student rot df=3
2026-05-06 06:08:19,984 | INFO | Scenario: scenario_1___nu=8 | n_rep: 497 | KDE model: gaussian rot
2026-05-06 06:08:20,493 | INFO | Scenario: scenario_1___nu=8 | n_rep: 497 | KDE model: t-student rot df=3
2026-05-06 06:08:20,995 | INFO | Scenario: scenario_1___nu=8 | n_rep: 498 | KDE model: gaussian rot
2026-05-06 06:08:21,490 | INFO | Scenario: scenario_1___nu=8 | n_rep: 498 | KDE model: t-student rot df=3
2026-05-06 06:08:22,003 | INFO | Scenario: scenario_1___nu=8 | n_rep: 499 | KDE model: gaussian rot
2026-05-06 06:08:22,646 | INFO | Scenario: scenario_1___nu=8 | n_rep: 499 | KDE model: t-student rot df=3
2026-05-06 06:08:23,374 | INFO | Scenario: scenario_2___nu=3 | n_rep: 0 | KDE model: gaussian rot
2026-05-06 06:08:23,810 | INFO | Scenario: scenario_2___nu=3 | n_rep: 0 | KDE model: t-student rot df=3
2026-05-06 06:08:24,204 | INFO | Scenario: scenario_2___nu=3 | n_rep: 1 | KDE model: gaussian rot
2026-05-06 06:08:24,723 | INFO | Scenario: scenario_2___nu=3 | n_rep: 1 | KDE model: t-student rot df=3
2026-05-06 06:08:25,272 | INFO | Scenario: scenario_2___nu=3 | n_rep: 2 | KDE model: gaussian rot
2026-05-06 06:08:25,760 | INFO | Scenario: scenario_2___nu=3 | n_rep: 2 | KDE model: t-student rot df=3
2026-05-06 06:08:26,211 | INFO | Scenario: scenario_2___nu=3 | n_rep: 3 | KDE model: gaussian rot
2026-05-06 06:08:26,724 | INFO | Scenario: scenario_2___nu=3 | n_rep: 3 | KDE model: t-student rot df=3
2026-05-06 06:08:27,246 | INFO | Scenario: scenario_2___nu=3 | n_rep: 4 | KDE model: gaussian rot
2026-05-06 06:08:27,875 | INFO | Scenario: scenario_2___nu=3 | n_rep: 4 | KDE model: t-student rot df=3
2026-05-06 06:08:28,418 | INFO | Scenario: scenario_2___nu=3 | n_rep: 5 | KDE model: gaussian rot
2026-05-06 06:08:28,843 | INFO | Scenario: scenario_2___nu=3 | n_rep: 5 | KDE model: t-student rot df=3
2026-05-06 06:08:29,243 | INFO | Scenario: scenario_2___nu=3 | n_rep: 6 | KDE model: gaussian rot
2026-05-06 06:08:29,930 | INFO | Scenario: scenario_2___nu=3 | n_rep: 6 | KDE model: t-student rot df=3
2026-05-06 06:08:30,616 | INFO | Scenario: scenario_2___nu=3 | n_rep: 7 | KDE model: gaussian rot
2026-05-06 06:08:31,145 | INFO | Scenario: scenario_2___nu=3 | n_rep: 7 | KDE model: t-student rot df=3
2026-05-06 06:08:31,642 | INFO | Scenario: scenario_2___nu=3 | n_rep: 8 | KDE model: gaussian rot
2026-05-06 06:08:32,132 | INFO | Scenario: scenario_2___nu=3 | n_rep: 8 | KDE model: t-student rot df=3
2026-05-06 06:08:32,583 | INFO | Scenario: scenario_2___nu=3 | n_rep: 9 | KDE model: gaussian rot
2026-05-06 06:08:33,049 | INFO | Scenario: scenario_2___nu=3 | n_rep: 9 | KDE model: t-student rot df=3
2026-05-06 06:08:33,589 | INFO | Scenario: scenario_2___nu=3 | n_rep: 10 | KDE model: gaussian rot
2026-05-06 06:08:33,965 | INFO | Scenario: scenario_2___nu=3 | n_rep: 10 | KDE model: t-student rot df=3
2026-05-06 06:08:34,323 | INFO | Scenario: scenario_2___nu=3 | n_rep: 11 | KDE model: gaussian rot
2026-05-06 06:08:34,746 | INFO | Scenario: scenario_2___nu=3 | n_rep: 11 | KDE model: t-student rot df=3
2026-05-06 06:08:35,134 | INFO | Scenario: scenario_2___nu=3 | n_rep: 12 | KDE model: gaussian rot
2026-05-06 06:08:36,141 | INFO | Scenario: scenario_2___nu=3 | n_rep: 12 | KDE model: t-student rot df=3
2026-05-06 06:08:37,191 | INFO | Scenario: scenario_2___nu=3 | n_rep: 13 | KDE model: gaussian rot
2026-05-06 06:08:37,612 | INFO | Scenario: scenario_2___nu=3 | n_rep: 13 | KDE model: t-student rot df=3
2026-05-06 06:08:37,984 | INFO | Scenario: scenario_2___nu=3 | n_rep: 14 | KDE model: gaussian rot
2026-05-06 06:08:38,931 | INFO | Scenario: scenario_2___nu=3 | n_rep: 14 | KDE model: t-student rot df=3
2026-05-06 06:08:39,626 | INFO | Scenario: scenario_2___nu=3 | n_rep: 15 | KDE model: gaussian rot
2026-05-06 06:08:40,066 | INFO | Scenario: scenario_2___nu=3 | n_rep: 15 | KDE model: t-student rot df=3
2026-05-06 06:08:40,458 | INFO | Scenario: scenario_2___nu=3 | n_rep: 16 | KDE model: gaussian rot
2026-05-06 06:08:40,882 | INFO | Scenario: scenario_2___nu=3 | n_rep: 16 | KDE model: t-student rot df=3
2026-05-06 06:08:41,378 | INFO | Scenario: scenario_2___nu=3 | n_rep: 17 | KDE model: gaussian rot
2026-05-06 06:08:42,022 | INFO | Scenario: scenario_2___nu=3 | n_rep: 17 | KDE model: t-student rot df=3
2026-05-06 06:08:42,634 | INFO | Scenario: scenario_2___nu=3 | n_rep: 18 | KDE model: gaussian rot
2026-05-06 06:08:43,063 | INFO | Scenario: scenario_2___nu=3 | n_rep: 18 | KDE model: t-student rot df=3
2026-05-06 06:08:43,500 | INFO | Scenario: scenario_2___nu=3 | n_rep: 19 | KDE model: gaussian rot
2026-05-06 06:08:44,208 | INFO | Scenario: scenario_2___nu=3 | n_rep: 19 | KDE model: t-student rot df=3
2026-05-06 06:08:44,760 | INFO | Scenario: scenario_2___nu=3 | n_rep: 20 | KDE model: gaussian rot
2026-05-06 06:08:45,206 | INFO | Scenario: scenario_2___nu=3 | n_rep: 20 | KDE model: t-student rot df=3
2026-05-06 06:08:45,535 | INFO | Scenario: scenario_2___nu=3 | n_rep: 21 | KDE model: gaussian rot
2026-05-06 06:08:45,935 | INFO | Scenario: scenario_2___nu=3 | n_rep: 21 | KDE model: t-student rot df=3
2026-05-06 06:08:46,312 | INFO | Scenario: scenario_2___nu=3 | n_rep: 22 | KDE model: gaussian rot
2026-05-06 06:08:46,739 | INFO | Scenario: scenario_2___nu=3 | n_rep: 22 | KDE model: t-student rot df=3
2026-05-06 06:08:47,135 | INFO | Scenario: scenario_2___nu=3 | n_rep: 23 | KDE model: gaussian rot
2026-05-06 06:08:47,529 | INFO | Scenario: scenario_2___nu=3 | n_rep: 23 | KDE model: t-student rot df=3
2026-05-06 06:08:48,191 | INFO | Scenario: scenario_2___nu=3 | n_rep: 24 | KDE model: gaussian rot
2026-05-06 06:08:48,581 | INFO | Scenario: scenario_2___nu=3 | n_rep: 24 | KDE model: t-student rot df=3
2026-05-06 06:08:49,014 | INFO | Scenario: scenario_2___nu=3 | n_rep: 25 | KDE model: gaussian rot
2026-05-06 06:08:49,480 | INFO | Scenario: scenario_2___nu=3 | n_rep: 25 | KDE model: t-student rot df=3
2026-05-06 06:08:49,918 | INFO | Scenario: scenario_2___nu=3 | n_rep: 26 | KDE model: gaussian rot
2026-05-06 06:08:50,551 | INFO | Scenario: scenario_2___nu=3 | n_rep: 26 | KDE model: t-student rot df=3
2026-05-06 06:08:51,157 | INFO | Scenario: scenario_2___nu=3 | n_rep: 27 | KDE model: gaussian rot
2026-05-06 06:08:51,548 | INFO | Scenario: scenario_2___nu=3 | n_rep: 27 | KDE model: t-student rot df=3
2026-05-06 06:08:51,872 | INFO | Scenario: scenario_2___nu=3 | n_rep: 28 | KDE model: gaussian rot
2026-05-06 06:08:52,333 | INFO | Scenario: scenario_2___nu=3 | n_rep: 28 | KDE model: t-student rot df=3
2026-05-06 06:08:52,763 | INFO | Scenario: scenario_2___nu=3 | n_rep: 29 | KDE model: gaussian rot
2026-05-06 06:08:53,308 | INFO | Scenario: scenario_2___nu=3 | n_rep: 29 | KDE model: t-student rot df=3
2026-05-06 06:08:53,826 | INFO | Scenario: scenario_2___nu=3 | n_rep: 30 | KDE model: gaussian rot
2026-05-06 06:08:54,180 | INFO | Scenario: scenario_2___nu=3 | n_rep: 30 | KDE model: t-student rot df=3
2026-05-06 06:08:54,535 | INFO | Scenario: scenario_2___nu=3 | n_rep: 31 | KDE model: gaussian rot
2026-05-06 06:08:55,012 | INFO | Scenario: scenario_2___nu=3 | n_rep: 31 | KDE model: t-student rot df=3
2026-05-06 06:08:55,424 | INFO | Scenario: scenario_2___nu=3 | n_rep: 32 | KDE model: gaussian rot
2026-05-06 06:08:55,762 | INFO | Scenario: scenario_2___nu=3 | n_rep: 32 | KDE model: t-student rot df=3
2026-05-06 06:08:56,187 | INFO | Scenario: scenario_2___nu=3 | n_rep: 33 | KDE model: gaussian rot
2026-05-06 06:08:56,631 | INFO | Scenario: scenario_2___nu=3 | n_rep: 33 | KDE model: t-student rot df=3
2026-05-06 06:08:57,242 | INFO | Scenario: scenario_2___nu=3 | n_rep: 34 | KDE model: gaussian rot
2026-05-06 06:08:57,676 | INFO | Scenario: scenario_2___nu=3 | n_rep: 34 | KDE model: t-student rot df=3
2026-05-06 06:08:58,054 | INFO | Scenario: scenario_2___nu=3 | n_rep: 35 | KDE model: gaussian rot
2026-05-06 06:08:58,705 | INFO | Scenario: scenario_2___nu=3 | n_rep: 35 | KDE model: t-student rot df=3
2026-05-06 06:08:59,347 | INFO | Scenario: scenario_2___nu=3 | n_rep: 36 | KDE model: gaussian rot
2026-05-06 06:08:59,806 | INFO | Scenario: scenario_2___nu=3 | n_rep: 36 | KDE model: t-student rot df=3
2026-05-06 06:09:00,226 | INFO | Scenario: scenario_2___nu=3 | n_rep: 37 | KDE model: gaussian rot
2026-05-06 06:09:00,676 | INFO | Scenario: scenario_2___nu=3 | n_rep: 37 | KDE model: t-student rot df=3
2026-05-06 06:09:01,050 | INFO | Scenario: scenario_2___nu=3 | n_rep: 38 | KDE model: gaussian rot
2026-05-06 06:09:01,497 | INFO | Scenario: scenario_2___nu=3 | n_rep: 38 | KDE model: t-student rot df=3
2026-05-06 06:09:02,003 | INFO | Scenario: scenario_2___nu=3 | n_rep: 39 | KDE model: gaussian rot
2026-05-06 06:09:02,552 | INFO | Scenario: scenario_2___nu=3 | n_rep: 39 | KDE model: t-student rot df=3
2026-05-06 06:09:03,206 | INFO | Scenario: scenario_2___nu=3 | n_rep: 40 | KDE model: gaussian rot
2026-05-06 06:09:03,550 | INFO | Scenario: scenario_2___nu=3 | n_rep: 40 | KDE model: t-student rot df=3
2026-05-06 06:09:03,909 | INFO | Scenario: scenario_2___nu=3 | n_rep: 41 | KDE model: gaussian rot
2026-05-06 06:09:04,354 | INFO | Scenario: scenario_2___nu=3 | n_rep: 41 | KDE model: t-student rot df=3
2026-05-06 06:09:04,778 | INFO | Scenario: scenario_2___nu=3 | n_rep: 42 | KDE model: gaussian rot
2026-05-06 06:09:05,172 | INFO | Scenario: scenario_2___nu=3 | n_rep: 42 | KDE model: t-student rot df=3
2026-05-06 06:09:05,548 | INFO | Scenario: scenario_2___nu=3 | n_rep: 43 | KDE model: gaussian rot
2026-05-06 06:09:06,152 | INFO | Scenario: scenario_2___nu=3 | n_rep: 43 | KDE model: t-student rot df=3
2026-05-06 06:09:06,651 | INFO | Scenario: scenario_2___nu=3 | n_rep: 44 | KDE model: gaussian rot
2026-05-06 06:09:07,097 | INFO | Scenario: scenario_2___nu=3 | n_rep: 44 | KDE model: t-student rot df=3
2026-05-06 06:09:07,550 | INFO | Scenario: scenario_2___nu=3 | n_rep: 45 | KDE model: gaussian rot
2026-05-06 06:09:08,086 | INFO | Scenario: scenario_2___nu=3 | n_rep: 45 | KDE model: t-student rot df=3
2026-05-06 06:09:08,626 | INFO | Scenario: scenario_2___nu=3 | n_rep: 46 | KDE model: gaussian rot
2026-05-06 06:09:09,053 | INFO | Scenario: scenario_2___nu=3 | n_rep: 46 | KDE model: t-student rot df=3
2026-05-06 06:09:09,476 | INFO | Scenario: scenario_2___nu=3 | n_rep: 47 | KDE model: gaussian rot
2026-05-06 06:09:10,203 | INFO | Scenario: scenario_2___nu=3 | n_rep: 47 | KDE model: t-student rot df=3
2026-05-06 06:09:10,855 | INFO | Scenario: scenario_2___nu=3 | n_rep: 48 | KDE model: gaussian rot
2026-05-06 06:09:11,525 | INFO | Scenario: scenario_2___nu=3 | n_rep: 48 | KDE model: t-student rot df=3
2026-05-06 06:09:12,162 | INFO | Scenario: scenario_2___nu=3 | n_rep: 49 | KDE model: gaussian rot
2026-05-06 06:09:12,579 | INFO | Scenario: scenario_2___nu=3 | n_rep: 49 | KDE model: t-student rot df=3
2026-05-06 06:09:12,970 | INFO | Scenario: scenario_2___nu=3 | n_rep: 50 | KDE model: gaussian rot
2026-05-06 06:09:13,434 | INFO | Scenario: scenario_2___nu=3 | n_rep: 50 | KDE model: t-student rot df=3
2026-05-06 06:09:13,867 | INFO | Scenario: scenario_2___nu=3 | n_rep: 51 | KDE model: gaussian rot
2026-05-06 06:09:14,294 | INFO | Scenario: scenario_2___nu=3 | n_rep: 51 | KDE model: t-student rot df=3
2026-05-06 06:09:14,762 | INFO | Scenario: scenario_2___nu=3 | n_rep: 52 | KDE model: gaussian rot
2026-05-06 06:09:15,516 | INFO | Scenario: scenario_2___nu=3 | n_rep: 52 | KDE model: t-student rot df=3
2026-05-06 06:09:16,167 | INFO | Scenario: scenario_2___nu=3 | n_rep: 53 | KDE model: gaussian rot
2026-05-06 06:09:16,636 | INFO | Scenario: scenario_2___nu=3 | n_rep: 53 | KDE model: t-student rot df=3
2026-05-06 06:09:17,058 | INFO | Scenario: scenario_2___nu=3 | n_rep: 54 | KDE model: gaussian rot
2026-05-06 06:09:17,493 | INFO | Scenario: scenario_2___nu=3 | n_rep: 54 | KDE model: t-student rot df=3
2026-05-06 06:09:17,918 | INFO | Scenario: scenario_2___nu=3 | n_rep: 55 | KDE model: gaussian rot
2026-05-06 06:09:18,408 | INFO | Scenario: scenario_2___nu=3 | n_rep: 55 | KDE model: t-student rot df=3
2026-05-06 06:09:18,896 | INFO | Scenario: scenario_2___nu=3 | n_rep: 56 | KDE model: gaussian rot
2026-05-06 06:09:19,456 | INFO | Scenario: scenario_2___nu=3 | n_rep: 56 | KDE model: t-student rot df=3
2026-05-06 06:09:20,008 | INFO | Scenario: scenario_2___nu=3 | n_rep: 57 | KDE model: gaussian rot
2026-05-06 06:09:20,601 | INFO | Scenario: scenario_2___nu=3 | n_rep: 57 | KDE model: t-student rot df=3
2026-05-06 06:09:21,272 | INFO | Scenario: scenario_2___nu=3 | n_rep: 58 | KDE model: gaussian rot
2026-05-06 06:09:21,899 | INFO | Scenario: scenario_2___nu=3 | n_rep: 58 | KDE model: t-student rot df=3
2026-05-06 06:09:22,538 | INFO | Scenario: scenario_2___nu=3 | n_rep: 59 | KDE model: gaussian rot
2026-05-06 06:09:22,970 | INFO | Scenario: scenario_2___nu=3 | n_rep: 59 | KDE model: t-student rot df=3
2026-05-06 06:09:23,408 | INFO | Scenario: scenario_2___nu=3 | n_rep: 60 | KDE model: gaussian rot
2026-05-06 06:09:23,802 | INFO | Scenario: scenario_2___nu=3 | n_rep: 60 | KDE model: t-student rot df=3
2026-05-06 06:09:24,238 | INFO | Scenario: scenario_2___nu=3 | n_rep: 61 | KDE model: gaussian rot
2026-05-06 06:09:24,627 | INFO | Scenario: scenario_2___nu=3 | n_rep: 61 | KDE model: t-student rot df=3
2026-05-06 06:09:25,036 | INFO | Scenario: scenario_2___nu=3 | n_rep: 62 | KDE model: gaussian rot
2026-05-06 06:09:25,433 | INFO | Scenario: scenario_2___nu=3 | n_rep: 62 | KDE model: t-student rot df=3
2026-05-06 06:09:25,807 | INFO | Scenario: scenario_2___nu=3 | n_rep: 63 | KDE model: gaussian rot
2026-05-06 06:09:26,258 | INFO | Scenario: scenario_2___nu=3 | n_rep: 63 | KDE model: t-student rot df=3
2026-05-06 06:09:26,711 | INFO | Scenario: scenario_2___nu=3 | n_rep: 64 | KDE model: gaussian rot
2026-05-06 06:09:27,063 | INFO | Scenario: scenario_2___nu=3 | n_rep: 64 | KDE model: t-student rot df=3
2026-05-06 06:09:27,448 | INFO | Scenario: scenario_2___nu=3 | n_rep: 65 | KDE model: gaussian rot
2026-05-06 06:09:27,981 | INFO | Scenario: scenario_2___nu=3 | n_rep: 65 | KDE model: t-student rot df=3
2026-05-06 06:09:28,538 | INFO | Scenario: scenario_2___nu=3 | n_rep: 66 | KDE model: gaussian rot
2026-05-06 06:09:29,221 | INFO | Scenario: scenario_2___nu=3 | n_rep: 66 | KDE model: t-student rot df=3
2026-05-06 06:09:29,919 | INFO | Scenario: scenario_2___nu=3 | n_rep: 67 | KDE model: gaussian rot
2026-05-06 06:09:30,410 | INFO | Scenario: scenario_2___nu=3 | n_rep: 67 | KDE model: t-student rot df=3
2026-05-06 06:09:30,970 | INFO | Scenario: scenario_2___nu=3 | n_rep: 68 | KDE model: gaussian rot
2026-05-06 06:09:31,348 | INFO | Scenario: scenario_2___nu=3 | n_rep: 68 | KDE model: t-student rot df=3
2026-05-06 06:09:31,768 | INFO | Scenario: scenario_2___nu=3 | n_rep: 69 | KDE model: gaussian rot
2026-05-06 06:09:32,356 | INFO | Scenario: scenario_2___nu=3 | n_rep: 69 | KDE model: t-student rot df=3
2026-05-06 06:09:32,909 | INFO | Scenario: scenario_2___nu=3 | n_rep: 70 | KDE model: gaussian rot
2026-05-06 06:09:33,354 | INFO | Scenario: scenario_2___nu=3 | n_rep: 70 | KDE model: t-student rot df=3
2026-05-06 06:09:33,777 | INFO | Scenario: scenario_2___nu=3 | n_rep: 71 | KDE model: gaussian rot
2026-05-06 06:09:34,441 | INFO | Scenario: scenario_2___nu=3 | n_rep: 71 | KDE model: t-student rot df=3
2026-05-06 06:09:35,205 | INFO | Scenario: scenario_2___nu=3 | n_rep: 72 | KDE model: gaussian rot
2026-05-06 06:09:35,575 | INFO | Scenario: scenario_2___nu=3 | n_rep: 72 | KDE model: t-student rot df=3
2026-05-06 06:09:35,942 | INFO | Scenario: scenario_2___nu=3 | n_rep: 73 | KDE model: gaussian rot
2026-05-06 06:09:36,387 | INFO | Scenario: scenario_2___nu=3 | n_rep: 73 | KDE model: t-student rot df=3
2026-05-06 06:09:36,888 | INFO | Scenario: scenario_2___nu=3 | n_rep: 74 | KDE model: gaussian rot
2026-05-06 06:09:37,254 | INFO | Scenario: scenario_2___nu=3 | n_rep: 74 | KDE model: t-student rot df=3
2026-05-06 06:09:37,682 | INFO | Scenario: scenario_2___nu=3 | n_rep: 75 | KDE model: gaussian rot
2026-05-06 06:09:38,312 | INFO | Scenario: scenario_2___nu=3 | n_rep: 75 | KDE model: t-student rot df=3
2026-05-06 06:09:39,020 | INFO | Scenario: scenario_2___nu=3 | n_rep: 76 | KDE model: gaussian rot
2026-05-06 06:09:39,515 | INFO | Scenario: scenario_2___nu=3 | n_rep: 76 | KDE model: t-student rot df=3
2026-05-06 06:09:40,058 | INFO | Scenario: scenario_2___nu=3 | n_rep: 77 | KDE model: gaussian rot
2026-05-06 06:09:40,696 | INFO | Scenario: scenario_2___nu=3 | n_rep: 77 | KDE model: t-student rot df=3
2026-05-06 06:09:41,390 | INFO | Scenario: scenario_2___nu=3 | n_rep: 78 | KDE model: gaussian rot
2026-05-06 06:09:41,906 | INFO | Scenario: scenario_2___nu=3 | n_rep: 78 | KDE model: t-student rot df=3
2026-05-06 06:09:42,397 | INFO | Scenario: scenario_2___nu=3 | n_rep: 79 | KDE model: gaussian rot
2026-05-06 06:09:42,805 | INFO | Scenario: scenario_2___nu=3 | n_rep: 79 | KDE model: t-student rot df=3
2026-05-06 06:09:43,243 | INFO | Scenario: scenario_2___nu=3 | n_rep: 80 | KDE model: gaussian rot
2026-05-06 06:09:43,660 | INFO | Scenario: scenario_2___nu=3 | n_rep: 80 | KDE model: t-student rot df=3
2026-05-06 06:09:44,076 | INFO | Scenario: scenario_2___nu=3 | n_rep: 81 | KDE model: gaussian rot
2026-05-06 06:09:44,483 | INFO | Scenario: scenario_2___nu=3 | n_rep: 81 | KDE model: t-student rot df=3
2026-05-06 06:09:44,848 | INFO | Scenario: scenario_2___nu=3 | n_rep: 82 | KDE model: gaussian rot
2026-05-06 06:09:45,317 | INFO | Scenario: scenario_2___nu=3 | n_rep: 82 | KDE model: t-student rot df=3
2026-05-06 06:09:45,759 | INFO | Scenario: scenario_2___nu=3 | n_rep: 83 | KDE model: gaussian rot
2026-05-06 06:09:46,281 | INFO | Scenario: scenario_2___nu=3 | n_rep: 83 | KDE model: t-student rot df=3
2026-05-06 06:09:46,708 | INFO | Scenario: scenario_2___nu=3 | n_rep: 84 | KDE model: gaussian rot
2026-05-06 06:09:47,396 | INFO | Scenario: scenario_2___nu=3 | n_rep: 84 | KDE model: t-student rot df=3
2026-05-06 06:09:48,052 | INFO | Scenario: scenario_2___nu=3 | n_rep: 85 | KDE model: gaussian rot
2026-05-06 06:09:48,430 | INFO | Scenario: scenario_2___nu=3 | n_rep: 85 | KDE model: t-student rot df=3
2026-05-06 06:09:48,883 | INFO | Scenario: scenario_2___nu=3 | n_rep: 86 | KDE model: gaussian rot
2026-05-06 06:09:49,231 | INFO | Scenario: scenario_2___nu=3 | n_rep: 86 | KDE model: t-student rot df=3
2026-05-06 06:09:49,525 | INFO | Scenario: scenario_2___nu=3 | n_rep: 87 | KDE model: gaussian rot
2026-05-06 06:09:49,863 | INFO | Scenario: scenario_2___nu=3 | n_rep: 87 | KDE model: t-student rot df=3
2026-05-06 06:09:50,229 | INFO | Scenario: scenario_2___nu=3 | n_rep: 88 | KDE model: gaussian rot
2026-05-06 06:09:50,783 | INFO | Scenario: scenario_2___nu=3 | n_rep: 88 | KDE model: t-student rot df=3
2026-05-06 06:09:51,363 | INFO | Scenario: scenario_2___nu=3 | n_rep: 89 | KDE model: gaussian rot
2026-05-06 06:09:51,790 | INFO | Scenario: scenario_2___nu=3 | n_rep: 89 | KDE model: t-student rot df=3
2026-05-06 06:09:52,170 | INFO | Scenario: scenario_2___nu=3 | n_rep: 90 | KDE model: gaussian rot
2026-05-06 06:09:52,870 | INFO | Scenario: scenario_2___nu=3 | n_rep: 90 | KDE model: t-student rot df=3
2026-05-06 06:09:53,504 | INFO | Scenario: scenario_2___nu=3 | n_rep: 91 | KDE model: gaussian rot
2026-05-06 06:09:54,243 | INFO | Scenario: scenario_2___nu=3 | n_rep: 91 | KDE model: t-student rot df=3
2026-05-06 06:09:54,939 | INFO | Scenario: scenario_2___nu=3 | n_rep: 92 | KDE model: gaussian rot
2026-05-06 06:09:55,584 | INFO | Scenario: scenario_2___nu=3 | n_rep: 92 | KDE model: t-student rot df=3
2026-05-06 06:09:56,161 | INFO | Scenario: scenario_2___nu=3 | n_rep: 93 | KDE model: gaussian rot
2026-05-06 06:09:56,639 | INFO | Scenario: scenario_2___nu=3 | n_rep: 93 | KDE model: t-student rot df=3
2026-05-06 06:09:57,141 | INFO | Scenario: scenario_2___nu=3 | n_rep: 94 | KDE model: gaussian rot
2026-05-06 06:09:57,490 | INFO | Scenario: scenario_2___nu=3 | n_rep: 94 | KDE model: t-student rot df=3
2026-05-06 06:09:57,872 | INFO | Scenario: scenario_2___nu=3 | n_rep: 95 | KDE model: gaussian rot
2026-05-06 06:09:58,565 | INFO | Scenario: scenario_2___nu=3 | n_rep: 95 | KDE model: t-student rot df=3
2026-05-06 06:09:59,217 | INFO | Scenario: scenario_2___nu=3 | n_rep: 96 | KDE model: gaussian rot
2026-05-06 06:10:00,017 | INFO | Scenario: scenario_2___nu=3 | n_rep: 96 | KDE model: t-student rot df=3
2026-05-06 06:10:00,857 | INFO | Scenario: scenario_2___nu=3 | n_rep: 97 | KDE model: gaussian rot
2026-05-06 06:10:01,217 | INFO | Scenario: scenario_2___nu=3 | n_rep: 97 | KDE model: t-student rot df=3
2026-05-06 06:10:01,670 | INFO | Scenario: scenario_2___nu=3 | n_rep: 98 | KDE model: gaussian rot
2026-05-06 06:10:02,139 | INFO | Scenario: scenario_2___nu=3 | n_rep: 98 | KDE model: t-student rot df=3
2026-05-06 06:10:02,582 | INFO | Scenario: scenario_2___nu=3 | n_rep: 99 | KDE model: gaussian rot
2026-05-06 06:10:03,044 | INFO | Scenario: scenario_2___nu=3 | n_rep: 99 | KDE model: t-student rot df=3
2026-05-06 06:10:03,369 | INFO | Scenario: scenario_2___nu=3 | n_rep: 100 | KDE model: gaussian rot
2026-05-06 06:10:03,918 | INFO | Scenario: scenario_2___nu=3 | n_rep: 100 | KDE model: t-student rot df=3
2026-05-06 06:10:04,391 | INFO | Scenario: scenario_2___nu=3 | n_rep: 101 | KDE model: gaussian rot
2026-05-06 06:10:04,882 | INFO | Scenario: scenario_2___nu=3 | n_rep: 101 | KDE model: t-student rot df=3
2026-05-06 06:10:05,314 | INFO | Scenario: scenario_2___nu=3 | n_rep: 102 | KDE model: gaussian rot
2026-05-06 06:10:05,738 | INFO | Scenario: scenario_2___nu=3 | n_rep: 102 | KDE model: t-student rot df=3
2026-05-06 06:10:06,162 | INFO | Scenario: scenario_2___nu=3 | n_rep: 103 | KDE model: gaussian rot
2026-05-06 06:10:06,629 | INFO | Scenario: scenario_2___nu=3 | n_rep: 103 | KDE model: t-student rot df=3
2026-05-06 06:10:07,078 | INFO | Scenario: scenario_2___nu=3 | n_rep: 104 | KDE model: gaussian rot
2026-05-06 06:10:07,532 | INFO | Scenario: scenario_2___nu=3 | n_rep: 104 | KDE model: t-student rot df=3
2026-05-06 06:10:07,943 | INFO | Scenario: scenario_2___nu=3 | n_rep: 105 | KDE model: gaussian rot
2026-05-06 06:10:08,720 | INFO | Scenario: scenario_2___nu=3 | n_rep: 105 | KDE model: t-student rot df=3
2026-05-06 06:10:09,591 | INFO | Scenario: scenario_2___nu=3 | n_rep: 106 | KDE model: gaussian rot
2026-05-06 06:10:10,213 | INFO | Scenario: scenario_2___nu=3 | n_rep: 106 | KDE model: t-student rot df=3
2026-05-06 06:10:10,600 | INFO | Scenario: scenario_2___nu=3 | n_rep: 107 | KDE model: gaussian rot
2026-05-06 06:10:11,013 | INFO | Scenario: scenario_2___nu=3 | n_rep: 107 | KDE model: t-student rot df=3
2026-05-06 06:10:11,439 | INFO | Scenario: scenario_2___nu=3 | n_rep: 108 | KDE model: gaussian rot
2026-05-06 06:10:11,792 | INFO | Scenario: scenario_2___nu=3 | n_rep: 108 | KDE model: t-student rot df=3
2026-05-06 06:10:12,126 | INFO | Scenario: scenario_2___nu=3 | n_rep: 109 | KDE model: gaussian rot
2026-05-06 06:10:12,518 | INFO | Scenario: scenario_2___nu=3 | n_rep: 109 | KDE model: t-student rot df=3
2026-05-06 06:10:12,973 | INFO | Scenario: scenario_2___nu=3 | n_rep: 110 | KDE model: gaussian rot
2026-05-06 06:10:13,363 | INFO | Scenario: scenario_2___nu=3 | n_rep: 110 | KDE model: t-student rot df=3
2026-05-06 06:10:13,764 | INFO | Scenario: scenario_2___nu=3 | n_rep: 111 | KDE model: gaussian rot
2026-05-06 06:10:14,236 | INFO | Scenario: scenario_2___nu=3 | n_rep: 111 | KDE model: t-student rot df=3
2026-05-06 06:10:14,746 | INFO | Scenario: scenario_2___nu=3 | n_rep: 112 | KDE model: gaussian rot
2026-05-06 06:10:15,572 | INFO | Scenario: scenario_2___nu=3 | n_rep: 112 | KDE model: t-student rot df=3
2026-05-06 06:10:16,469 | INFO | Scenario: scenario_2___nu=3 | n_rep: 113 | KDE model: gaussian rot
2026-05-06 06:10:16,958 | INFO | Scenario: scenario_2___nu=3 | n_rep: 113 | KDE model: t-student rot df=3
2026-05-06 06:10:17,378 | INFO | Scenario: scenario_2___nu=3 | n_rep: 114 | KDE model: gaussian rot
2026-05-06 06:10:17,805 | INFO | Scenario: scenario_2___nu=3 | n_rep: 114 | KDE model: t-student rot df=3
2026-05-06 06:10:18,142 | INFO | Scenario: scenario_2___nu=3 | n_rep: 115 | KDE model: gaussian rot
2026-05-06 06:10:18,790 | INFO | Scenario: scenario_2___nu=3 | n_rep: 115 | KDE model: t-student rot df=3
2026-05-06 06:10:19,467 | INFO | Scenario: scenario_2___nu=3 | n_rep: 116 | KDE model: gaussian rot
2026-05-06 06:10:19,872 | INFO | Scenario: scenario_2___nu=3 | n_rep: 116 | KDE model: t-student rot df=3
2026-05-06 06:10:20,265 | INFO | Scenario: scenario_2___nu=3 | n_rep: 117 | KDE model: gaussian rot
2026-05-06 06:10:20,921 | INFO | Scenario: scenario_2___nu=3 | n_rep: 117 | KDE model: t-student rot df=3
2026-05-06 06:10:21,570 | INFO | Scenario: scenario_2___nu=3 | n_rep: 118 | KDE model: gaussian rot
2026-05-06 06:10:21,926 | INFO | Scenario: scenario_2___nu=3 | n_rep: 118 | KDE model: t-student rot df=3
2026-05-06 06:10:22,296 | INFO | Scenario: scenario_2___nu=3 | n_rep: 119 | KDE model: gaussian rot
2026-05-06 06:10:22,774 | INFO | Scenario: scenario_2___nu=3 | n_rep: 119 | KDE model: t-student rot df=3
2026-05-06 06:10:23,226 | INFO | Scenario: scenario_2___nu=3 | n_rep: 120 | KDE model: gaussian rot
2026-05-06 06:10:24,236 | INFO | Scenario: scenario_2___nu=3 | n_rep: 120 | KDE model: t-student rot df=3
2026-05-06 06:10:25,266 | INFO | Scenario: scenario_2___nu=3 | n_rep: 121 | KDE model: gaussian rot
2026-05-06 06:10:26,058 | INFO | Scenario: scenario_2___nu=3 | n_rep: 121 | KDE model: t-student rot df=3
2026-05-06 06:10:26,740 | INFO | Scenario: scenario_2___nu=3 | n_rep: 122 | KDE model: gaussian rot
2026-05-06 06:10:27,404 | INFO | Scenario: scenario_2___nu=3 | n_rep: 122 | KDE model: t-student rot df=3
2026-05-06 06:10:28,035 | INFO | Scenario: scenario_2___nu=3 | n_rep: 123 | KDE model: gaussian rot
2026-05-06 06:10:28,459 | INFO | Scenario: scenario_2___nu=3 | n_rep: 123 | KDE model: t-student rot df=3
2026-05-06 06:10:28,823 | INFO | Scenario: scenario_2___nu=3 | n_rep: 124 | KDE model: gaussian rot
2026-05-06 06:10:29,343 | INFO | Scenario: scenario_2___nu=3 | n_rep: 124 | KDE model: t-student rot df=3
2026-05-06 06:10:29,911 | INFO | Scenario: scenario_2___nu=3 | n_rep: 125 | KDE model: gaussian rot
2026-05-06 06:10:30,376 | INFO | Scenario: scenario_2___nu=3 | n_rep: 125 | KDE model: t-student rot df=3
2026-05-06 06:10:30,876 | INFO | Scenario: scenario_2___nu=3 | n_rep: 126 | KDE model: gaussian rot
2026-05-06 06:10:31,364 | INFO | Scenario: scenario_2___nu=3 | n_rep: 126 | KDE model: t-student rot df=3
2026-05-06 06:10:31,838 | INFO | Scenario: scenario_2___nu=3 | n_rep: 127 | KDE model: gaussian rot
2026-05-06 06:10:32,267 | INFO | Scenario: scenario_2___nu=3 | n_rep: 127 | KDE model: t-student rot df=3
2026-05-06 06:10:32,680 | INFO | Scenario: scenario_2___nu=3 | n_rep: 128 | KDE model: gaussian rot
2026-05-06 06:10:33,066 | INFO | Scenario: scenario_2___nu=3 | n_rep: 128 | KDE model: t-student rot df=3
2026-05-06 06:10:33,448 | INFO | Scenario: scenario_2___nu=3 | n_rep: 129 | KDE model: gaussian rot
2026-05-06 06:10:33,931 | INFO | Scenario: scenario_2___nu=3 | n_rep: 129 | KDE model: t-student rot df=3
2026-05-06 06:10:34,373 | INFO | Scenario: scenario_2___nu=3 | n_rep: 130 | KDE model: gaussian rot
2026-05-06 06:10:34,785 | INFO | Scenario: scenario_2___nu=3 | n_rep: 130 | KDE model: t-student rot df=3
2026-05-06 06:10:35,177 | INFO | Scenario: scenario_2___nu=3 | n_rep: 131 | KDE model: gaussian rot
2026-05-06 06:10:35,624 | INFO | Scenario: scenario_2___nu=3 | n_rep: 131 | KDE model: t-student rot df=3
2026-05-06 06:10:36,059 | INFO | Scenario: scenario_2___nu=3 | n_rep: 132 | KDE model: gaussian rot
2026-05-06 06:10:36,447 | INFO | Scenario: scenario_2___nu=3 | n_rep: 132 | KDE model: t-student rot df=3
2026-05-06 06:10:36,841 | INFO | Scenario: scenario_2___nu=3 | n_rep: 133 | KDE model: gaussian rot
2026-05-06 06:10:37,572 | INFO | Scenario: scenario_2___nu=3 | n_rep: 133 | KDE model: t-student rot df=3
2026-05-06 06:10:38,261 | INFO | Scenario: scenario_2___nu=3 | n_rep: 134 | KDE model: gaussian rot
2026-05-06 06:10:38,769 | INFO | Scenario: scenario_2___nu=3 | n_rep: 134 | KDE model: t-student rot df=3
2026-05-06 06:10:39,206 | INFO | Scenario: scenario_2___nu=3 | n_rep: 135 | KDE model: gaussian rot
2026-05-06 06:10:39,764 | INFO | Scenario: scenario_2___nu=3 | n_rep: 135 | KDE model: t-student rot df=3
2026-05-06 06:10:40,313 | INFO | Scenario: scenario_2___nu=3 | n_rep: 136 | KDE model: gaussian rot
2026-05-06 06:10:40,805 | INFO | Scenario: scenario_2___nu=3 | n_rep: 136 | KDE model: t-student rot df=3
2026-05-06 06:10:41,413 | INFO | Scenario: scenario_2___nu=3 | n_rep: 137 | KDE model: gaussian rot
2026-05-06 06:10:41,818 | INFO | Scenario: scenario_2___nu=3 | n_rep: 137 | KDE model: t-student rot df=3
2026-05-06 06:10:42,257 | INFO | Scenario: scenario_2___nu=3 | n_rep: 138 | KDE model: gaussian rot
2026-05-06 06:10:42,620 | INFO | Scenario: scenario_2___nu=3 | n_rep: 138 | KDE model: t-student rot df=3
2026-05-06 06:10:42,983 | INFO | Scenario: scenario_2___nu=3 | n_rep: 139 | KDE model: gaussian rot
2026-05-06 06:10:43,519 | INFO | Scenario: scenario_2___nu=3 | n_rep: 139 | KDE model: t-student rot df=3
2026-05-06 06:10:44,105 | INFO | Scenario: scenario_2___nu=3 | n_rep: 140 | KDE model: gaussian rot
2026-05-06 06:10:44,571 | INFO | Scenario: scenario_2___nu=3 | n_rep: 140 | KDE model: t-student rot df=3
2026-05-06 06:10:45,260 | INFO | Scenario: scenario_2___nu=3 | n_rep: 141 | KDE model: gaussian rot
2026-05-06 06:10:45,840 | INFO | Scenario: scenario_2___nu=3 | n_rep: 141 | KDE model: t-student rot df=3
2026-05-06 06:10:46,412 | INFO | Scenario: scenario_2___nu=3 | n_rep: 142 | KDE model: gaussian rot
2026-05-06 06:10:46,749 | INFO | Scenario: scenario_2___nu=3 | n_rep: 142 | KDE model: t-student rot df=3
2026-05-06 06:10:47,113 | INFO | Scenario: scenario_2___nu=3 | n_rep: 143 | KDE model: gaussian rot
2026-05-06 06:10:47,583 | INFO | Scenario: scenario_2___nu=3 | n_rep: 143 | KDE model: t-student rot df=3
2026-05-06 06:10:48,007 | INFO | Scenario: scenario_2___nu=3 | n_rep: 144 | KDE model: gaussian rot
2026-05-06 06:10:48,599 | INFO | Scenario: scenario_2___nu=3 | n_rep: 144 | KDE model: t-student rot df=3
2026-05-06 06:10:49,174 | INFO | Scenario: scenario_2___nu=3 | n_rep: 145 | KDE model: gaussian rot
2026-05-06 06:10:49,578 | INFO | Scenario: scenario_2___nu=3 | n_rep: 145 | KDE model: t-student rot df=3
2026-05-06 06:10:49,950 | INFO | Scenario: scenario_2___nu=3 | n_rep: 146 | KDE model: gaussian rot
2026-05-06 06:10:51,157 | INFO | Scenario: scenario_2___nu=3 | n_rep: 146 | KDE model: t-student rot df=3
2026-05-06 06:10:52,360 | INFO | Scenario: scenario_2___nu=3 | n_rep: 147 | KDE model: gaussian rot
2026-05-06 06:10:52,734 | INFO | Scenario: scenario_2___nu=3 | n_rep: 147 | KDE model: t-student rot df=3
2026-05-06 06:10:53,098 | INFO | Scenario: scenario_2___nu=3 | n_rep: 148 | KDE model: gaussian rot
2026-05-06 06:10:53,866 | INFO | Scenario: scenario_2___nu=3 | n_rep: 148 | KDE model: t-student rot df=3
2026-05-06 06:10:54,510 | INFO | Scenario: scenario_2___nu=3 | n_rep: 149 | KDE model: gaussian rot
2026-05-06 06:10:54,943 | INFO | Scenario: scenario_2___nu=3 | n_rep: 149 | KDE model: t-student rot df=3
2026-05-06 06:10:55,388 | INFO | Scenario: scenario_2___nu=3 | n_rep: 150 | KDE model: gaussian rot
2026-05-06 06:10:55,848 | INFO | Scenario: scenario_2___nu=3 | n_rep: 150 | KDE model: t-student rot df=3
2026-05-06 06:10:56,267 | INFO | Scenario: scenario_2___nu=3 | n_rep: 151 | KDE model: gaussian rot
2026-05-06 06:10:56,687 | INFO | Scenario: scenario_2___nu=3 | n_rep: 151 | KDE model: t-student rot df=3
2026-05-06 06:10:57,159 | INFO | Scenario: scenario_2___nu=3 | n_rep: 152 | KDE model: gaussian rot
2026-05-06 06:10:57,786 | INFO | Scenario: scenario_2___nu=3 | n_rep: 152 | KDE model: t-student rot df=3
2026-05-06 06:10:58,427 | INFO | Scenario: scenario_2___nu=3 | n_rep: 153 | KDE model: gaussian rot
2026-05-06 06:10:58,903 | INFO | Scenario: scenario_2___nu=3 | n_rep: 153 | KDE model: t-student rot df=3
2026-05-06 06:10:59,383 | INFO | Scenario: scenario_2___nu=3 | n_rep: 154 | KDE model: gaussian rot
2026-05-06 06:11:00,077 | INFO | Scenario: scenario_2___nu=3 | n_rep: 154 | KDE model: t-student rot df=3
2026-05-06 06:11:00,943 | INFO | Scenario: scenario_2___nu=3 | n_rep: 155 | KDE model: gaussian rot
2026-05-06 06:11:01,440 | INFO | Scenario: scenario_2___nu=3 | n_rep: 155 | KDE model: t-student rot df=3
2026-05-06 06:11:01,881 | INFO | Scenario: scenario_2___nu=3 | n_rep: 156 | KDE model: gaussian rot
2026-05-06 06:11:02,283 | INFO | Scenario: scenario_2___nu=3 | n_rep: 156 | KDE model: t-student rot df=3
2026-05-06 06:11:02,637 | INFO | Scenario: scenario_2___nu=3 | n_rep: 157 | KDE model: gaussian rot
2026-05-06 06:11:03,071 | INFO | Scenario: scenario_2___nu=3 | n_rep: 157 | KDE model: t-student rot df=3
2026-05-06 06:11:03,483 | INFO | Scenario: scenario_2___nu=3 | n_rep: 158 | KDE model: gaussian rot
2026-05-06 06:11:04,142 | INFO | Scenario: scenario_2___nu=3 | n_rep: 158 | KDE model: t-student rot df=3
2026-05-06 06:11:04,797 | INFO | Scenario: scenario_2___nu=3 | n_rep: 159 | KDE model: gaussian rot
2026-05-06 06:11:05,279 | INFO | Scenario: scenario_2___nu=3 | n_rep: 159 | KDE model: t-student rot df=3
2026-05-06 06:11:05,752 | INFO | Scenario: scenario_2___nu=3 | n_rep: 160 | KDE model: gaussian rot
2026-05-06 06:11:06,377 | INFO | Scenario: scenario_2___nu=3 | n_rep: 160 | KDE model: t-student rot df=3
2026-05-06 06:11:07,041 | INFO | Scenario: scenario_2___nu=3 | n_rep: 161 | KDE model: gaussian rot
2026-05-06 06:11:07,496 | INFO | Scenario: scenario_2___nu=3 | n_rep: 161 | KDE model: t-student rot df=3
2026-05-06 06:11:07,961 | INFO | Scenario: scenario_2___nu=3 | n_rep: 162 | KDE model: gaussian rot
2026-05-06 06:11:08,713 | INFO | Scenario: scenario_2___nu=3 | n_rep: 162 | KDE model: t-student rot df=3
2026-05-06 06:11:09,431 | INFO | Scenario: scenario_2___nu=3 | n_rep: 163 | KDE model: gaussian rot
2026-05-06 06:11:09,781 | INFO | Scenario: scenario_2___nu=3 | n_rep: 163 | KDE model: t-student rot df=3
2026-05-06 06:11:10,121 | INFO | Scenario: scenario_2___nu=3 | n_rep: 164 | KDE model: gaussian rot
2026-05-06 06:11:10,879 | INFO | Scenario: scenario_2___nu=3 | n_rep: 164 | KDE model: t-student rot df=3
2026-05-06 06:11:11,350 | INFO | Scenario: scenario_2___nu=3 | n_rep: 165 | KDE model: gaussian rot
2026-05-06 06:11:11,691 | INFO | Scenario: scenario_2___nu=3 | n_rep: 165 | KDE model: t-student rot df=3
2026-05-06 06:11:12,083 | INFO | Scenario: scenario_2___nu=3 | n_rep: 166 | KDE model: gaussian rot
2026-05-06 06:11:12,522 | INFO | Scenario: scenario_2___nu=3 | n_rep: 166 | KDE model: t-student rot df=3
2026-05-06 06:11:13,014 | INFO | Scenario: scenario_2___nu=3 | n_rep: 167 | KDE model: gaussian rot
2026-05-06 06:11:13,418 | INFO | Scenario: scenario_2___nu=3 | n_rep: 167 | KDE model: t-student rot df=3
2026-05-06 06:11:13,797 | INFO | Scenario: scenario_2___nu=3 | n_rep: 168 | KDE model: gaussian rot
2026-05-06 06:11:14,493 | INFO | Scenario: scenario_2___nu=3 | n_rep: 168 | KDE model: t-student rot df=3
2026-05-06 06:11:15,162 | INFO | Scenario: scenario_2___nu=3 | n_rep: 169 | KDE model: gaussian rot
2026-05-06 06:11:15,516 | INFO | Scenario: scenario_2___nu=3 | n_rep: 169 | KDE model: t-student rot df=3
2026-05-06 06:11:15,851 | INFO | Scenario: scenario_2___nu=3 | n_rep: 170 | KDE model: gaussian rot
2026-05-06 06:11:16,365 | INFO | Scenario: scenario_2___nu=3 | n_rep: 170 | KDE model: t-student rot df=3
2026-05-06 06:11:16,868 | INFO | Scenario: scenario_2___nu=3 | n_rep: 171 | KDE model: gaussian rot
2026-05-06 06:11:17,439 | INFO | Scenario: scenario_2___nu=3 | n_rep: 171 | KDE model: t-student rot df=3
2026-05-06 06:11:17,817 | INFO | Scenario: scenario_2___nu=3 | n_rep: 172 | KDE model: gaussian rot
2026-05-06 06:11:18,535 | INFO | Scenario: scenario_2___nu=3 | n_rep: 172 | KDE model: t-student rot df=3
2026-05-06 06:11:19,213 | INFO | Scenario: scenario_2___nu=3 | n_rep: 173 | KDE model: gaussian rot
2026-05-06 06:11:19,626 | INFO | Scenario: scenario_2___nu=3 | n_rep: 173 | KDE model: t-student rot df=3
2026-05-06 06:11:20,107 | INFO | Scenario: scenario_2___nu=3 | n_rep: 174 | KDE model: gaussian rot
2026-05-06 06:11:20,618 | INFO | Scenario: scenario_2___nu=3 | n_rep: 174 | KDE model: t-student rot df=3
2026-05-06 06:11:21,052 | INFO | Scenario: scenario_2___nu=3 | n_rep: 175 | KDE model: gaussian rot
2026-05-06 06:11:21,532 | INFO | Scenario: scenario_2___nu=3 | n_rep: 175 | KDE model: t-student rot df=3
2026-05-06 06:11:22,020 | INFO | Scenario: scenario_2___nu=3 | n_rep: 176 | KDE model: gaussian rot
2026-05-06 06:11:23,166 | INFO | Scenario: scenario_2___nu=3 | n_rep: 176 | KDE model: t-student rot df=3
2026-05-06 06:11:24,263 | INFO | Scenario: scenario_2___nu=3 | n_rep: 177 | KDE model: gaussian rot
2026-05-06 06:11:24,625 | INFO | Scenario: scenario_2___nu=3 | n_rep: 177 | KDE model: t-student rot df=3
2026-05-06 06:11:25,015 | INFO | Scenario: scenario_2___nu=3 | n_rep: 178 | KDE model: gaussian rot
2026-05-06 06:11:25,406 | INFO | Scenario: scenario_2___nu=3 | n_rep: 178 | KDE model: t-student rot df=3
2026-05-06 06:11:25,859 | INFO | Scenario: scenario_2___nu=3 | n_rep: 179 | KDE model: gaussian rot
2026-05-06 06:11:26,232 | INFO | Scenario: scenario_2___nu=3 | n_rep: 179 | KDE model: t-student rot df=3
2026-05-06 06:11:26,877 | INFO | Scenario: scenario_2___nu=3 | n_rep: 180 | KDE model: gaussian rot
2026-05-06 06:11:27,315 | INFO | Scenario: scenario_2___nu=3 | n_rep: 180 | KDE model: t-student rot df=3
2026-05-06 06:11:27,734 | INFO | Scenario: scenario_2___nu=3 | n_rep: 181 | KDE model: gaussian rot
2026-05-06 06:11:28,409 | INFO | Scenario: scenario_2___nu=3 | n_rep: 181 | KDE model: t-student rot df=3
2026-05-06 06:11:29,126 | INFO | Scenario: scenario_2___nu=3 | n_rep: 182 | KDE model: gaussian rot
2026-05-06 06:11:29,784 | INFO | Scenario: scenario_2___nu=3 | n_rep: 182 | KDE model: t-student rot df=3
2026-05-06 06:11:30,453 | INFO | Scenario: scenario_2___nu=3 | n_rep: 183 | KDE model: gaussian rot
2026-05-06 06:11:30,823 | INFO | Scenario: scenario_2___nu=3 | n_rep: 183 | KDE model: t-student rot df=3
2026-05-06 06:11:31,218 | INFO | Scenario: scenario_2___nu=3 | n_rep: 184 | KDE model: gaussian rot
2026-05-06 06:11:31,887 | INFO | Scenario: scenario_2___nu=3 | n_rep: 184 | KDE model: t-student rot df=3
2026-05-06 06:11:32,627 | INFO | Scenario: scenario_2___nu=3 | n_rep: 185 | KDE model: gaussian rot
2026-05-06 06:11:33,147 | INFO | Scenario: scenario_2___nu=3 | n_rep: 185 | KDE model: t-student rot df=3
2026-05-06 06:11:33,648 | INFO | Scenario: scenario_2___nu=3 | n_rep: 186 | KDE model: gaussian rot
2026-05-06 06:11:35,287 | INFO | Scenario: scenario_2___nu=3 | n_rep: 186 | KDE model: t-student rot df=3
2026-05-06 06:11:36,485 | INFO | Scenario: scenario_2___nu=3 | n_rep: 187 | KDE model: gaussian rot
2026-05-06 06:11:36,990 | INFO | Scenario: scenario_2___nu=3 | n_rep: 187 | KDE model: t-student rot df=3
2026-05-06 06:11:37,478 | INFO | Scenario: scenario_2___nu=3 | n_rep: 188 | KDE model: gaussian rot
2026-05-06 06:11:38,409 | INFO | Scenario: scenario_2___nu=3 | n_rep: 188 | KDE model: t-student rot df=3
2026-05-06 06:11:39,259 | INFO | Scenario: scenario_2___nu=3 | n_rep: 189 | KDE model: gaussian rot
2026-05-06 06:11:39,795 | INFO | Scenario: scenario_2___nu=3 | n_rep: 189 | KDE model: t-student rot df=3
2026-05-06 06:11:40,263 | INFO | Scenario: scenario_2___nu=3 | n_rep: 190 | KDE model: gaussian rot
2026-05-06 06:11:40,886 | INFO | Scenario: scenario_2___nu=3 | n_rep: 190 | KDE model: t-student rot df=3
2026-05-06 06:11:41,534 | INFO | Scenario: scenario_2___nu=3 | n_rep: 191 | KDE model: gaussian rot
2026-05-06 06:11:42,277 | INFO | Scenario: scenario_2___nu=3 | n_rep: 191 | KDE model: t-student rot df=3
2026-05-06 06:11:42,953 | INFO | Scenario: scenario_2___nu=3 | n_rep: 192 | KDE model: gaussian rot
2026-05-06 06:11:43,361 | INFO | Scenario: scenario_2___nu=3 | n_rep: 192 | KDE model: t-student rot df=3
2026-05-06 06:11:43,779 | INFO | Scenario: scenario_2___nu=3 | n_rep: 193 | KDE model: gaussian rot
2026-05-06 06:11:44,221 | INFO | Scenario: scenario_2___nu=3 | n_rep: 193 | KDE model: t-student rot df=3
2026-05-06 06:11:44,632 | INFO | Scenario: scenario_2___nu=3 | n_rep: 194 | KDE model: gaussian rot
2026-05-06 06:11:45,050 | INFO | Scenario: scenario_2___nu=3 | n_rep: 194 | KDE model: t-student rot df=3
2026-05-06 06:11:45,458 | INFO | Scenario: scenario_2___nu=3 | n_rep: 195 | KDE model: gaussian rot
2026-05-06 06:11:46,127 | INFO | Scenario: scenario_2___nu=3 | n_rep: 195 | KDE model: t-student rot df=3
2026-05-06 06:11:46,832 | INFO | Scenario: scenario_2___nu=3 | n_rep: 196 | KDE model: gaussian rot
2026-05-06 06:11:47,258 | INFO | Scenario: scenario_2___nu=3 | n_rep: 196 | KDE model: t-student rot df=3
2026-05-06 06:11:47,662 | INFO | Scenario: scenario_2___nu=3 | n_rep: 197 | KDE model: gaussian rot
2026-05-06 06:11:48,450 | INFO | Scenario: scenario_2___nu=3 | n_rep: 197 | KDE model: t-student rot df=3
2026-05-06 06:11:49,211 | INFO | Scenario: scenario_2___nu=3 | n_rep: 198 | KDE model: gaussian rot
2026-05-06 06:11:49,732 | INFO | Scenario: scenario_2___nu=3 | n_rep: 198 | KDE model: t-student rot df=3
2026-05-06 06:11:50,205 | INFO | Scenario: scenario_2___nu=3 | n_rep: 199 | KDE model: gaussian rot
2026-05-06 06:11:50,597 | INFO | Scenario: scenario_2___nu=3 | n_rep: 199 | KDE model: t-student rot df=3
2026-05-06 06:11:50,986 | INFO | Scenario: scenario_2___nu=3 | n_rep: 200 | KDE model: gaussian rot
2026-05-06 06:11:51,680 | INFO | Scenario: scenario_2___nu=3 | n_rep: 200 | KDE model: t-student rot df=3
2026-05-06 06:11:52,360 | INFO | Scenario: scenario_2___nu=3 | n_rep: 201 | KDE model: gaussian rot
2026-05-06 06:11:53,143 | INFO | Scenario: scenario_2___nu=3 | n_rep: 201 | KDE model: t-student rot df=3
2026-05-06 06:11:53,657 | INFO | Scenario: scenario_2___nu=3 | n_rep: 202 | KDE model: gaussian rot
2026-05-06 06:11:54,012 | INFO | Scenario: scenario_2___nu=3 | n_rep: 202 | KDE model: t-student rot df=3
2026-05-06 06:11:54,394 | INFO | Scenario: scenario_2___nu=3 | n_rep: 203 | KDE model: gaussian rot
2026-05-06 06:11:54,843 | INFO | Scenario: scenario_2___nu=3 | n_rep: 203 | KDE model: t-student rot df=3
2026-05-06 06:11:55,269 | INFO | Scenario: scenario_2___nu=3 | n_rep: 204 | KDE model: gaussian rot
2026-05-06 06:11:55,933 | INFO | Scenario: scenario_2___nu=3 | n_rep: 204 | KDE model: t-student rot df=3
2026-05-06 06:11:56,648 | INFO | Scenario: scenario_2___nu=3 | n_rep: 205 | KDE model: gaussian rot
2026-05-06 06:11:57,350 | INFO | Scenario: scenario_2___nu=3 | n_rep: 205 | KDE model: t-student rot df=3
2026-05-06 06:11:58,008 | INFO | Scenario: scenario_2___nu=3 | n_rep: 206 | KDE model: gaussian rot
2026-05-06 06:11:58,664 | INFO | Scenario: scenario_2___nu=3 | n_rep: 206 | KDE model: t-student rot df=3
2026-05-06 06:11:59,416 | INFO | Scenario: scenario_2___nu=3 | n_rep: 207 | KDE model: gaussian rot
2026-05-06 06:11:59,873 | INFO | Scenario: scenario_2___nu=3 | n_rep: 207 | KDE model: t-student rot df=3
2026-05-06 06:12:00,290 | INFO | Scenario: scenario_2___nu=3 | n_rep: 208 | KDE model: gaussian rot
2026-05-06 06:12:00,752 | INFO | Scenario: scenario_2___nu=3 | n_rep: 208 | KDE model: t-student rot df=3
2026-05-06 06:12:01,432 | INFO | Scenario: scenario_2___nu=3 | n_rep: 209 | KDE model: gaussian rot
2026-05-06 06:12:01,856 | INFO | Scenario: scenario_2___nu=3 | n_rep: 209 | KDE model: t-student rot df=3
2026-05-06 06:12:02,264 | INFO | Scenario: scenario_2___nu=3 | n_rep: 210 | KDE model: gaussian rot
2026-05-06 06:12:02,896 | INFO | Scenario: scenario_2___nu=3 | n_rep: 210 | KDE model: t-student rot df=3
2026-05-06 06:12:03,718 | INFO | Scenario: scenario_2___nu=3 | n_rep: 211 | KDE model: gaussian rot
2026-05-06 06:12:04,271 | INFO | Scenario: scenario_2___nu=3 | n_rep: 211 | KDE model: t-student rot df=3
2026-05-06 06:12:04,858 | INFO | Scenario: scenario_2___nu=3 | n_rep: 212 | KDE model: gaussian rot
2026-05-06 06:12:05,633 | INFO | Scenario: scenario_2___nu=3 | n_rep: 212 | KDE model: t-student rot df=3
2026-05-06 06:12:06,427 | INFO | Scenario: scenario_2___nu=3 | n_rep: 213 | KDE model: gaussian rot
2026-05-06 06:12:06,804 | INFO | Scenario: scenario_2___nu=3 | n_rep: 213 | KDE model: t-student rot df=3
2026-05-06 06:12:07,207 | INFO | Scenario: scenario_2___nu=3 | n_rep: 214 | KDE model: gaussian rot
2026-05-06 06:12:08,172 | INFO | Scenario: scenario_2___nu=3 | n_rep: 214 | KDE model: t-student rot df=3
2026-05-06 06:12:08,911 | INFO | Scenario: scenario_2___nu=3 | n_rep: 215 | KDE model: gaussian rot
2026-05-06 06:12:09,390 | INFO | Scenario: scenario_2___nu=3 | n_rep: 215 | KDE model: t-student rot df=3
2026-05-06 06:12:09,776 | INFO | Scenario: scenario_2___nu=3 | n_rep: 216 | KDE model: gaussian rot
2026-05-06 06:12:10,174 | INFO | Scenario: scenario_2___nu=3 | n_rep: 216 | KDE model: t-student rot df=3
2026-05-06 06:12:10,566 | INFO | Scenario: scenario_2___nu=3 | n_rep: 217 | KDE model: gaussian rot
2026-05-06 06:12:11,301 | INFO | Scenario: scenario_2___nu=3 | n_rep: 217 | KDE model: t-student rot df=3
2026-05-06 06:12:12,015 | INFO | Scenario: scenario_2___nu=3 | n_rep: 218 | KDE model: gaussian rot
2026-05-06 06:12:12,433 | INFO | Scenario: scenario_2___nu=3 | n_rep: 218 | KDE model: t-student rot df=3
2026-05-06 06:12:12,827 | INFO | Scenario: scenario_2___nu=3 | n_rep: 219 | KDE model: gaussian rot
2026-05-06 06:12:13,260 | INFO | Scenario: scenario_2___nu=3 | n_rep: 219 | KDE model: t-student rot df=3
2026-05-06 06:12:13,649 | INFO | Scenario: scenario_2___nu=3 | n_rep: 220 | KDE model: gaussian rot
2026-05-06 06:12:14,096 | INFO | Scenario: scenario_2___nu=3 | n_rep: 220 | KDE model: t-student rot df=3
2026-05-06 06:12:14,573 | INFO | Scenario: scenario_2___nu=3 | n_rep: 221 | KDE model: gaussian rot
2026-05-06 06:12:15,167 | INFO | Scenario: scenario_2___nu=3 | n_rep: 221 | KDE model: t-student rot df=3
2026-05-06 06:12:15,768 | INFO | Scenario: scenario_2___nu=3 | n_rep: 222 | KDE model: gaussian rot
2026-05-06 06:12:16,436 | INFO | Scenario: scenario_2___nu=3 | n_rep: 222 | KDE model: t-student rot df=3
2026-05-06 06:12:17,072 | INFO | Scenario: scenario_2___nu=3 | n_rep: 223 | KDE model: gaussian rot
2026-05-06 06:12:17,448 | INFO | Scenario: scenario_2___nu=3 | n_rep: 223 | KDE model: t-student rot df=3
2026-05-06 06:12:17,849 | INFO | Scenario: scenario_2___nu=3 | n_rep: 224 | KDE model: gaussian rot
2026-05-06 06:12:18,297 | INFO | Scenario: scenario_2___nu=3 | n_rep: 224 | KDE model: t-student rot df=3
2026-05-06 06:12:18,730 | INFO | Scenario: scenario_2___nu=3 | n_rep: 225 | KDE model: gaussian rot
2026-05-06 06:12:19,388 | INFO | Scenario: scenario_2___nu=3 | n_rep: 225 | KDE model: t-student rot df=3
2026-05-06 06:12:20,031 | INFO | Scenario: scenario_2___nu=3 | n_rep: 226 | KDE model: gaussian rot
2026-05-06 06:12:20,808 | INFO | Scenario: scenario_2___nu=3 | n_rep: 226 | KDE model: t-student rot df=3
2026-05-06 06:12:21,468 | INFO | Scenario: scenario_2___nu=3 | n_rep: 227 | KDE model: gaussian rot
2026-05-06 06:12:22,093 | INFO | Scenario: scenario_2___nu=3 | n_rep: 227 | KDE model: t-student rot df=3
2026-05-06 06:12:22,557 | INFO | Scenario: scenario_2___nu=3 | n_rep: 228 | KDE model: gaussian rot
2026-05-06 06:12:23,023 | INFO | Scenario: scenario_2___nu=3 | n_rep: 228 | KDE model: t-student rot df=3
2026-05-06 06:12:23,421 | INFO | Scenario: scenario_2___nu=3 | n_rep: 229 | KDE model: gaussian rot
2026-05-06 06:12:23,748 | INFO | Scenario: scenario_2___nu=3 | n_rep: 229 | KDE model: t-student rot df=3
2026-05-06 06:12:24,163 | INFO | Scenario: scenario_2___nu=3 | n_rep: 230 | KDE model: gaussian rot
2026-05-06 06:12:24,622 | INFO | Scenario: scenario_2___nu=3 | n_rep: 230 | KDE model: t-student rot df=3
2026-05-06 06:12:25,065 | INFO | Scenario: scenario_2___nu=3 | n_rep: 231 | KDE model: gaussian rot
2026-05-06 06:12:25,407 | INFO | Scenario: scenario_2___nu=3 | n_rep: 231 | KDE model: t-student rot df=3
2026-05-06 06:12:25,732 | INFO | Scenario: scenario_2___nu=3 | n_rep: 232 | KDE model: gaussian rot
2026-05-06 06:12:26,235 | INFO | Scenario: scenario_2___nu=3 | n_rep: 232 | KDE model: t-student rot df=3
2026-05-06 06:12:26,708 | INFO | Scenario: scenario_2___nu=3 | n_rep: 233 | KDE model: gaussian rot
2026-05-06 06:12:27,369 | INFO | Scenario: scenario_2___nu=3 | n_rep: 233 | KDE model: t-student rot df=3
2026-05-06 06:12:27,982 | INFO | Scenario: scenario_2___nu=3 | n_rep: 234 | KDE model: gaussian rot
2026-05-06 06:12:28,383 | INFO | Scenario: scenario_2___nu=3 | n_rep: 234 | KDE model: t-student rot df=3
2026-05-06 06:12:28,780 | INFO | Scenario: scenario_2___nu=3 | n_rep: 235 | KDE model: gaussian rot
2026-05-06 06:12:29,260 | INFO | Scenario: scenario_2___nu=3 | n_rep: 235 | KDE model: t-student rot df=3
2026-05-06 06:12:29,643 | INFO | Scenario: scenario_2___nu=3 | n_rep: 236 | KDE model: gaussian rot
2026-05-06 06:12:30,015 | INFO | Scenario: scenario_2___nu=3 | n_rep: 236 | KDE model: t-student rot df=3
2026-05-06 06:12:30,395 | INFO | Scenario: scenario_2___nu=3 | n_rep: 237 | KDE model: gaussian rot
2026-05-06 06:12:31,030 | INFO | Scenario: scenario_2___nu=3 | n_rep: 237 | KDE model: t-student rot df=3
2026-05-06 06:12:31,641 | INFO | Scenario: scenario_2___nu=3 | n_rep: 238 | KDE model: gaussian rot
2026-05-06 06:12:32,135 | INFO | Scenario: scenario_2___nu=3 | n_rep: 238 | KDE model: t-student rot df=3
2026-05-06 06:12:32,620 | INFO | Scenario: scenario_2___nu=3 | n_rep: 239 | KDE model: gaussian rot
2026-05-06 06:12:33,261 | INFO | Scenario: scenario_2___nu=3 | n_rep: 239 | KDE model: t-student rot df=3
2026-05-06 06:12:33,674 | INFO | Scenario: scenario_2___nu=3 | n_rep: 240 | KDE model: gaussian rot
2026-05-06 06:12:34,270 | INFO | Scenario: scenario_2___nu=3 | n_rep: 240 | KDE model: t-student rot df=3
2026-05-06 06:12:34,786 | INFO | Scenario: scenario_2___nu=3 | n_rep: 241 | KDE model: gaussian rot
2026-05-06 06:12:35,543 | INFO | Scenario: scenario_2___nu=3 | n_rep: 241 | KDE model: t-student rot df=3
2026-05-06 06:12:36,340 | INFO | Scenario: scenario_2___nu=3 | n_rep: 242 | KDE model: gaussian rot
2026-05-06 06:12:36,771 | INFO | Scenario: scenario_2___nu=3 | n_rep: 242 | KDE model: t-student rot df=3
2026-05-06 06:12:37,163 | INFO | Scenario: scenario_2___nu=3 | n_rep: 243 | KDE model: gaussian rot
2026-05-06 06:12:37,719 | INFO | Scenario: scenario_2___nu=3 | n_rep: 243 | KDE model: t-student rot df=3
2026-05-06 06:12:38,200 | INFO | Scenario: scenario_2___nu=3 | n_rep: 244 | KDE model: gaussian rot
2026-05-06 06:12:38,669 | INFO | Scenario: scenario_2___nu=3 | n_rep: 244 | KDE model: t-student rot df=3
2026-05-06 06:12:39,189 | INFO | Scenario: scenario_2___nu=3 | n_rep: 245 | KDE model: gaussian rot
2026-05-06 06:12:39,947 | INFO | Scenario: scenario_2___nu=3 | n_rep: 245 | KDE model: t-student rot df=3
2026-05-06 06:12:40,606 | INFO | Scenario: scenario_2___nu=3 | n_rep: 246 | KDE model: gaussian rot
2026-05-06 06:12:41,018 | INFO | Scenario: scenario_2___nu=3 | n_rep: 246 | KDE model: t-student rot df=3
2026-05-06 06:12:41,815 | INFO | Scenario: scenario_2___nu=3 | n_rep: 247 | KDE model: gaussian rot
2026-05-06 06:12:42,394 | INFO | Scenario: scenario_2___nu=3 | n_rep: 247 | KDE model: t-student rot df=3
2026-05-06 06:12:42,784 | INFO | Scenario: scenario_2___nu=3 | n_rep: 248 | KDE model: gaussian rot
2026-05-06 06:12:43,247 | INFO | Scenario: scenario_2___nu=3 | n_rep: 248 | KDE model: t-student rot df=3
2026-05-06 06:12:43,716 | INFO | Scenario: scenario_2___nu=3 | n_rep: 249 | KDE model: gaussian rot
2026-05-06 06:12:44,113 | INFO | Scenario: scenario_2___nu=3 | n_rep: 249 | KDE model: t-student rot df=3
2026-05-06 06:12:44,537 | INFO | Scenario: scenario_2___nu=3 | n_rep: 250 | KDE model: gaussian rot
2026-05-06 06:12:45,200 | INFO | Scenario: scenario_2___nu=3 | n_rep: 250 | KDE model: t-student rot df=3
2026-05-06 06:12:45,947 | INFO | Scenario: scenario_2___nu=3 | n_rep: 251 | KDE model: gaussian rot
2026-05-06 06:12:46,316 | INFO | Scenario: scenario_2___nu=3 | n_rep: 251 | KDE model: t-student rot df=3
2026-05-06 06:12:46,683 | INFO | Scenario: scenario_2___nu=3 | n_rep: 252 | KDE model: gaussian rot
2026-05-06 06:12:47,303 | INFO | Scenario: scenario_2___nu=3 | n_rep: 252 | KDE model: t-student rot df=3
2026-05-06 06:12:47,718 | INFO | Scenario: scenario_2___nu=3 | n_rep: 253 | KDE model: gaussian rot
2026-05-06 06:12:48,342 | INFO | Scenario: scenario_2___nu=3 | n_rep: 253 | KDE model: t-student rot df=3
2026-05-06 06:12:48,769 | INFO | Scenario: scenario_2___nu=3 | n_rep: 254 | KDE model: gaussian rot
2026-05-06 06:12:49,145 | INFO | Scenario: scenario_2___nu=3 | n_rep: 254 | KDE model: t-student rot df=3
2026-05-06 06:12:49,519 | INFO | Scenario: scenario_2___nu=3 | n_rep: 255 | KDE model: gaussian rot
2026-05-06 06:12:50,349 | INFO | Scenario: scenario_2___nu=3 | n_rep: 255 | KDE model: t-student rot df=3
2026-05-06 06:12:50,868 | INFO | Scenario: scenario_2___nu=3 | n_rep: 256 | KDE model: gaussian rot
2026-05-06 06:12:51,306 | INFO | Scenario: scenario_2___nu=3 | n_rep: 256 | KDE model: t-student rot df=3
2026-05-06 06:12:51,725 | INFO | Scenario: scenario_2___nu=3 | n_rep: 257 | KDE model: gaussian rot
2026-05-06 06:12:52,247 | INFO | Scenario: scenario_2___nu=3 | n_rep: 257 | KDE model: t-student rot df=3
2026-05-06 06:12:52,708 | INFO | Scenario: scenario_2___nu=3 | n_rep: 258 | KDE model: gaussian rot
2026-05-06 06:12:53,451 | INFO | Scenario: scenario_2___nu=3 | n_rep: 258 | KDE model: t-student rot df=3
2026-05-06 06:12:54,051 | INFO | Scenario: scenario_2___nu=3 | n_rep: 259 | KDE model: gaussian rot
2026-05-06 06:12:54,616 | INFO | Scenario: scenario_2___nu=3 | n_rep: 259 | KDE model: t-student rot df=3
2026-05-06 06:12:55,277 | INFO | Scenario: scenario_2___nu=3 | n_rep: 260 | KDE model: gaussian rot
2026-05-06 06:12:55,692 | INFO | Scenario: scenario_2___nu=3 | n_rep: 260 | KDE model: t-student rot df=3
2026-05-06 06:12:56,146 | INFO | Scenario: scenario_2___nu=3 | n_rep: 261 | KDE model: gaussian rot
2026-05-06 06:12:56,616 | INFO | Scenario: scenario_2___nu=3 | n_rep: 261 | KDE model: t-student rot df=3
2026-05-06 06:12:57,035 | INFO | Scenario: scenario_2___nu=3 | n_rep: 262 | KDE model: gaussian rot
2026-05-06 06:12:57,487 | INFO | Scenario: scenario_2___nu=3 | n_rep: 262 | KDE model: t-student rot df=3
2026-05-06 06:12:57,964 | INFO | Scenario: scenario_2___nu=3 | n_rep: 263 | KDE model: gaussian rot
2026-05-06 06:12:58,417 | INFO | Scenario: scenario_2___nu=3 | n_rep: 263 | KDE model: t-student rot df=3
2026-05-06 06:12:58,911 | INFO | Scenario: scenario_2___nu=3 | n_rep: 264 | KDE model: gaussian rot
2026-05-06 06:12:59,313 | INFO | Scenario: scenario_2___nu=3 | n_rep: 264 | KDE model: t-student rot df=3
2026-05-06 06:12:59,715 | INFO | Scenario: scenario_2___nu=3 | n_rep: 265 | KDE model: gaussian rot
2026-05-06 06:13:00,070 | INFO | Scenario: scenario_2___nu=3 | n_rep: 265 | KDE model: t-student rot df=3
2026-05-06 06:13:00,405 | INFO | Scenario: scenario_2___nu=3 | n_rep: 266 | KDE model: gaussian rot
2026-05-06 06:13:00,824 | INFO | Scenario: scenario_2___nu=3 | n_rep: 266 | KDE model: t-student rot df=3
2026-05-06 06:13:01,272 | INFO | Scenario: scenario_2___nu=3 | n_rep: 267 | KDE model: gaussian rot
2026-05-06 06:13:02,245 | INFO | Scenario: scenario_2___nu=3 | n_rep: 267 | KDE model: t-student rot df=3
2026-05-06 06:13:02,924 | INFO | Scenario: scenario_2___nu=3 | n_rep: 268 | KDE model: gaussian rot
2026-05-06 06:13:03,427 | INFO | Scenario: scenario_2___nu=3 | n_rep: 268 | KDE model: t-student rot df=3
2026-05-06 06:13:03,939 | INFO | Scenario: scenario_2___nu=3 | n_rep: 269 | KDE model: gaussian rot
2026-05-06 06:13:04,489 | INFO | Scenario: scenario_2___nu=3 | n_rep: 269 | KDE model: t-student rot df=3
2026-05-06 06:13:05,054 | INFO | Scenario: scenario_2___nu=3 | n_rep: 270 | KDE model: gaussian rot
2026-05-06 06:13:05,529 | INFO | Scenario: scenario_2___nu=3 | n_rep: 270 | KDE model: t-student rot df=3
2026-05-06 06:13:06,012 | INFO | Scenario: scenario_2___nu=3 | n_rep: 271 | KDE model: gaussian rot
2026-05-06 06:13:06,443 | INFO | Scenario: scenario_2___nu=3 | n_rep: 271 | KDE model: t-student rot df=3
2026-05-06 06:13:06,832 | INFO | Scenario: scenario_2___nu=3 | n_rep: 272 | KDE model: gaussian rot
2026-05-06 06:13:07,287 | INFO | Scenario: scenario_2___nu=3 | n_rep: 272 | KDE model: t-student rot df=3
2026-05-06 06:13:07,725 | INFO | Scenario: scenario_2___nu=3 | n_rep: 273 | KDE model: gaussian rot
2026-05-06 06:13:08,238 | INFO | Scenario: scenario_2___nu=3 | n_rep: 273 | KDE model: t-student rot df=3
2026-05-06 06:13:08,661 | INFO | Scenario: scenario_2___nu=3 | n_rep: 274 | KDE model: gaussian rot
2026-05-06 06:13:09,080 | INFO | Scenario: scenario_2___nu=3 | n_rep: 274 | KDE model: t-student rot df=3
2026-05-06 06:13:09,503 | INFO | Scenario: scenario_2___nu=3 | n_rep: 275 | KDE model: gaussian rot
2026-05-06 06:13:09,938 | INFO | Scenario: scenario_2___nu=3 | n_rep: 275 | KDE model: t-student rot df=3
2026-05-06 06:13:10,443 | INFO | Scenario: scenario_2___nu=3 | n_rep: 276 | KDE model: gaussian rot
2026-05-06 06:13:11,446 | INFO | Scenario: scenario_2___nu=3 | n_rep: 276 | KDE model: t-student rot df=3
2026-05-06 06:13:12,165 | INFO | Scenario: scenario_2___nu=3 | n_rep: 277 | KDE model: gaussian rot
2026-05-06 06:13:12,639 | INFO | Scenario: scenario_2___nu=3 | n_rep: 277 | KDE model: t-student rot df=3
2026-05-06 06:13:13,040 | INFO | Scenario: scenario_2___nu=3 | n_rep: 278 | KDE model: gaussian rot
2026-05-06 06:13:13,716 | INFO | Scenario: scenario_2___nu=3 | n_rep: 278 | KDE model: t-student rot df=3
2026-05-06 06:13:14,358 | INFO | Scenario: scenario_2___nu=3 | n_rep: 279 | KDE model: gaussian rot
2026-05-06 06:13:14,737 | INFO | Scenario: scenario_2___nu=3 | n_rep: 279 | KDE model: t-student rot df=3
2026-05-06 06:13:15,130 | INFO | Scenario: scenario_2___nu=3 | n_rep: 280 | KDE model: gaussian rot
2026-05-06 06:13:15,782 | INFO | Scenario: scenario_2___nu=3 | n_rep: 280 | KDE model: t-student rot df=3
2026-05-06 06:13:16,502 | INFO | Scenario: scenario_2___nu=3 | n_rep: 281 | KDE model: gaussian rot
2026-05-06 06:13:17,221 | INFO | Scenario: scenario_2___nu=3 | n_rep: 281 | KDE model: t-student rot df=3
2026-05-06 06:13:17,921 | INFO | Scenario: scenario_2___nu=3 | n_rep: 282 | KDE model: gaussian rot
2026-05-06 06:13:18,657 | INFO | Scenario: scenario_2___nu=3 | n_rep: 282 | KDE model: t-student rot df=3
2026-05-06 06:13:19,363 | INFO | Scenario: scenario_2___nu=3 | n_rep: 283 | KDE model: gaussian rot
2026-05-06 06:13:19,779 | INFO | Scenario: scenario_2___nu=3 | n_rep: 283 | KDE model: t-student rot df=3
2026-05-06 06:13:20,401 | INFO | Scenario: scenario_2___nu=3 | n_rep: 284 | KDE model: gaussian rot
2026-05-06 06:13:21,052 | INFO | Scenario: scenario_2___nu=3 | n_rep: 284 | KDE model: t-student rot df=3
2026-05-06 06:13:21,725 | INFO | Scenario: scenario_2___nu=3 | n_rep: 285 | KDE model: gaussian rot
2026-05-06 06:13:22,090 | INFO | Scenario: scenario_2___nu=3 | n_rep: 285 | KDE model: t-student rot df=3
2026-05-06 06:13:22,531 | INFO | Scenario: scenario_2___nu=3 | n_rep: 286 | KDE model: gaussian rot
2026-05-06 06:13:23,222 | INFO | Scenario: scenario_2___nu=3 | n_rep: 286 | KDE model: t-student rot df=3
2026-05-06 06:13:23,969 | INFO | Scenario: scenario_2___nu=3 | n_rep: 287 | KDE model: gaussian rot
2026-05-06 06:13:24,364 | INFO | Scenario: scenario_2___nu=3 | n_rep: 287 | KDE model: t-student rot df=3
2026-05-06 06:13:24,784 | INFO | Scenario: scenario_2___nu=3 | n_rep: 288 | KDE model: gaussian rot
2026-05-06 06:13:25,429 | INFO | Scenario: scenario_2___nu=3 | n_rep: 288 | KDE model: t-student rot df=3
2026-05-06 06:13:25,970 | INFO | Scenario: scenario_2___nu=3 | n_rep: 289 | KDE model: gaussian rot
2026-05-06 06:13:26,563 | INFO | Scenario: scenario_2___nu=3 | n_rep: 289 | KDE model: t-student rot df=3
2026-05-06 06:13:27,207 | INFO | Scenario: scenario_2___nu=3 | n_rep: 290 | KDE model: gaussian rot
2026-05-06 06:13:27,630 | INFO | Scenario: scenario_2___nu=3 | n_rep: 290 | KDE model: t-student rot df=3
2026-05-06 06:13:28,098 | INFO | Scenario: scenario_2___nu=3 | n_rep: 291 | KDE model: gaussian rot
2026-05-06 06:13:28,540 | INFO | Scenario: scenario_2___nu=3 | n_rep: 291 | KDE model: t-student rot df=3
2026-05-06 06:13:28,946 | INFO | Scenario: scenario_2___nu=3 | n_rep: 292 | KDE model: gaussian rot
2026-05-06 06:13:29,651 | INFO | Scenario: scenario_2___nu=3 | n_rep: 292 | KDE model: t-student rot df=3
2026-05-06 06:13:30,374 | INFO | Scenario: scenario_2___nu=3 | n_rep: 293 | KDE model: gaussian rot
2026-05-06 06:13:30,814 | INFO | Scenario: scenario_2___nu=3 | n_rep: 293 | KDE model: t-student rot df=3
2026-05-06 06:13:31,222 | INFO | Scenario: scenario_2___nu=3 | n_rep: 294 | KDE model: gaussian rot
2026-05-06 06:13:31,630 | INFO | Scenario: scenario_2___nu=3 | n_rep: 294 | KDE model: t-student rot df=3
2026-05-06 06:13:32,003 | INFO | Scenario: scenario_2___nu=3 | n_rep: 295 | KDE model: gaussian rot
2026-05-06 06:13:32,403 | INFO | Scenario: scenario_2___nu=3 | n_rep: 295 | KDE model: t-student rot df=3
2026-05-06 06:13:32,778 | INFO | Scenario: scenario_2___nu=3 | n_rep: 296 | KDE model: gaussian rot
2026-05-06 06:13:33,172 | INFO | Scenario: scenario_2___nu=3 | n_rep: 296 | KDE model: t-student rot df=3
2026-05-06 06:13:33,528 | INFO | Scenario: scenario_2___nu=3 | n_rep: 297 | KDE model: gaussian rot
2026-05-06 06:13:33,986 | INFO | Scenario: scenario_2___nu=3 | n_rep: 297 | KDE model: t-student rot df=3
2026-05-06 06:13:34,443 | INFO | Scenario: scenario_2___nu=3 | n_rep: 298 | KDE model: gaussian rot
2026-05-06 06:13:34,858 | INFO | Scenario: scenario_2___nu=3 | n_rep: 298 | KDE model: t-student rot df=3
2026-05-06 06:13:35,276 | INFO | Scenario: scenario_2___nu=3 | n_rep: 299 | KDE model: gaussian rot
2026-05-06 06:13:35,912 | INFO | Scenario: scenario_2___nu=3 | n_rep: 299 | KDE model: t-student rot df=3
2026-05-06 06:13:36,544 | INFO | Scenario: scenario_2___nu=3 | n_rep: 300 | KDE model: gaussian rot
2026-05-06 06:13:37,020 | INFO | Scenario: scenario_2___nu=3 | n_rep: 300 | KDE model: t-student rot df=3
2026-05-06 06:13:37,490 | INFO | Scenario: scenario_2___nu=3 | n_rep: 301 | KDE model: gaussian rot
2026-05-06 06:13:37,874 | INFO | Scenario: scenario_2___nu=3 | n_rep: 301 | KDE model: t-student rot df=3
2026-05-06 06:13:38,230 | INFO | Scenario: scenario_2___nu=3 | n_rep: 302 | KDE model: gaussian rot
2026-05-06 06:13:38,665 | INFO | Scenario: scenario_2___nu=3 | n_rep: 302 | KDE model: t-student rot df=3
2026-05-06 06:13:39,131 | INFO | Scenario: scenario_2___nu=3 | n_rep: 303 | KDE model: gaussian rot
2026-05-06 06:13:39,810 | INFO | Scenario: scenario_2___nu=3 | n_rep: 303 | KDE model: t-student rot df=3
2026-05-06 06:13:40,659 | INFO | Scenario: scenario_2___nu=3 | n_rep: 304 | KDE model: gaussian rot
2026-05-06 06:13:40,968 | INFO | Scenario: scenario_2___nu=3 | n_rep: 304 | KDE model: t-student rot df=3
2026-05-06 06:13:41,322 | INFO | Scenario: scenario_2___nu=3 | n_rep: 305 | KDE model: gaussian rot
2026-05-06 06:13:41,861 | INFO | Scenario: scenario_2___nu=3 | n_rep: 305 | KDE model: t-student rot df=3
2026-05-06 06:13:42,505 | INFO | Scenario: scenario_2___nu=3 | n_rep: 306 | KDE model: gaussian rot
2026-05-06 06:13:43,334 | INFO | Scenario: scenario_2___nu=3 | n_rep: 306 | KDE model: t-student rot df=3
2026-05-06 06:13:44,118 | INFO | Scenario: scenario_2___nu=3 | n_rep: 307 | KDE model: gaussian rot
2026-05-06 06:13:44,804 | INFO | Scenario: scenario_2___nu=3 | n_rep: 307 | KDE model: t-student rot df=3
2026-05-06 06:13:45,491 | INFO | Scenario: scenario_2___nu=3 | n_rep: 308 | KDE model: gaussian rot
2026-05-06 06:13:45,948 | INFO | Scenario: scenario_2___nu=3 | n_rep: 308 | KDE model: t-student rot df=3
2026-05-06 06:13:46,427 | INFO | Scenario: scenario_2___nu=3 | n_rep: 309 | KDE model: gaussian rot
2026-05-06 06:13:46,858 | INFO | Scenario: scenario_2___nu=3 | n_rep: 309 | KDE model: t-student rot df=3
2026-05-06 06:13:47,285 | INFO | Scenario: scenario_2___nu=3 | n_rep: 310 | KDE model: gaussian rot
2026-05-06 06:13:47,675 | INFO | Scenario: scenario_2___nu=3 | n_rep: 310 | KDE model: t-student rot df=3
2026-05-06 06:13:47,981 | INFO | Scenario: scenario_2___nu=3 | n_rep: 311 | KDE model: gaussian rot
2026-05-06 06:13:48,608 | INFO | Scenario: scenario_2___nu=3 | n_rep: 311 | KDE model: t-student rot df=3
2026-05-06 06:13:49,269 | INFO | Scenario: scenario_2___nu=3 | n_rep: 312 | KDE model: gaussian rot
2026-05-06 06:13:49,744 | INFO | Scenario: scenario_2___nu=3 | n_rep: 312 | KDE model: t-student rot df=3
2026-05-06 06:13:50,205 | INFO | Scenario: scenario_2___nu=3 | n_rep: 313 | KDE model: gaussian rot
2026-05-06 06:13:50,664 | INFO | Scenario: scenario_2___nu=3 | n_rep: 313 | KDE model: t-student rot df=3
2026-05-06 06:13:51,142 | INFO | Scenario: scenario_2___nu=3 | n_rep: 314 | KDE model: gaussian rot
2026-05-06 06:13:51,547 | INFO | Scenario: scenario_2___nu=3 | n_rep: 314 | KDE model: t-student rot df=3
2026-05-06 06:13:51,979 | INFO | Scenario: scenario_2___nu=3 | n_rep: 315 | KDE model: gaussian rot
2026-05-06 06:13:52,464 | INFO | Scenario: scenario_2___nu=3 | n_rep: 315 | KDE model: t-student rot df=3
2026-05-06 06:13:52,947 | INFO | Scenario: scenario_2___nu=3 | n_rep: 316 | KDE model: gaussian rot
2026-05-06 06:13:53,380 | INFO | Scenario: scenario_2___nu=3 | n_rep: 316 | KDE model: t-student rot df=3
2026-05-06 06:13:53,824 | INFO | Scenario: scenario_2___nu=3 | n_rep: 317 | KDE model: gaussian rot
2026-05-06 06:13:54,317 | INFO | Scenario: scenario_2___nu=3 | n_rep: 317 | KDE model: t-student rot df=3
2026-05-06 06:13:54,772 | INFO | Scenario: scenario_2___nu=3 | n_rep: 318 | KDE model: gaussian rot
2026-05-06 06:13:55,145 | INFO | Scenario: scenario_2___nu=3 | n_rep: 318 | KDE model: t-student rot df=3
2026-05-06 06:13:55,568 | INFO | Scenario: scenario_2___nu=3 | n_rep: 319 | KDE model: gaussian rot
2026-05-06 06:13:56,012 | INFO | Scenario: scenario_2___nu=3 | n_rep: 319 | KDE model: t-student rot df=3
2026-05-06 06:13:56,412 | INFO | Scenario: scenario_2___nu=3 | n_rep: 320 | KDE model: gaussian rot
2026-05-06 06:13:56,854 | INFO | Scenario: scenario_2___nu=3 | n_rep: 320 | KDE model: t-student rot df=3
2026-05-06 06:13:57,280 | INFO | Scenario: scenario_2___nu=3 | n_rep: 321 | KDE model: gaussian rot
2026-05-06 06:13:57,705 | INFO | Scenario: scenario_2___nu=3 | n_rep: 321 | KDE model: t-student rot df=3
2026-05-06 06:13:58,125 | INFO | Scenario: scenario_2___nu=3 | n_rep: 322 | KDE model: gaussian rot
2026-05-06 06:13:58,702 | INFO | Scenario: scenario_2___nu=3 | n_rep: 322 | KDE model: t-student rot df=3
2026-05-06 06:13:59,211 | INFO | Scenario: scenario_2___nu=3 | n_rep: 323 | KDE model: gaussian rot
2026-05-06 06:13:59,777 | INFO | Scenario: scenario_2___nu=3 | n_rep: 323 | KDE model: t-student rot df=3
2026-05-06 06:14:00,345 | INFO | Scenario: scenario_2___nu=3 | n_rep: 324 | KDE model: gaussian rot
2026-05-06 06:14:01,393 | INFO | Scenario: scenario_2___nu=3 | n_rep: 324 | KDE model: t-student rot df=3
2026-05-06 06:14:02,368 | INFO | Scenario: scenario_2___nu=3 | n_rep: 325 | KDE model: gaussian rot
2026-05-06 06:14:02,859 | INFO | Scenario: scenario_2___nu=3 | n_rep: 325 | KDE model: t-student rot df=3
2026-05-06 06:14:03,297 | INFO | Scenario: scenario_2___nu=3 | n_rep: 326 | KDE model: gaussian rot
2026-05-06 06:14:04,279 | INFO | Scenario: scenario_2___nu=3 | n_rep: 326 | KDE model: t-student rot df=3
2026-05-06 06:14:05,264 | INFO | Scenario: scenario_2___nu=3 | n_rep: 327 | KDE model: gaussian rot
2026-05-06 06:14:06,002 | INFO | Scenario: scenario_2___nu=3 | n_rep: 327 | KDE model: t-student rot df=3
2026-05-06 06:14:06,788 | INFO | Scenario: scenario_2___nu=3 | n_rep: 328 | KDE model: gaussian rot
2026-05-06 06:14:07,163 | INFO | Scenario: scenario_2___nu=3 | n_rep: 328 | KDE model: t-student rot df=3
2026-05-06 06:14:07,604 | INFO | Scenario: scenario_2___nu=3 | n_rep: 329 | KDE model: gaussian rot
2026-05-06 06:14:08,009 | INFO | Scenario: scenario_2___nu=3 | n_rep: 329 | KDE model: t-student rot df=3
2026-05-06 06:14:08,435 | INFO | Scenario: scenario_2___nu=3 | n_rep: 330 | KDE model: gaussian rot
2026-05-06 06:14:08,873 | INFO | Scenario: scenario_2___nu=3 | n_rep: 330 | KDE model: t-student rot df=3
2026-05-06 06:14:09,316 | INFO | Scenario: scenario_2___nu=3 | n_rep: 331 | KDE model: gaussian rot
2026-05-06 06:14:09,742 | INFO | Scenario: scenario_2___nu=3 | n_rep: 331 | KDE model: t-student rot df=3
2026-05-06 06:14:10,087 | INFO | Scenario: scenario_2___nu=3 | n_rep: 332 | KDE model: gaussian rot
2026-05-06 06:14:10,731 | INFO | Scenario: scenario_2___nu=3 | n_rep: 332 | KDE model: t-student rot df=3
2026-05-06 06:14:11,396 | INFO | Scenario: scenario_2___nu=3 | n_rep: 333 | KDE model: gaussian rot
2026-05-06 06:14:11,805 | INFO | Scenario: scenario_2___nu=3 | n_rep: 333 | KDE model: t-student rot df=3
2026-05-06 06:14:12,166 | INFO | Scenario: scenario_2___nu=3 | n_rep: 334 | KDE model: gaussian rot
2026-05-06 06:14:12,872 | INFO | Scenario: scenario_2___nu=3 | n_rep: 334 | KDE model: t-student rot df=3
2026-05-06 06:14:13,571 | INFO | Scenario: scenario_2___nu=3 | n_rep: 335 | KDE model: gaussian rot
2026-05-06 06:14:14,124 | INFO | Scenario: scenario_2___nu=3 | n_rep: 335 | KDE model: t-student rot df=3
2026-05-06 06:14:14,639 | INFO | Scenario: scenario_2___nu=3 | n_rep: 336 | KDE model: gaussian rot
2026-05-06 06:14:15,023 | INFO | Scenario: scenario_2___nu=3 | n_rep: 336 | KDE model: t-student rot df=3
2026-05-06 06:14:15,468 | INFO | Scenario: scenario_2___nu=3 | n_rep: 337 | KDE model: gaussian rot
2026-05-06 06:14:15,886 | INFO | Scenario: scenario_2___nu=3 | n_rep: 337 | KDE model: t-student rot df=3
2026-05-06 06:14:16,216 | INFO | Scenario: scenario_2___nu=3 | n_rep: 338 | KDE model: gaussian rot
2026-05-06 06:14:16,730 | INFO | Scenario: scenario_2___nu=3 | n_rep: 338 | KDE model: t-student rot df=3
2026-05-06 06:14:17,207 | INFO | Scenario: scenario_2___nu=3 | n_rep: 339 | KDE model: gaussian rot
2026-05-06 06:14:17,651 | INFO | Scenario: scenario_2___nu=3 | n_rep: 339 | KDE model: t-student rot df=3
2026-05-06 06:14:18,107 | INFO | Scenario: scenario_2___nu=3 | n_rep: 340 | KDE model: gaussian rot
2026-05-06 06:14:18,610 | INFO | Scenario: scenario_2___nu=3 | n_rep: 340 | KDE model: t-student rot df=3
2026-05-06 06:14:19,055 | INFO | Scenario: scenario_2___nu=3 | n_rep: 341 | KDE model: gaussian rot
2026-05-06 06:14:19,476 | INFO | Scenario: scenario_2___nu=3 | n_rep: 341 | KDE model: t-student rot df=3
2026-05-06 06:14:19,843 | INFO | Scenario: scenario_2___nu=3 | n_rep: 342 | KDE model: gaussian rot
2026-05-06 06:14:20,305 | INFO | Scenario: scenario_2___nu=3 | n_rep: 342 | KDE model: t-student rot df=3
2026-05-06 06:14:20,783 | INFO | Scenario: scenario_2___nu=3 | n_rep: 343 | KDE model: gaussian rot
2026-05-06 06:14:21,165 | INFO | Scenario: scenario_2___nu=3 | n_rep: 343 | KDE model: t-student rot df=3
2026-05-06 06:14:21,479 | INFO | Scenario: scenario_2___nu=3 | n_rep: 344 | KDE model: gaussian rot
2026-05-06 06:14:21,871 | INFO | Scenario: scenario_2___nu=3 | n_rep: 344 | KDE model: t-student rot df=3
2026-05-06 06:14:22,251 | INFO | Scenario: scenario_2___nu=3 | n_rep: 345 | KDE model: gaussian rot
2026-05-06 06:14:22,956 | INFO | Scenario: scenario_2___nu=3 | n_rep: 345 | KDE model: t-student rot df=3
2026-05-06 06:14:23,566 | INFO | Scenario: scenario_2___nu=3 | n_rep: 346 | KDE model: gaussian rot
2026-05-06 06:14:24,183 | INFO | Scenario: scenario_2___nu=3 | n_rep: 346 | KDE model: t-student rot df=3
2026-05-06 06:14:24,821 | INFO | Scenario: scenario_2___nu=3 | n_rep: 347 | KDE model: gaussian rot
2026-05-06 06:14:25,519 | INFO | Scenario: scenario_2___nu=3 | n_rep: 347 | KDE model: t-student rot df=3
2026-05-06 06:14:26,235 | INFO | Scenario: scenario_2___nu=3 | n_rep: 348 | KDE model: gaussian rot
2026-05-06 06:14:26,621 | INFO | Scenario: scenario_2___nu=3 | n_rep: 348 | KDE model: t-student rot df=3
2026-05-06 06:14:27,019 | INFO | Scenario: scenario_2___nu=3 | n_rep: 349 | KDE model: gaussian rot
2026-05-06 06:14:27,493 | INFO | Scenario: scenario_2___nu=3 | n_rep: 349 | KDE model: t-student rot df=3
2026-05-06 06:14:27,900 | INFO | Scenario: scenario_2___nu=3 | n_rep: 350 | KDE model: gaussian rot
2026-05-06 06:14:28,350 | INFO | Scenario: scenario_2___nu=3 | n_rep: 350 | KDE model: t-student rot df=3
2026-05-06 06:14:28,896 | INFO | Scenario: scenario_2___nu=3 | n_rep: 351 | KDE model: gaussian rot
2026-05-06 06:14:29,283 | INFO | Scenario: scenario_2___nu=3 | n_rep: 351 | KDE model: t-student rot df=3
2026-05-06 06:14:29,709 | INFO | Scenario: scenario_2___nu=3 | n_rep: 352 | KDE model: gaussian rot
2026-05-06 06:14:30,333 | INFO | Scenario: scenario_2___nu=3 | n_rep: 352 | KDE model: t-student rot df=3
2026-05-06 06:14:31,144 | INFO | Scenario: scenario_2___nu=3 | n_rep: 353 | KDE model: gaussian rot
2026-05-06 06:14:31,826 | INFO | Scenario: scenario_2___nu=3 | n_rep: 353 | KDE model: t-student rot df=3
2026-05-06 06:14:32,485 | INFO | Scenario: scenario_2___nu=3 | n_rep: 354 | KDE model: gaussian rot
2026-05-06 06:14:32,895 | INFO | Scenario: scenario_2___nu=3 | n_rep: 354 | KDE model: t-student rot df=3
2026-05-06 06:14:33,291 | INFO | Scenario: scenario_2___nu=3 | n_rep: 355 | KDE model: gaussian rot
2026-05-06 06:14:33,775 | INFO | Scenario: scenario_2___nu=3 | n_rep: 355 | KDE model: t-student rot df=3
2026-05-06 06:14:34,255 | INFO | Scenario: scenario_2___nu=3 | n_rep: 356 | KDE model: gaussian rot
2026-05-06 06:14:34,568 | INFO | Scenario: scenario_2___nu=3 | n_rep: 356 | KDE model: t-student rot df=3
2026-05-06 06:14:34,949 | INFO | Scenario: scenario_2___nu=3 | n_rep: 357 | KDE model: gaussian rot
2026-05-06 06:14:35,369 | INFO | Scenario: scenario_2___nu=3 | n_rep: 357 | KDE model: t-student rot df=3
2026-05-06 06:14:35,733 | INFO | Scenario: scenario_2___nu=3 | n_rep: 358 | KDE model: gaussian rot
2026-05-06 06:14:36,497 | INFO | Scenario: scenario_2___nu=3 | n_rep: 358 | KDE model: t-student rot df=3
2026-05-06 06:14:37,167 | INFO | Scenario: scenario_2___nu=3 | n_rep: 359 | KDE model: gaussian rot
2026-05-06 06:14:37,646 | INFO | Scenario: scenario_2___nu=3 | n_rep: 359 | KDE model: t-student rot df=3
2026-05-06 06:14:38,176 | INFO | Scenario: scenario_2___nu=3 | n_rep: 360 | KDE model: gaussian rot
2026-05-06 06:14:38,525 | INFO | Scenario: scenario_2___nu=3 | n_rep: 360 | KDE model: t-student rot df=3
2026-05-06 06:14:38,889 | INFO | Scenario: scenario_2___nu=3 | n_rep: 361 | KDE model: gaussian rot
2026-05-06 06:14:39,331 | INFO | Scenario: scenario_2___nu=3 | n_rep: 361 | KDE model: t-student rot df=3
2026-05-06 06:14:39,762 | INFO | Scenario: scenario_2___nu=3 | n_rep: 362 | KDE model: gaussian rot
2026-05-06 06:14:40,207 | INFO | Scenario: scenario_2___nu=3 | n_rep: 362 | KDE model: t-student rot df=3
2026-05-06 06:14:40,603 | INFO | Scenario: scenario_2___nu=3 | n_rep: 363 | KDE model: gaussian rot
2026-05-06 06:14:41,621 | INFO | Scenario: scenario_2___nu=3 | n_rep: 363 | KDE model: t-student rot df=3
2026-05-06 06:14:42,627 | INFO | Scenario: scenario_2___nu=3 | n_rep: 364 | KDE model: gaussian rot
2026-05-06 06:14:43,304 | INFO | Scenario: scenario_2___nu=3 | n_rep: 364 | KDE model: t-student rot df=3
2026-05-06 06:14:43,991 | INFO | Scenario: scenario_2___nu=3 | n_rep: 365 | KDE model: gaussian rot
2026-05-06 06:14:44,610 | INFO | Scenario: scenario_2___nu=3 | n_rep: 365 | KDE model: t-student rot df=3
2026-05-06 06:14:45,251 | INFO | Scenario: scenario_2___nu=3 | n_rep: 366 | KDE model: gaussian rot
2026-05-06 06:14:45,712 | INFO | Scenario: scenario_2___nu=3 | n_rep: 366 | KDE model: t-student rot df=3
2026-05-06 06:14:46,184 | INFO | Scenario: scenario_2___nu=3 | n_rep: 367 | KDE model: gaussian rot
2026-05-06 06:14:46,637 | INFO | Scenario: scenario_2___nu=3 | n_rep: 367 | KDE model: t-student rot df=3
2026-05-06 06:14:47,051 | INFO | Scenario: scenario_2___nu=3 | n_rep: 368 | KDE model: gaussian rot
2026-05-06 06:14:47,492 | INFO | Scenario: scenario_2___nu=3 | n_rep: 368 | KDE model: t-student rot df=3
2026-05-06 06:14:47,877 | INFO | Scenario: scenario_2___nu=3 | n_rep: 369 | KDE model: gaussian rot
2026-05-06 06:14:48,288 | INFO | Scenario: scenario_2___nu=3 | n_rep: 369 | KDE model: t-student rot df=3
2026-05-06 06:14:48,754 | INFO | Scenario: scenario_2___nu=3 | n_rep: 370 | KDE model: gaussian rot
2026-05-06 06:14:49,351 | INFO | Scenario: scenario_2___nu=3 | n_rep: 370 | KDE model: t-student rot df=3
2026-05-06 06:14:50,077 | INFO | Scenario: scenario_2___nu=3 | n_rep: 371 | KDE model: gaussian rot
2026-05-06 06:14:50,550 | INFO | Scenario: scenario_2___nu=3 | n_rep: 371 | KDE model: t-student rot df=3
2026-05-06 06:14:50,970 | INFO | Scenario: scenario_2___nu=3 | n_rep: 372 | KDE model: gaussian rot
2026-05-06 06:14:51,599 | INFO | Scenario: scenario_2___nu=3 | n_rep: 372 | KDE model: t-student rot df=3
2026-05-06 06:14:52,226 | INFO | Scenario: scenario_2___nu=3 | n_rep: 373 | KDE model: gaussian rot
2026-05-06 06:14:52,591 | INFO | Scenario: scenario_2___nu=3 | n_rep: 373 | KDE model: t-student rot df=3
2026-05-06 06:14:52,906 | INFO | Scenario: scenario_2___nu=3 | n_rep: 374 | KDE model: gaussian rot
2026-05-06 06:14:53,208 | INFO | Scenario: scenario_2___nu=3 | n_rep: 374 | KDE model: t-student rot df=3
2026-05-06 06:14:53,550 | INFO | Scenario: scenario_2___nu=3 | n_rep: 375 | KDE model: gaussian rot
2026-05-06 06:14:54,435 | INFO | Scenario: scenario_2___nu=3 | n_rep: 375 | KDE model: t-student rot df=3
2026-05-06 06:14:55,361 | INFO | Scenario: scenario_2___nu=3 | n_rep: 376 | KDE model: gaussian rot
2026-05-06 06:14:55,899 | INFO | Scenario: scenario_2___nu=3 | n_rep: 376 | KDE model: t-student rot df=3
2026-05-06 06:14:56,435 | INFO | Scenario: scenario_2___nu=3 | n_rep: 377 | KDE model: gaussian rot
2026-05-06 06:14:56,829 | INFO | Scenario: scenario_2___nu=3 | n_rep: 377 | KDE model: t-student rot df=3
2026-05-06 06:14:57,218 | INFO | Scenario: scenario_2___nu=3 | n_rep: 378 | KDE model: gaussian rot
2026-05-06 06:14:57,899 | INFO | Scenario: scenario_2___nu=3 | n_rep: 378 | KDE model: t-student rot df=3
2026-05-06 06:14:58,548 | INFO | Scenario: scenario_2___nu=3 | n_rep: 379 | KDE model: gaussian rot
2026-05-06 06:14:59,221 | INFO | Scenario: scenario_2___nu=3 | n_rep: 379 | KDE model: t-student rot df=3
2026-05-06 06:14:59,968 | INFO | Scenario: scenario_2___nu=3 | n_rep: 380 | KDE model: gaussian rot
2026-05-06 06:15:00,720 | INFO | Scenario: scenario_2___nu=3 | n_rep: 380 | KDE model: t-student rot df=3
2026-05-06 06:15:01,476 | INFO | Scenario: scenario_2___nu=3 | n_rep: 381 | KDE model: gaussian rot
2026-05-06 06:15:02,181 | INFO | Scenario: scenario_2___nu=3 | n_rep: 381 | KDE model: t-student rot df=3
2026-05-06 06:15:02,862 | INFO | Scenario: scenario_2___nu=3 | n_rep: 382 | KDE model: gaussian rot
2026-05-06 06:15:03,483 | INFO | Scenario: scenario_2___nu=3 | n_rep: 382 | KDE model: t-student rot df=3
2026-05-06 06:15:04,193 | INFO | Scenario: scenario_2___nu=3 | n_rep: 383 | KDE model: gaussian rot
2026-05-06 06:15:04,727 | INFO | Scenario: scenario_2___nu=3 | n_rep: 383 | KDE model: t-student rot df=3
2026-05-06 06:15:05,131 | INFO | Scenario: scenario_2___nu=3 | n_rep: 384 | KDE model: gaussian rot
2026-05-06 06:15:05,534 | INFO | Scenario: scenario_2___nu=3 | n_rep: 384 | KDE model: t-student rot df=3
2026-05-06 06:15:05,964 | INFO | Scenario: scenario_2___nu=3 | n_rep: 385 | KDE model: gaussian rot
2026-05-06 06:15:06,486 | INFO | Scenario: scenario_2___nu=3 | n_rep: 385 | KDE model: t-student rot df=3
2026-05-06 06:15:06,948 | INFO | Scenario: scenario_2___nu=3 | n_rep: 386 | KDE model: gaussian rot
2026-05-06 06:15:07,684 | INFO | Scenario: scenario_2___nu=3 | n_rep: 386 | KDE model: t-student rot df=3
2026-05-06 06:15:08,398 | INFO | Scenario: scenario_2___nu=3 | n_rep: 387 | KDE model: gaussian rot
2026-05-06 06:15:09,043 | INFO | Scenario: scenario_2___nu=3 | n_rep: 387 | KDE model: t-student rot df=3
2026-05-06 06:15:09,695 | INFO | Scenario: scenario_2___nu=3 | n_rep: 388 | KDE model: gaussian rot
2026-05-06 06:15:10,318 | INFO | Scenario: scenario_2___nu=3 | n_rep: 388 | KDE model: t-student rot df=3
2026-05-06 06:15:10,930 | INFO | Scenario: scenario_2___nu=3 | n_rep: 389 | KDE model: gaussian rot
2026-05-06 06:15:11,744 | INFO | Scenario: scenario_2___nu=3 | n_rep: 389 | KDE model: t-student rot df=3
2026-05-06 06:15:12,568 | INFO | Scenario: scenario_2___nu=3 | n_rep: 390 | KDE model: gaussian rot
2026-05-06 06:15:13,065 | INFO | Scenario: scenario_2___nu=3 | n_rep: 390 | KDE model: t-student rot df=3
2026-05-06 06:15:13,372 | INFO | Scenario: scenario_2___nu=3 | n_rep: 391 | KDE model: gaussian rot
2026-05-06 06:15:13,929 | INFO | Scenario: scenario_2___nu=3 | n_rep: 391 | KDE model: t-student rot df=3
2026-05-06 06:15:14,359 | INFO | Scenario: scenario_2___nu=3 | n_rep: 392 | KDE model: gaussian rot
2026-05-06 06:15:14,817 | INFO | Scenario: scenario_2___nu=3 | n_rep: 392 | KDE model: t-student rot df=3
2026-05-06 06:15:15,285 | INFO | Scenario: scenario_2___nu=3 | n_rep: 393 | KDE model: gaussian rot
2026-05-06 06:15:15,911 | INFO | Scenario: scenario_2___nu=3 | n_rep: 393 | KDE model: t-student rot df=3
2026-05-06 06:15:16,582 | INFO | Scenario: scenario_2___nu=3 | n_rep: 394 | KDE model: gaussian rot
2026-05-06 06:15:17,066 | INFO | Scenario: scenario_2___nu=3 | n_rep: 394 | KDE model: t-student rot df=3
2026-05-06 06:15:17,555 | INFO | Scenario: scenario_2___nu=3 | n_rep: 395 | KDE model: gaussian rot
2026-05-06 06:15:17,878 | INFO | Scenario: scenario_2___nu=3 | n_rep: 395 | KDE model: t-student rot df=3
2026-05-06 06:15:18,261 | INFO | Scenario: scenario_2___nu=3 | n_rep: 396 | KDE model: gaussian rot
2026-05-06 06:15:18,787 | INFO | Scenario: scenario_2___nu=3 | n_rep: 396 | KDE model: t-student rot df=3
2026-05-06 06:15:19,224 | INFO | Scenario: scenario_2___nu=3 | n_rep: 397 | KDE model: gaussian rot
2026-05-06 06:15:19,632 | INFO | Scenario: scenario_2___nu=3 | n_rep: 397 | KDE model: t-student rot df=3
2026-05-06 06:15:20,025 | INFO | Scenario: scenario_2___nu=3 | n_rep: 398 | KDE model: gaussian rot
2026-05-06 06:15:20,431 | INFO | Scenario: scenario_2___nu=3 | n_rep: 398 | KDE model: t-student rot df=3
2026-05-06 06:15:20,813 | INFO | Scenario: scenario_2___nu=3 | n_rep: 399 | KDE model: gaussian rot
2026-05-06 06:15:21,240 | INFO | Scenario: scenario_2___nu=3 | n_rep: 399 | KDE model: t-student rot df=3
2026-05-06 06:15:21,640 | INFO | Scenario: scenario_2___nu=3 | n_rep: 400 | KDE model: gaussian rot
2026-05-06 06:15:22,120 | INFO | Scenario: scenario_2___nu=3 | n_rep: 400 | KDE model: t-student rot df=3
2026-05-06 06:15:22,547 | INFO | Scenario: scenario_2___nu=3 | n_rep: 401 | KDE model: gaussian rot
2026-05-06 06:15:23,498 | INFO | Scenario: scenario_2___nu=3 | n_rep: 401 | KDE model: t-student rot df=3
2026-05-06 06:15:24,441 | INFO | Scenario: scenario_2___nu=3 | n_rep: 402 | KDE model: gaussian rot
2026-05-06 06:15:24,883 | INFO | Scenario: scenario_2___nu=3 | n_rep: 402 | KDE model: t-student rot df=3
2026-05-06 06:15:25,322 | INFO | Scenario: scenario_2___nu=3 | n_rep: 403 | KDE model: gaussian rot
2026-05-06 06:15:25,933 | INFO | Scenario: scenario_2___nu=3 | n_rep: 403 | KDE model: t-student rot df=3
2026-05-06 06:15:26,560 | INFO | Scenario: scenario_2___nu=3 | n_rep: 404 | KDE model: gaussian rot
2026-05-06 06:15:27,335 | INFO | Scenario: scenario_2___nu=3 | n_rep: 404 | KDE model: t-student rot df=3
2026-05-06 06:15:28,052 | INFO | Scenario: scenario_2___nu=3 | n_rep: 405 | KDE model: gaussian rot
2026-05-06 06:15:28,488 | INFO | Scenario: scenario_2___nu=3 | n_rep: 405 | KDE model: t-student rot df=3
2026-05-06 06:15:28,942 | INFO | Scenario: scenario_2___nu=3 | n_rep: 406 | KDE model: gaussian rot
2026-05-06 06:15:29,426 | INFO | Scenario: scenario_2___nu=3 | n_rep: 406 | KDE model: t-student rot df=3
2026-05-06 06:15:29,923 | INFO | Scenario: scenario_2___nu=3 | n_rep: 407 | KDE model: gaussian rot
2026-05-06 06:15:30,601 | INFO | Scenario: scenario_2___nu=3 | n_rep: 407 | KDE model: t-student rot df=3
2026-05-06 06:15:31,270 | INFO | Scenario: scenario_2___nu=3 | n_rep: 408 | KDE model: gaussian rot
2026-05-06 06:15:31,922 | INFO | Scenario: scenario_2___nu=3 | n_rep: 408 | KDE model: t-student rot df=3
2026-05-06 06:15:32,482 | INFO | Scenario: scenario_2___nu=3 | n_rep: 409 | KDE model: gaussian rot
2026-05-06 06:15:32,842 | INFO | Scenario: scenario_2___nu=3 | n_rep: 409 | KDE model: t-student rot df=3
2026-05-06 06:15:33,195 | INFO | Scenario: scenario_2___nu=3 | n_rep: 410 | KDE model: gaussian rot
2026-05-06 06:15:33,664 | INFO | Scenario: scenario_2___nu=3 | n_rep: 410 | KDE model: t-student rot df=3
2026-05-06 06:15:34,121 | INFO | Scenario: scenario_2___nu=3 | n_rep: 411 | KDE model: gaussian rot
2026-05-06 06:15:34,488 | INFO | Scenario: scenario_2___nu=3 | n_rep: 411 | KDE model: t-student rot df=3
2026-05-06 06:15:34,918 | INFO | Scenario: scenario_2___nu=3 | n_rep: 412 | KDE model: gaussian rot
2026-05-06 06:15:35,352 | INFO | Scenario: scenario_2___nu=3 | n_rep: 412 | KDE model: t-student rot df=3
2026-05-06 06:15:35,772 | INFO | Scenario: scenario_2___nu=3 | n_rep: 413 | KDE model: gaussian rot
2026-05-06 06:15:36,153 | INFO | Scenario: scenario_2___nu=3 | n_rep: 413 | KDE model: t-student rot df=3
2026-05-06 06:15:36,505 | INFO | Scenario: scenario_2___nu=3 | n_rep: 414 | KDE model: gaussian rot
2026-05-06 06:15:36,892 | INFO | Scenario: scenario_2___nu=3 | n_rep: 414 | KDE model: t-student rot df=3
2026-05-06 06:15:37,332 | INFO | Scenario: scenario_2___nu=3 | n_rep: 415 | KDE model: gaussian rot
2026-05-06 06:15:37,721 | INFO | Scenario: scenario_2___nu=3 | n_rep: 415 | KDE model: t-student rot df=3
2026-05-06 06:15:38,051 | INFO | Scenario: scenario_2___nu=3 | n_rep: 416 | KDE model: gaussian rot
2026-05-06 06:15:38,508 | INFO | Scenario: scenario_2___nu=3 | n_rep: 416 | KDE model: t-student rot df=3
2026-05-06 06:15:39,160 | INFO | Scenario: scenario_2___nu=3 | n_rep: 417 | KDE model: gaussian rot
2026-05-06 06:15:39,503 | INFO | Scenario: scenario_2___nu=3 | n_rep: 417 | KDE model: t-student rot df=3
2026-05-06 06:15:39,819 | INFO | Scenario: scenario_2___nu=3 | n_rep: 418 | KDE model: gaussian rot
2026-05-06 06:15:40,409 | INFO | Scenario: scenario_2___nu=3 | n_rep: 418 | KDE model: t-student rot df=3
2026-05-06 06:15:41,112 | INFO | Scenario: scenario_2___nu=3 | n_rep: 419 | KDE model: gaussian rot
2026-05-06 06:15:41,577 | INFO | Scenario: scenario_2___nu=3 | n_rep: 419 | KDE model: t-student rot df=3
2026-05-06 06:15:42,058 | INFO | Scenario: scenario_2___nu=3 | n_rep: 420 | KDE model: gaussian rot
2026-05-06 06:15:42,793 | INFO | Scenario: scenario_2___nu=3 | n_rep: 420 | KDE model: t-student rot df=3
2026-05-06 06:15:43,547 | INFO | Scenario: scenario_2___nu=3 | n_rep: 421 | KDE model: gaussian rot
2026-05-06 06:15:44,014 | INFO | Scenario: scenario_2___nu=3 | n_rep: 421 | KDE model: t-student rot df=3
2026-05-06 06:15:44,405 | INFO | Scenario: scenario_2___nu=3 | n_rep: 422 | KDE model: gaussian rot
2026-05-06 06:15:44,859 | INFO | Scenario: scenario_2___nu=3 | n_rep: 422 | KDE model: t-student rot df=3
2026-05-06 06:15:45,299 | INFO | Scenario: scenario_2___nu=3 | n_rep: 423 | KDE model: gaussian rot
2026-05-06 06:15:45,947 | INFO | Scenario: scenario_2___nu=3 | n_rep: 423 | KDE model: t-student rot df=3
2026-05-06 06:15:46,502 | INFO | Scenario: scenario_2___nu=3 | n_rep: 424 | KDE model: gaussian rot
2026-05-06 06:15:46,915 | INFO | Scenario: scenario_2___nu=3 | n_rep: 424 | KDE model: t-student rot df=3
2026-05-06 06:15:47,307 | INFO | Scenario: scenario_2___nu=3 | n_rep: 425 | KDE model: gaussian rot
2026-05-06 06:15:47,792 | INFO | Scenario: scenario_2___nu=3 | n_rep: 425 | KDE model: t-student rot df=3
2026-05-06 06:15:48,269 | INFO | Scenario: scenario_2___nu=3 | n_rep: 426 | KDE model: gaussian rot
2026-05-06 06:15:48,686 | INFO | Scenario: scenario_2___nu=3 | n_rep: 426 | KDE model: t-student rot df=3
2026-05-06 06:15:49,170 | INFO | Scenario: scenario_2___nu=3 | n_rep: 427 | KDE model: gaussian rot
2026-05-06 06:15:49,577 | INFO | Scenario: scenario_2___nu=3 | n_rep: 427 | KDE model: t-student rot df=3
2026-05-06 06:15:50,000 | INFO | Scenario: scenario_2___nu=3 | n_rep: 428 | KDE model: gaussian rot
2026-05-06 06:15:50,360 | INFO | Scenario: scenario_2___nu=3 | n_rep: 428 | KDE model: t-student rot df=3
2026-05-06 06:15:50,769 | INFO | Scenario: scenario_2___nu=3 | n_rep: 429 | KDE model: gaussian rot
2026-05-06 06:15:51,234 | INFO | Scenario: scenario_2___nu=3 | n_rep: 429 | KDE model: t-student rot df=3
2026-05-06 06:15:51,697 | INFO | Scenario: scenario_2___nu=3 | n_rep: 430 | KDE model: gaussian rot
2026-05-06 06:15:52,193 | INFO | Scenario: scenario_2___nu=3 | n_rep: 430 | KDE model: t-student rot df=3
2026-05-06 06:15:52,666 | INFO | Scenario: scenario_2___nu=3 | n_rep: 431 | KDE model: gaussian rot
2026-05-06 06:15:53,198 | INFO | Scenario: scenario_2___nu=3 | n_rep: 431 | KDE model: t-student rot df=3
2026-05-06 06:15:53,744 | INFO | Scenario: scenario_2___nu=3 | n_rep: 432 | KDE model: gaussian rot
2026-05-06 06:15:54,213 | INFO | Scenario: scenario_2___nu=3 | n_rep: 432 | KDE model: t-student rot df=3
2026-05-06 06:15:54,667 | INFO | Scenario: scenario_2___nu=3 | n_rep: 433 | KDE model: gaussian rot
2026-05-06 06:15:55,341 | INFO | Scenario: scenario_2___nu=3 | n_rep: 433 | KDE model: t-student rot df=3
2026-05-06 06:15:56,073 | INFO | Scenario: scenario_2___nu=3 | n_rep: 434 | KDE model: gaussian rot
2026-05-06 06:15:56,770 | INFO | Scenario: scenario_2___nu=3 | n_rep: 434 | KDE model: t-student rot df=3
2026-05-06 06:15:57,485 | INFO | Scenario: scenario_2___nu=3 | n_rep: 435 | KDE model: gaussian rot
2026-05-06 06:15:58,129 | INFO | Scenario: scenario_2___nu=3 | n_rep: 435 | KDE model: t-student rot df=3
2026-05-06 06:15:58,738 | INFO | Scenario: scenario_2___nu=3 | n_rep: 436 | KDE model: gaussian rot
2026-05-06 06:15:59,057 | INFO | Scenario: scenario_2___nu=3 | n_rep: 436 | KDE model: t-student rot df=3
2026-05-06 06:15:59,393 | INFO | Scenario: scenario_2___nu=3 | n_rep: 437 | KDE model: gaussian rot
2026-05-06 06:15:59,787 | INFO | Scenario: scenario_2___nu=3 | n_rep: 437 | KDE model: t-student rot df=3
2026-05-06 06:16:00,190 | INFO | Scenario: scenario_2___nu=3 | n_rep: 438 | KDE model: gaussian rot
2026-05-06 06:16:00,531 | INFO | Scenario: scenario_2___nu=3 | n_rep: 438 | KDE model: t-student rot df=3
2026-05-06 06:16:00,855 | INFO | Scenario: scenario_2___nu=3 | n_rep: 439 | KDE model: gaussian rot
2026-05-06 06:16:01,335 | INFO | Scenario: scenario_2___nu=3 | n_rep: 439 | KDE model: t-student rot df=3
2026-05-06 06:16:01,826 | INFO | Scenario: scenario_2___nu=3 | n_rep: 440 | KDE model: gaussian rot
2026-05-06 06:16:02,558 | INFO | Scenario: scenario_2___nu=3 | n_rep: 440 | KDE model: t-student rot df=3
2026-05-06 06:16:03,314 | INFO | Scenario: scenario_2___nu=3 | n_rep: 441 | KDE model: gaussian rot
2026-05-06 06:16:03,722 | INFO | Scenario: scenario_2___nu=3 | n_rep: 441 | KDE model: t-student rot df=3
2026-05-06 06:16:04,120 | INFO | Scenario: scenario_2___nu=3 | n_rep: 442 | KDE model: gaussian rot
2026-05-06 06:16:04,541 | INFO | Scenario: scenario_2___nu=3 | n_rep: 442 | KDE model: t-student rot df=3
2026-05-06 06:16:04,961 | INFO | Scenario: scenario_2___nu=3 | n_rep: 443 | KDE model: gaussian rot
2026-05-06 06:16:05,631 | INFO | Scenario: scenario_2___nu=3 | n_rep: 443 | KDE model: t-student rot df=3
2026-05-06 06:16:06,454 | INFO | Scenario: scenario_2___nu=3 | n_rep: 444 | KDE model: gaussian rot
2026-05-06 06:16:06,907 | INFO | Scenario: scenario_2___nu=3 | n_rep: 444 | KDE model: t-student rot df=3
2026-05-06 06:16:07,355 | INFO | Scenario: scenario_2___nu=3 | n_rep: 445 | KDE model: gaussian rot
2026-05-06 06:16:08,361 | INFO | Scenario: scenario_2___nu=3 | n_rep: 445 | KDE model: t-student rot df=3
2026-05-06 06:16:09,379 | INFO | Scenario: scenario_2___nu=3 | n_rep: 446 | KDE model: gaussian rot
2026-05-06 06:16:09,778 | INFO | Scenario: scenario_2___nu=3 | n_rep: 446 | KDE model: t-student rot df=3
2026-05-06 06:16:10,396 | INFO | Scenario: scenario_2___nu=3 | n_rep: 447 | KDE model: gaussian rot
2026-05-06 06:16:10,761 | INFO | Scenario: scenario_2___nu=3 | n_rep: 447 | KDE model: t-student rot df=3
2026-05-06 06:16:11,175 | INFO | Scenario: scenario_2___nu=3 | n_rep: 448 | KDE model: gaussian rot
2026-05-06 06:16:11,970 | INFO | Scenario: scenario_2___nu=3 | n_rep: 448 | KDE model: t-student rot df=3
2026-05-06 06:16:12,725 | INFO | Scenario: scenario_2___nu=3 | n_rep: 449 | KDE model: gaussian rot
2026-05-06 06:16:13,171 | INFO | Scenario: scenario_2___nu=3 | n_rep: 449 | KDE model: t-student rot df=3
2026-05-06 06:16:13,587 | INFO | Scenario: scenario_2___nu=3 | n_rep: 450 | KDE model: gaussian rot
2026-05-06 06:16:13,935 | INFO | Scenario: scenario_2___nu=3 | n_rep: 450 | KDE model: t-student rot df=3
2026-05-06 06:16:14,285 | INFO | Scenario: scenario_2___nu=3 | n_rep: 451 | KDE model: gaussian rot
2026-05-06 06:16:14,765 | INFO | Scenario: scenario_2___nu=3 | n_rep: 451 | KDE model: t-student rot df=3
2026-05-06 06:16:15,232 | INFO | Scenario: scenario_2___nu=3 | n_rep: 452 | KDE model: gaussian rot
2026-05-06 06:16:15,750 | INFO | Scenario: scenario_2___nu=3 | n_rep: 452 | KDE model: t-student rot df=3
2026-05-06 06:16:16,180 | INFO | Scenario: scenario_2___nu=3 | n_rep: 453 | KDE model: gaussian rot
2026-05-06 06:16:16,827 | INFO | Scenario: scenario_2___nu=3 | n_rep: 453 | KDE model: t-student rot df=3
2026-05-06 06:16:17,460 | INFO | Scenario: scenario_2___nu=3 | n_rep: 454 | KDE model: gaussian rot
2026-05-06 06:16:17,920 | INFO | Scenario: scenario_2___nu=3 | n_rep: 454 | KDE model: t-student rot df=3
2026-05-06 06:16:18,290 | INFO | Scenario: scenario_2___nu=3 | n_rep: 455 | KDE model: gaussian rot
2026-05-06 06:16:18,788 | INFO | Scenario: scenario_2___nu=3 | n_rep: 455 | KDE model: t-student rot df=3
2026-05-06 06:16:19,210 | INFO | Scenario: scenario_2___nu=3 | n_rep: 456 | KDE model: gaussian rot
2026-05-06 06:16:19,875 | INFO | Scenario: scenario_2___nu=3 | n_rep: 456 | KDE model: t-student rot df=3
2026-05-06 06:16:20,544 | INFO | Scenario: scenario_2___nu=3 | n_rep: 457 | KDE model: gaussian rot
2026-05-06 06:16:20,933 | INFO | Scenario: scenario_2___nu=3 | n_rep: 457 | KDE model: t-student rot df=3
2026-05-06 06:16:21,325 | INFO | Scenario: scenario_2___nu=3 | n_rep: 458 | KDE model: gaussian rot
2026-05-06 06:16:22,051 | INFO | Scenario: scenario_2___nu=3 | n_rep: 458 | KDE model: t-student rot df=3
2026-05-06 06:16:22,664 | INFO | Scenario: scenario_2___nu=3 | n_rep: 459 | KDE model: gaussian rot
2026-05-06 06:16:23,078 | INFO | Scenario: scenario_2___nu=3 | n_rep: 459 | KDE model: t-student rot df=3
2026-05-06 06:16:23,454 | INFO | Scenario: scenario_2___nu=3 | n_rep: 460 | KDE model: gaussian rot
2026-05-06 06:16:23,852 | INFO | Scenario: scenario_2___nu=3 | n_rep: 460 | KDE model: t-student rot df=3
2026-05-06 06:16:24,203 | INFO | Scenario: scenario_2___nu=3 | n_rep: 461 | KDE model: gaussian rot
2026-05-06 06:16:24,843 | INFO | Scenario: scenario_2___nu=3 | n_rep: 461 | KDE model: t-student rot df=3
2026-05-06 06:16:25,468 | INFO | Scenario: scenario_2___nu=3 | n_rep: 462 | KDE model: gaussian rot
2026-05-06 06:16:26,322 | INFO | Scenario: scenario_2___nu=3 | n_rep: 462 | KDE model: t-student rot df=3
2026-05-06 06:16:27,074 | INFO | Scenario: scenario_2___nu=3 | n_rep: 463 | KDE model: gaussian rot
2026-05-06 06:16:27,774 | INFO | Scenario: scenario_2___nu=3 | n_rep: 463 | KDE model: t-student rot df=3
2026-05-06 06:16:28,367 | INFO | Scenario: scenario_2___nu=3 | n_rep: 464 | KDE model: gaussian rot
2026-05-06 06:16:28,731 | INFO | Scenario: scenario_2___nu=3 | n_rep: 464 | KDE model: t-student rot df=3
2026-05-06 06:16:29,076 | INFO | Scenario: scenario_2___nu=3 | n_rep: 465 | KDE model: gaussian rot
2026-05-06 06:16:29,646 | INFO | Scenario: scenario_2___nu=3 | n_rep: 465 | KDE model: t-student rot df=3
2026-05-06 06:16:30,517 | INFO | Scenario: scenario_2___nu=3 | n_rep: 466 | KDE model: gaussian rot
2026-05-06 06:16:31,254 | INFO | Scenario: scenario_2___nu=3 | n_rep: 466 | KDE model: t-student rot df=3
2026-05-06 06:16:31,897 | INFO | Scenario: scenario_2___nu=3 | n_rep: 467 | KDE model: gaussian rot
2026-05-06 06:16:32,644 | INFO | Scenario: scenario_2___nu=3 | n_rep: 467 | KDE model: t-student rot df=3
2026-05-06 06:16:33,394 | INFO | Scenario: scenario_2___nu=3 | n_rep: 468 | KDE model: gaussian rot
2026-05-06 06:16:33,930 | INFO | Scenario: scenario_2___nu=3 | n_rep: 468 | KDE model: t-student rot df=3
2026-05-06 06:16:34,450 | INFO | Scenario: scenario_2___nu=3 | n_rep: 469 | KDE model: gaussian rot
2026-05-06 06:16:35,067 | INFO | Scenario: scenario_2___nu=3 | n_rep: 469 | KDE model: t-student rot df=3
2026-05-06 06:16:35,694 | INFO | Scenario: scenario_2___nu=3 | n_rep: 470 | KDE model: gaussian rot
2026-05-06 06:16:36,374 | INFO | Scenario: scenario_2___nu=3 | n_rep: 470 | KDE model: t-student rot df=3
2026-05-06 06:16:37,064 | INFO | Scenario: scenario_2___nu=3 | n_rep: 471 | KDE model: gaussian rot
2026-05-06 06:16:37,520 | INFO | Scenario: scenario_2___nu=3 | n_rep: 471 | KDE model: t-student rot df=3
2026-05-06 06:16:38,009 | INFO | Scenario: scenario_2___nu=3 | n_rep: 472 | KDE model: gaussian rot
2026-05-06 06:16:38,596 | INFO | Scenario: scenario_2___nu=3 | n_rep: 472 | KDE model: t-student rot df=3
2026-05-06 06:16:39,174 | INFO | Scenario: scenario_2___nu=3 | n_rep: 473 | KDE model: gaussian rot
2026-05-06 06:16:39,548 | INFO | Scenario: scenario_2___nu=3 | n_rep: 473 | KDE model: t-student rot df=3
2026-05-06 06:16:39,895 | INFO | Scenario: scenario_2___nu=3 | n_rep: 474 | KDE model: gaussian rot
2026-05-06 06:16:40,526 | INFO | Scenario: scenario_2___nu=3 | n_rep: 474 | KDE model: t-student rot df=3
2026-05-06 06:16:41,020 | INFO | Scenario: scenario_2___nu=3 | n_rep: 475 | KDE model: gaussian rot
2026-05-06 06:16:41,714 | INFO | Scenario: scenario_2___nu=3 | n_rep: 475 | KDE model: t-student rot df=3
2026-05-06 06:16:42,445 | INFO | Scenario: scenario_2___nu=3 | n_rep: 476 | KDE model: gaussian rot
2026-05-06 06:16:42,907 | INFO | Scenario: scenario_2___nu=3 | n_rep: 476 | KDE model: t-student rot df=3
2026-05-06 06:16:43,384 | INFO | Scenario: scenario_2___nu=3 | n_rep: 477 | KDE model: gaussian rot
2026-05-06 06:16:44,081 | INFO | Scenario: scenario_2___nu=3 | n_rep: 477 | KDE model: t-student rot df=3
2026-05-06 06:16:44,802 | INFO | Scenario: scenario_2___nu=3 | n_rep: 478 | KDE model: gaussian rot
2026-05-06 06:16:45,283 | INFO | Scenario: scenario_2___nu=3 | n_rep: 478 | KDE model: t-student rot df=3
2026-05-06 06:16:45,733 | INFO | Scenario: scenario_2___nu=3 | n_rep: 479 | KDE model: gaussian rot
2026-05-06 06:16:46,187 | INFO | Scenario: scenario_2___nu=3 | n_rep: 479 | KDE model: t-student rot df=3
2026-05-06 06:16:46,570 | INFO | Scenario: scenario_2___nu=3 | n_rep: 480 | KDE model: gaussian rot
2026-05-06 06:16:47,011 | INFO | Scenario: scenario_2___nu=3 | n_rep: 480 | KDE model: t-student rot df=3
2026-05-06 06:16:47,483 | INFO | Scenario: scenario_2___nu=3 | n_rep: 481 | KDE model: gaussian rot
2026-05-06 06:16:48,200 | INFO | Scenario: scenario_2___nu=3 | n_rep: 481 | KDE model: t-student rot df=3
2026-05-06 06:16:48,810 | INFO | Scenario: scenario_2___nu=3 | n_rep: 482 | KDE model: gaussian rot
2026-05-06 06:16:49,267 | INFO | Scenario: scenario_2___nu=3 | n_rep: 482 | KDE model: t-student rot df=3
2026-05-06 06:16:49,725 | INFO | Scenario: scenario_2___nu=3 | n_rep: 483 | KDE model: gaussian rot
2026-05-06 06:16:50,147 | INFO | Scenario: scenario_2___nu=3 | n_rep: 483 | KDE model: t-student rot df=3
2026-05-06 06:16:50,614 | INFO | Scenario: scenario_2___nu=3 | n_rep: 484 | KDE model: gaussian rot
2026-05-06 06:16:50,987 | INFO | Scenario: scenario_2___nu=3 | n_rep: 484 | KDE model: t-student rot df=3
2026-05-06 06:16:51,417 | INFO | Scenario: scenario_2___nu=3 | n_rep: 485 | KDE model: gaussian rot
2026-05-06 06:16:51,753 | INFO | Scenario: scenario_2___nu=3 | n_rep: 485 | KDE model: t-student rot df=3
2026-05-06 06:16:52,072 | INFO | Scenario: scenario_2___nu=3 | n_rep: 486 | KDE model: gaussian rot
2026-05-06 06:16:52,770 | INFO | Scenario: scenario_2___nu=3 | n_rep: 486 | KDE model: t-student rot df=3
2026-05-06 06:16:53,400 | INFO | Scenario: scenario_2___nu=3 | n_rep: 487 | KDE model: gaussian rot
2026-05-06 06:16:53,816 | INFO | Scenario: scenario_2___nu=3 | n_rep: 487 | KDE model: t-student rot df=3
2026-05-06 06:16:54,250 | INFO | Scenario: scenario_2___nu=3 | n_rep: 488 | KDE model: gaussian rot
2026-05-06 06:16:54,627 | INFO | Scenario: scenario_2___nu=3 | n_rep: 488 | KDE model: t-student rot df=3
2026-05-06 06:16:54,966 | INFO | Scenario: scenario_2___nu=3 | n_rep: 489 | KDE model: gaussian rot
2026-05-06 06:16:55,376 | INFO | Scenario: scenario_2___nu=3 | n_rep: 489 | KDE model: t-student rot df=3
2026-05-06 06:16:55,759 | INFO | Scenario: scenario_2___nu=3 | n_rep: 490 | KDE model: gaussian rot
2026-05-06 06:16:56,333 | INFO | Scenario: scenario_2___nu=3 | n_rep: 490 | KDE model: t-student rot df=3
2026-05-06 06:16:56,856 | INFO | Scenario: scenario_2___nu=3 | n_rep: 491 | KDE model: gaussian rot
2026-05-06 06:16:57,542 | INFO | Scenario: scenario_2___nu=3 | n_rep: 491 | KDE model: t-student rot df=3
2026-05-06 06:16:58,256 | INFO | Scenario: scenario_2___nu=3 | n_rep: 492 | KDE model: gaussian rot
2026-05-06 06:16:58,574 | INFO | Scenario: scenario_2___nu=3 | n_rep: 492 | KDE model: t-student rot df=3
2026-05-06 06:16:58,916 | INFO | Scenario: scenario_2___nu=3 | n_rep: 493 | KDE model: gaussian rot
2026-05-06 06:16:59,398 | INFO | Scenario: scenario_2___nu=3 | n_rep: 493 | KDE model: t-student rot df=3
2026-05-06 06:16:59,786 | INFO | Scenario: scenario_2___nu=3 | n_rep: 494 | KDE model: gaussian rot
2026-05-06 06:17:00,194 | INFO | Scenario: scenario_2___nu=3 | n_rep: 494 | KDE model: t-student rot df=3
2026-05-06 06:17:00,600 | INFO | Scenario: scenario_2___nu=3 | n_rep: 495 | KDE model: gaussian rot
2026-05-06 06:17:01,064 | INFO | Scenario: scenario_2___nu=3 | n_rep: 495 | KDE model: t-student rot df=3
2026-05-06 06:17:01,478 | INFO | Scenario: scenario_2___nu=3 | n_rep: 496 | KDE model: gaussian rot
2026-05-06 06:17:01,873 | INFO | Scenario: scenario_2___nu=3 | n_rep: 496 | KDE model: t-student rot df=3
2026-05-06 06:17:02,254 | INFO | Scenario: scenario_2___nu=3 | n_rep: 497 | KDE model: gaussian rot
2026-05-06 06:17:02,756 | INFO | Scenario: scenario_2___nu=3 | n_rep: 497 | KDE model: t-student rot df=3
2026-05-06 06:17:03,252 | INFO | Scenario: scenario_2___nu=3 | n_rep: 498 | KDE model: gaussian rot
2026-05-06 06:17:03,679 | INFO | Scenario: scenario_2___nu=3 | n_rep: 498 | KDE model: t-student rot df=3
2026-05-06 06:17:04,134 | INFO | Scenario: scenario_2___nu=3 | n_rep: 499 | KDE model: gaussian rot
2026-05-06 06:17:04,646 | INFO | Scenario: scenario_2___nu=3 | n_rep: 499 | KDE model: t-student rot df=3
2026-05-06 06:17:05,413 | INFO | Scenario: scenario_2___nu=8 | n_rep: 0 | KDE model: gaussian rot
2026-05-06 06:17:05,837 | INFO | Scenario: scenario_2___nu=8 | n_rep: 0 | KDE model: t-student rot df=3
2026-05-06 06:17:06,375 | INFO | Scenario: scenario_2___nu=8 | n_rep: 1 | KDE model: gaussian rot
2026-05-06 06:17:07,108 | INFO | Scenario: scenario_2___nu=8 | n_rep: 1 | KDE model: t-student rot df=3
2026-05-06 06:17:07,906 | INFO | Scenario: scenario_2___nu=8 | n_rep: 2 | KDE model: gaussian rot
2026-05-06 06:17:08,350 | INFO | Scenario: scenario_2___nu=8 | n_rep: 2 | KDE model: t-student rot df=3
2026-05-06 06:17:08,724 | INFO | Scenario: scenario_2___nu=8 | n_rep: 3 | KDE model: gaussian rot
2026-05-06 06:17:09,418 | INFO | Scenario: scenario_2___nu=8 | n_rep: 3 | KDE model: t-student rot df=3
2026-05-06 06:17:09,939 | INFO | Scenario: scenario_2___nu=8 | n_rep: 4 | KDE model: gaussian rot
2026-05-06 06:17:11,008 | INFO | Scenario: scenario_2___nu=8 | n_rep: 4 | KDE model: t-student rot df=3
2026-05-06 06:17:12,057 | INFO | Scenario: scenario_2___nu=8 | n_rep: 5 | KDE model: gaussian rot
2026-05-06 06:17:13,651 | INFO | Scenario: scenario_2___nu=8 | n_rep: 5 | KDE model: t-student rot df=3
2026-05-06 06:17:14,373 | INFO | Scenario: scenario_2___nu=8 | n_rep: 6 | KDE model: gaussian rot
2026-05-06 06:17:15,124 | INFO | Scenario: scenario_2___nu=8 | n_rep: 6 | KDE model: t-student rot df=3
2026-05-06 06:17:15,506 | INFO | Scenario: scenario_2___nu=8 | n_rep: 7 | KDE model: gaussian rot
2026-05-06 06:17:16,292 | INFO | Scenario: scenario_2___nu=8 | n_rep: 7 | KDE model: t-student rot df=3
2026-05-06 06:17:17,120 | INFO | Scenario: scenario_2___nu=8 | n_rep: 8 | KDE model: gaussian rot
2026-05-06 06:17:17,685 | INFO | Scenario: scenario_2___nu=8 | n_rep: 8 | KDE model: t-student rot df=3
2026-05-06 06:17:18,191 | INFO | Scenario: scenario_2___nu=8 | n_rep: 9 | KDE model: gaussian rot
2026-05-06 06:17:18,943 | INFO | Scenario: scenario_2___nu=8 | n_rep: 9 | KDE model: t-student rot df=3
2026-05-06 06:17:19,508 | INFO | Scenario: scenario_2___nu=8 | n_rep: 10 | KDE model: gaussian rot
2026-05-06 06:17:19,964 | INFO | Scenario: scenario_2___nu=8 | n_rep: 10 | KDE model: t-student rot df=3
2026-05-06 06:17:20,727 | INFO | Scenario: scenario_2___nu=8 | n_rep: 11 | KDE model: gaussian rot
2026-05-06 06:17:21,363 | INFO | Scenario: scenario_2___nu=8 | n_rep: 11 | KDE model: t-student rot df=3
2026-05-06 06:17:22,034 | INFO | Scenario: scenario_2___nu=8 | n_rep: 12 | KDE model: gaussian rot
2026-05-06 06:17:22,810 | INFO | Scenario: scenario_2___nu=8 | n_rep: 12 | KDE model: t-student rot df=3
2026-05-06 06:17:23,301 | INFO | Scenario: scenario_2___nu=8 | n_rep: 13 | KDE model: gaussian rot
2026-05-06 06:17:23,758 | INFO | Scenario: scenario_2___nu=8 | n_rep: 13 | KDE model: t-student rot df=3
2026-05-06 06:17:24,188 | INFO | Scenario: scenario_2___nu=8 | n_rep: 14 | KDE model: gaussian rot
2026-05-06 06:17:24,780 | INFO | Scenario: scenario_2___nu=8 | n_rep: 14 | KDE model: t-student rot df=3
2026-05-06 06:17:25,118 | INFO | Scenario: scenario_2___nu=8 | n_rep: 15 | KDE model: gaussian rot
2026-05-06 06:17:25,498 | INFO | Scenario: scenario_2___nu=8 | n_rep: 15 | KDE model: t-student rot df=3
2026-05-06 06:17:25,827 | INFO | Scenario: scenario_2___nu=8 | n_rep: 16 | KDE model: gaussian rot
2026-05-06 06:17:26,628 | INFO | Scenario: scenario_2___nu=8 | n_rep: 16 | KDE model: t-student rot df=3
2026-05-06 06:17:27,167 | INFO | Scenario: scenario_2___nu=8 | n_rep: 17 | KDE model: gaussian rot
2026-05-06 06:17:27,989 | INFO | Scenario: scenario_2___nu=8 | n_rep: 17 | KDE model: t-student rot df=3
2026-05-06 06:17:28,733 | INFO | Scenario: scenario_2___nu=8 | n_rep: 18 | KDE model: gaussian rot
2026-05-06 06:17:29,290 | INFO | Scenario: scenario_2___nu=8 | n_rep: 18 | KDE model: t-student rot df=3
2026-05-06 06:17:29,787 | INFO | Scenario: scenario_2___nu=8 | n_rep: 19 | KDE model: gaussian rot
2026-05-06 06:17:30,419 | INFO | Scenario: scenario_2___nu=8 | n_rep: 19 | KDE model: t-student rot df=3
2026-05-06 06:17:30,782 | INFO | Scenario: scenario_2___nu=8 | n_rep: 20 | KDE model: gaussian rot
2026-05-06 06:17:31,158 | INFO | Scenario: scenario_2___nu=8 | n_rep: 20 | KDE model: t-student rot df=3
2026-05-06 06:17:31,510 | INFO | Scenario: scenario_2___nu=8 | n_rep: 21 | KDE model: gaussian rot
2026-05-06 06:17:31,964 | INFO | Scenario: scenario_2___nu=8 | n_rep: 21 | KDE model: t-student rot df=3
2026-05-06 06:17:32,390 | INFO | Scenario: scenario_2___nu=8 | n_rep: 22 | KDE model: gaussian rot
2026-05-06 06:17:32,826 | INFO | Scenario: scenario_2___nu=8 | n_rep: 22 | KDE model: t-student rot df=3
2026-05-06 06:17:33,233 | INFO | Scenario: scenario_2___nu=8 | n_rep: 23 | KDE model: gaussian rot
2026-05-06 06:17:33,590 | INFO | Scenario: scenario_2___nu=8 | n_rep: 23 | KDE model: t-student rot df=3
2026-05-06 06:17:33,916 | INFO | Scenario: scenario_2___nu=8 | n_rep: 24 | KDE model: gaussian rot
2026-05-06 06:17:34,360 | INFO | Scenario: scenario_2___nu=8 | n_rep: 24 | KDE model: t-student rot df=3
2026-05-06 06:17:34,848 | INFO | Scenario: scenario_2___nu=8 | n_rep: 25 | KDE model: gaussian rot
2026-05-06 06:17:35,710 | INFO | Scenario: scenario_2___nu=8 | n_rep: 25 | KDE model: t-student rot df=3
2026-05-06 06:17:36,490 | INFO | Scenario: scenario_2___nu=8 | n_rep: 26 | KDE model: gaussian rot
2026-05-06 06:17:37,164 | INFO | Scenario: scenario_2___nu=8 | n_rep: 26 | KDE model: t-student rot df=3
2026-05-06 06:17:37,892 | INFO | Scenario: scenario_2___nu=8 | n_rep: 27 | KDE model: gaussian rot
2026-05-06 06:17:38,663 | INFO | Scenario: scenario_2___nu=8 | n_rep: 27 | KDE model: t-student rot df=3
2026-05-06 06:17:39,168 | INFO | Scenario: scenario_2___nu=8 | n_rep: 28 | KDE model: gaussian rot
2026-05-06 06:17:39,834 | INFO | Scenario: scenario_2___nu=8 | n_rep: 28 | KDE model: t-student rot df=3
2026-05-06 06:17:40,300 | INFO | Scenario: scenario_2___nu=8 | n_rep: 29 | KDE model: gaussian rot
2026-05-06 06:17:41,278 | INFO | Scenario: scenario_2___nu=8 | n_rep: 29 | KDE model: t-student rot df=3
2026-05-06 06:17:42,217 | INFO | Scenario: scenario_2___nu=8 | n_rep: 30 | KDE model: gaussian rot
2026-05-06 06:17:42,766 | INFO | Scenario: scenario_2___nu=8 | n_rep: 30 | KDE model: t-student rot df=3
2026-05-06 06:17:43,386 | INFO | Scenario: scenario_2___nu=8 | n_rep: 31 | KDE model: gaussian rot
2026-05-06 06:17:43,845 | INFO | Scenario: scenario_2___nu=8 | n_rep: 31 | KDE model: t-student rot df=3
2026-05-06 06:17:44,386 | INFO | Scenario: scenario_2___nu=8 | n_rep: 32 | KDE model: gaussian rot
2026-05-06 06:17:44,784 | INFO | Scenario: scenario_2___nu=8 | n_rep: 32 | KDE model: t-student rot df=3
2026-05-06 06:17:45,163 | INFO | Scenario: scenario_2___nu=8 | n_rep: 33 | KDE model: gaussian rot
2026-05-06 06:17:45,643 | INFO | Scenario: scenario_2___nu=8 | n_rep: 33 | KDE model: t-student rot df=3
2026-05-06 06:17:46,384 | INFO | Scenario: scenario_2___nu=8 | n_rep: 34 | KDE model: gaussian rot
2026-05-06 06:17:46,877 | INFO | Scenario: scenario_2___nu=8 | n_rep: 34 | KDE model: t-student rot df=3
2026-05-06 06:17:47,306 | INFO | Scenario: scenario_2___nu=8 | n_rep: 35 | KDE model: gaussian rot
2026-05-06 06:17:47,973 | INFO | Scenario: scenario_2___nu=8 | n_rep: 35 | KDE model: t-student rot df=3
2026-05-06 06:17:48,595 | INFO | Scenario: scenario_2___nu=8 | n_rep: 36 | KDE model: gaussian rot
2026-05-06 06:17:49,029 | INFO | Scenario: scenario_2___nu=8 | n_rep: 36 | KDE model: t-student rot df=3
2026-05-06 06:17:49,500 | INFO | Scenario: scenario_2___nu=8 | n_rep: 37 | KDE model: gaussian rot
2026-05-06 06:17:49,912 | INFO | Scenario: scenario_2___nu=8 | n_rep: 37 | KDE model: t-student rot df=3
2026-05-06 06:17:50,296 | INFO | Scenario: scenario_2___nu=8 | n_rep: 38 | KDE model: gaussian rot
2026-05-06 06:17:50,712 | INFO | Scenario: scenario_2___nu=8 | n_rep: 38 | KDE model: t-student rot df=3
2026-05-06 06:17:51,127 | INFO | Scenario: scenario_2___nu=8 | n_rep: 39 | KDE model: gaussian rot
2026-05-06 06:17:51,646 | INFO | Scenario: scenario_2___nu=8 | n_rep: 39 | KDE model: t-student rot df=3
2026-05-06 06:17:52,115 | INFO | Scenario: scenario_2___nu=8 | n_rep: 40 | KDE model: gaussian rot
2026-05-06 06:17:52,587 | INFO | Scenario: scenario_2___nu=8 | n_rep: 40 | KDE model: t-student rot df=3
2026-05-06 06:17:53,040 | INFO | Scenario: scenario_2___nu=8 | n_rep: 41 | KDE model: gaussian rot
2026-05-06 06:17:53,412 | INFO | Scenario: scenario_2___nu=8 | n_rep: 41 | KDE model: t-student rot df=3
2026-05-06 06:17:53,797 | INFO | Scenario: scenario_2___nu=8 | n_rep: 42 | KDE model: gaussian rot
2026-05-06 06:17:54,458 | INFO | Scenario: scenario_2___nu=8 | n_rep: 42 | KDE model: t-student rot df=3
2026-05-06 06:17:55,154 | INFO | Scenario: scenario_2___nu=8 | n_rep: 43 | KDE model: gaussian rot
2026-05-06 06:17:55,679 | INFO | Scenario: scenario_2___nu=8 | n_rep: 43 | KDE model: t-student rot df=3
2026-05-06 06:17:56,208 | INFO | Scenario: scenario_2___nu=8 | n_rep: 44 | KDE model: gaussian rot
2026-05-06 06:17:56,723 | INFO | Scenario: scenario_2___nu=8 | n_rep: 44 | KDE model: t-student rot df=3
2026-05-06 06:17:57,234 | INFO | Scenario: scenario_2___nu=8 | n_rep: 45 | KDE model: gaussian rot
2026-05-06 06:17:58,023 | INFO | Scenario: scenario_2___nu=8 | n_rep: 45 | KDE model: t-student rot df=3
2026-05-06 06:17:58,546 | INFO | Scenario: scenario_2___nu=8 | n_rep: 46 | KDE model: gaussian rot
2026-05-06 06:17:59,260 | INFO | Scenario: scenario_2___nu=8 | n_rep: 46 | KDE model: t-student rot df=3
2026-05-06 06:17:59,865 | INFO | Scenario: scenario_2___nu=8 | n_rep: 47 | KDE model: gaussian rot
2026-05-06 06:18:00,350 | INFO | Scenario: scenario_2___nu=8 | n_rep: 47 | KDE model: t-student rot df=3
2026-05-06 06:18:00,796 | INFO | Scenario: scenario_2___nu=8 | n_rep: 48 | KDE model: gaussian rot
2026-05-06 06:18:01,256 | INFO | Scenario: scenario_2___nu=8 | n_rep: 48 | KDE model: t-student rot df=3
2026-05-06 06:18:01,752 | INFO | Scenario: scenario_2___nu=8 | n_rep: 49 | KDE model: gaussian rot
2026-05-06 06:18:02,450 | INFO | Scenario: scenario_2___nu=8 | n_rep: 49 | KDE model: t-student rot df=3
2026-05-06 06:18:02,924 | INFO | Scenario: scenario_2___nu=8 | n_rep: 50 | KDE model: gaussian rot
2026-05-06 06:18:03,357 | INFO | Scenario: scenario_2___nu=8 | n_rep: 50 | KDE model: t-student rot df=3
2026-05-06 06:18:03,817 | INFO | Scenario: scenario_2___nu=8 | n_rep: 51 | KDE model: gaussian rot
2026-05-06 06:18:04,227 | INFO | Scenario: scenario_2___nu=8 | n_rep: 51 | KDE model: t-student rot df=3
2026-05-06 06:18:04,694 | INFO | Scenario: scenario_2___nu=8 | n_rep: 52 | KDE model: gaussian rot
2026-05-06 06:18:05,571 | INFO | Scenario: scenario_2___nu=8 | n_rep: 52 | KDE model: t-student rot df=3
2026-05-06 06:18:06,375 | INFO | Scenario: scenario_2___nu=8 | n_rep: 53 | KDE model: gaussian rot
2026-05-06 06:18:06,866 | INFO | Scenario: scenario_2___nu=8 | n_rep: 53 | KDE model: t-student rot df=3
2026-05-06 06:18:07,420 | INFO | Scenario: scenario_2___nu=8 | n_rep: 54 | KDE model: gaussian rot
2026-05-06 06:18:08,185 | INFO | Scenario: scenario_2___nu=8 | n_rep: 54 | KDE model: t-student rot df=3
2026-05-06 06:18:08,732 | INFO | Scenario: scenario_2___nu=8 | n_rep: 55 | KDE model: gaussian rot
2026-05-06 06:18:09,172 | INFO | Scenario: scenario_2___nu=8 | n_rep: 55 | KDE model: t-student rot df=3
2026-05-06 06:18:09,614 | INFO | Scenario: scenario_2___nu=8 | n_rep: 56 | KDE model: gaussian rot
2026-05-06 06:18:10,145 | INFO | Scenario: scenario_2___nu=8 | n_rep: 56 | KDE model: t-student rot df=3
2026-05-06 06:18:10,685 | INFO | Scenario: scenario_2___nu=8 | n_rep: 57 | KDE model: gaussian rot
2026-05-06 06:18:11,409 | INFO | Scenario: scenario_2___nu=8 | n_rep: 57 | KDE model: t-student rot df=3
2026-05-06 06:18:12,194 | INFO | Scenario: scenario_2___nu=8 | n_rep: 58 | KDE model: gaussian rot
2026-05-06 06:18:12,571 | INFO | Scenario: scenario_2___nu=8 | n_rep: 58 | KDE model: t-student rot df=3
2026-05-06 06:18:12,943 | INFO | Scenario: scenario_2___nu=8 | n_rep: 59 | KDE model: gaussian rot
2026-05-06 06:18:13,756 | INFO | Scenario: scenario_2___nu=8 | n_rep: 59 | KDE model: t-student rot df=3
2026-05-06 06:18:14,576 | INFO | Scenario: scenario_2___nu=8 | n_rep: 60 | KDE model: gaussian rot
2026-05-06 06:18:14,953 | INFO | Scenario: scenario_2___nu=8 | n_rep: 60 | KDE model: t-student rot df=3
2026-05-06 06:18:15,332 | INFO | Scenario: scenario_2___nu=8 | n_rep: 61 | KDE model: gaussian rot
2026-05-06 06:18:16,095 | INFO | Scenario: scenario_2___nu=8 | n_rep: 61 | KDE model: t-student rot df=3
2026-05-06 06:18:17,315 | INFO | Scenario: scenario_2___nu=8 | n_rep: 62 | KDE model: gaussian rot
2026-05-06 06:18:17,663 | INFO | Scenario: scenario_2___nu=8 | n_rep: 62 | KDE model: t-student rot df=3
2026-05-06 06:18:17,998 | INFO | Scenario: scenario_2___nu=8 | n_rep: 63 | KDE model: gaussian rot
2026-05-06 06:18:18,519 | INFO | Scenario: scenario_2___nu=8 | n_rep: 63 | KDE model: t-student rot df=3
2026-05-06 06:18:19,060 | INFO | Scenario: scenario_2___nu=8 | n_rep: 64 | KDE model: gaussian rot
2026-05-06 06:18:19,539 | INFO | Scenario: scenario_2___nu=8 | n_rep: 64 | KDE model: t-student rot df=3
2026-05-06 06:18:20,253 | INFO | Scenario: scenario_2___nu=8 | n_rep: 65 | KDE model: gaussian rot
2026-05-06 06:18:20,804 | INFO | Scenario: scenario_2___nu=8 | n_rep: 65 | KDE model: t-student rot df=3
2026-05-06 06:18:21,323 | INFO | Scenario: scenario_2___nu=8 | n_rep: 66 | KDE model: gaussian rot
2026-05-06 06:18:21,729 | INFO | Scenario: scenario_2___nu=8 | n_rep: 66 | KDE model: t-student rot df=3
2026-05-06 06:18:22,133 | INFO | Scenario: scenario_2___nu=8 | n_rep: 67 | KDE model: gaussian rot
2026-05-06 06:18:22,584 | INFO | Scenario: scenario_2___nu=8 | n_rep: 67 | KDE model: t-student rot df=3
2026-05-06 06:18:23,001 | INFO | Scenario: scenario_2___nu=8 | n_rep: 68 | KDE model: gaussian rot
2026-05-06 06:18:23,535 | INFO | Scenario: scenario_2___nu=8 | n_rep: 68 | KDE model: t-student rot df=3
2026-05-06 06:18:24,030 | INFO | Scenario: scenario_2___nu=8 | n_rep: 69 | KDE model: gaussian rot
2026-05-06 06:18:24,720 | INFO | Scenario: scenario_2___nu=8 | n_rep: 69 | KDE model: t-student rot df=3
2026-05-06 06:18:25,102 | INFO | Scenario: scenario_2___nu=8 | n_rep: 70 | KDE model: gaussian rot
2026-05-06 06:18:25,562 | INFO | Scenario: scenario_2___nu=8 | n_rep: 70 | KDE model: t-student rot df=3
2026-05-06 06:18:26,019 | INFO | Scenario: scenario_2___nu=8 | n_rep: 71 | KDE model: gaussian rot
2026-05-06 06:18:26,515 | INFO | Scenario: scenario_2___nu=8 | n_rep: 71 | KDE model: t-student rot df=3
2026-05-06 06:18:26,932 | INFO | Scenario: scenario_2___nu=8 | n_rep: 72 | KDE model: gaussian rot
2026-05-06 06:18:27,362 | INFO | Scenario: scenario_2___nu=8 | n_rep: 72 | KDE model: t-student rot df=3
2026-05-06 06:18:27,779 | INFO | Scenario: scenario_2___nu=8 | n_rep: 73 | KDE model: gaussian rot
2026-05-06 06:18:28,664 | INFO | Scenario: scenario_2___nu=8 | n_rep: 73 | KDE model: t-student rot df=3
2026-05-06 06:18:29,503 | INFO | Scenario: scenario_2___nu=8 | n_rep: 74 | KDE model: gaussian rot
2026-05-06 06:18:30,228 | INFO | Scenario: scenario_2___nu=8 | n_rep: 74 | KDE model: t-student rot df=3
2026-05-06 06:18:30,868 | INFO | Scenario: scenario_2___nu=8 | n_rep: 75 | KDE model: gaussian rot
2026-05-06 06:18:31,340 | INFO | Scenario: scenario_2___nu=8 | n_rep: 75 | KDE model: t-student rot df=3
2026-05-06 06:18:31,742 | INFO | Scenario: scenario_2___nu=8 | n_rep: 76 | KDE model: gaussian rot
2026-05-06 06:18:32,183 | INFO | Scenario: scenario_2___nu=8 | n_rep: 76 | KDE model: t-student rot df=3
2026-05-06 06:18:32,638 | INFO | Scenario: scenario_2___nu=8 | n_rep: 77 | KDE model: gaussian rot
2026-05-06 06:18:33,330 | INFO | Scenario: scenario_2___nu=8 | n_rep: 77 | KDE model: t-student rot df=3
2026-05-06 06:18:33,774 | INFO | Scenario: scenario_2___nu=8 | n_rep: 78 | KDE model: gaussian rot
2026-05-06 06:18:34,215 | INFO | Scenario: scenario_2___nu=8 | n_rep: 78 | KDE model: t-student rot df=3
2026-05-06 06:18:34,712 | INFO | Scenario: scenario_2___nu=8 | n_rep: 79 | KDE model: gaussian rot
2026-05-06 06:18:35,451 | INFO | Scenario: scenario_2___nu=8 | n_rep: 79 | KDE model: t-student rot df=3
2026-05-06 06:18:36,279 | INFO | Scenario: scenario_2___nu=8 | n_rep: 80 | KDE model: gaussian rot
2026-05-06 06:18:37,089 | INFO | Scenario: scenario_2___nu=8 | n_rep: 80 | KDE model: t-student rot df=3
2026-05-06 06:18:37,847 | INFO | Scenario: scenario_2___nu=8 | n_rep: 81 | KDE model: gaussian rot
2026-05-06 06:18:38,312 | INFO | Scenario: scenario_2___nu=8 | n_rep: 81 | KDE model: t-student rot df=3
2026-05-06 06:18:38,759 | INFO | Scenario: scenario_2___nu=8 | n_rep: 82 | KDE model: gaussian rot
2026-05-06 06:18:39,295 | INFO | Scenario: scenario_2___nu=8 | n_rep: 82 | KDE model: t-student rot df=3
2026-05-06 06:18:39,796 | INFO | Scenario: scenario_2___nu=8 | n_rep: 83 | KDE model: gaussian rot
2026-05-06 06:18:40,291 | INFO | Scenario: scenario_2___nu=8 | n_rep: 83 | KDE model: t-student rot df=3
2026-05-06 06:18:40,786 | INFO | Scenario: scenario_2___nu=8 | n_rep: 84 | KDE model: gaussian rot
2026-05-06 06:18:41,263 | INFO | Scenario: scenario_2___nu=8 | n_rep: 84 | KDE model: t-student rot df=3
2026-05-06 06:18:41,659 | INFO | Scenario: scenario_2___nu=8 | n_rep: 85 | KDE model: gaussian rot
2026-05-06 06:18:42,305 | INFO | Scenario: scenario_2___nu=8 | n_rep: 85 | KDE model: t-student rot df=3
2026-05-06 06:18:42,989 | INFO | Scenario: scenario_2___nu=8 | n_rep: 86 | KDE model: gaussian rot
2026-05-06 06:18:43,969 | INFO | Scenario: scenario_2___nu=8 | n_rep: 86 | KDE model: t-student rot df=3
2026-05-06 06:18:44,773 | INFO | Scenario: scenario_2___nu=8 | n_rep: 87 | KDE model: gaussian rot
2026-05-06 06:18:45,238 | INFO | Scenario: scenario_2___nu=8 | n_rep: 87 | KDE model: t-student rot df=3
2026-05-06 06:18:45,664 | INFO | Scenario: scenario_2___nu=8 | n_rep: 88 | KDE model: gaussian rot
2026-05-06 06:18:46,336 | INFO | Scenario: scenario_2___nu=8 | n_rep: 88 | KDE model: t-student rot df=3
2026-05-06 06:18:46,828 | INFO | Scenario: scenario_2___nu=8 | n_rep: 89 | KDE model: gaussian rot
2026-05-06 06:18:47,491 | INFO | Scenario: scenario_2___nu=8 | n_rep: 89 | KDE model: t-student rot df=3
2026-05-06 06:18:47,930 | INFO | Scenario: scenario_2___nu=8 | n_rep: 90 | KDE model: gaussian rot
2026-05-06 06:18:48,490 | INFO | Scenario: scenario_2___nu=8 | n_rep: 90 | KDE model: t-student rot df=3
2026-05-06 06:18:48,870 | INFO | Scenario: scenario_2___nu=8 | n_rep: 91 | KDE model: gaussian rot
2026-05-06 06:18:49,400 | INFO | Scenario: scenario_2___nu=8 | n_rep: 91 | KDE model: t-student rot df=3
2026-05-06 06:18:50,189 | INFO | Scenario: scenario_2___nu=8 | n_rep: 92 | KDE model: gaussian rot
2026-05-06 06:18:50,696 | INFO | Scenario: scenario_2___nu=8 | n_rep: 92 | KDE model: t-student rot df=3
2026-05-06 06:18:51,092 | INFO | Scenario: scenario_2___nu=8 | n_rep: 93 | KDE model: gaussian rot
2026-05-06 06:18:51,762 | INFO | Scenario: scenario_2___nu=8 | n_rep: 93 | KDE model: t-student rot df=3
2026-05-06 06:18:52,389 | INFO | Scenario: scenario_2___nu=8 | n_rep: 94 | KDE model: gaussian rot
2026-05-06 06:18:52,901 | INFO | Scenario: scenario_2___nu=8 | n_rep: 94 | KDE model: t-student rot df=3
2026-05-06 06:18:53,386 | INFO | Scenario: scenario_2___nu=8 | n_rep: 95 | KDE model: gaussian rot
2026-05-06 06:18:54,206 | INFO | Scenario: scenario_2___nu=8 | n_rep: 95 | KDE model: t-student rot df=3
2026-05-06 06:18:55,015 | INFO | Scenario: scenario_2___nu=8 | n_rep: 96 | KDE model: gaussian rot
2026-05-06 06:18:55,634 | INFO | Scenario: scenario_2___nu=8 | n_rep: 96 | KDE model: t-student rot df=3
2026-05-06 06:18:56,284 | INFO | Scenario: scenario_2___nu=8 | n_rep: 97 | KDE model: gaussian rot
2026-05-06 06:18:56,952 | INFO | Scenario: scenario_2___nu=8 | n_rep: 97 | KDE model: t-student rot df=3
2026-05-06 06:18:57,645 | INFO | Scenario: scenario_2___nu=8 | n_rep: 98 | KDE model: gaussian rot
2026-05-06 06:18:58,041 | INFO | Scenario: scenario_2___nu=8 | n_rep: 98 | KDE model: t-student rot df=3
2026-05-06 06:18:58,464 | INFO | Scenario: scenario_2___nu=8 | n_rep: 99 | KDE model: gaussian rot
2026-05-06 06:18:58,907 | INFO | Scenario: scenario_2___nu=8 | n_rep: 99 | KDE model: t-student rot df=3
2026-05-06 06:18:59,335 | INFO | Scenario: scenario_2___nu=8 | n_rep: 100 | KDE model: gaussian rot
2026-05-06 06:19:00,543 | INFO | Scenario: scenario_2___nu=8 | n_rep: 100 | KDE model: t-student rot df=3
2026-05-06 06:19:01,614 | INFO | Scenario: scenario_2___nu=8 | n_rep: 101 | KDE model: gaussian rot
2026-05-06 06:19:02,124 | INFO | Scenario: scenario_2___nu=8 | n_rep: 101 | KDE model: t-student rot df=3
2026-05-06 06:19:02,584 | INFO | Scenario: scenario_2___nu=8 | n_rep: 102 | KDE model: gaussian rot
2026-05-06 06:19:03,348 | INFO | Scenario: scenario_2___nu=8 | n_rep: 102 | KDE model: t-student rot df=3
2026-05-06 06:19:04,053 | INFO | Scenario: scenario_2___nu=8 | n_rep: 103 | KDE model: gaussian rot
2026-05-06 06:19:04,470 | INFO | Scenario: scenario_2___nu=8 | n_rep: 103 | KDE model: t-student rot df=3
2026-05-06 06:19:05,018 | INFO | Scenario: scenario_2___nu=8 | n_rep: 104 | KDE model: gaussian rot
2026-05-06 06:19:05,473 | INFO | Scenario: scenario_2___nu=8 | n_rep: 104 | KDE model: t-student rot df=3
2026-05-06 06:19:05,859 | INFO | Scenario: scenario_2___nu=8 | n_rep: 105 | KDE model: gaussian rot
2026-05-06 06:19:06,296 | INFO | Scenario: scenario_2___nu=8 | n_rep: 105 | KDE model: t-student rot df=3
2026-05-06 06:19:06,721 | INFO | Scenario: scenario_2___nu=8 | n_rep: 106 | KDE model: gaussian rot
2026-05-06 06:19:07,146 | INFO | Scenario: scenario_2___nu=8 | n_rep: 106 | KDE model: t-student rot df=3
2026-05-06 06:19:07,547 | INFO | Scenario: scenario_2___nu=8 | n_rep: 107 | KDE model: gaussian rot
2026-05-06 06:19:08,240 | INFO | Scenario: scenario_2___nu=8 | n_rep: 107 | KDE model: t-student rot df=3
2026-05-06 06:19:09,024 | INFO | Scenario: scenario_2___nu=8 | n_rep: 108 | KDE model: gaussian rot
2026-05-06 06:19:09,502 | INFO | Scenario: scenario_2___nu=8 | n_rep: 108 | KDE model: t-student rot df=3
2026-05-06 06:19:10,000 | INFO | Scenario: scenario_2___nu=8 | n_rep: 109 | KDE model: gaussian rot
2026-05-06 06:19:10,451 | INFO | Scenario: scenario_2___nu=8 | n_rep: 109 | KDE model: t-student rot df=3
2026-05-06 06:19:10,946 | INFO | Scenario: scenario_2___nu=8 | n_rep: 110 | KDE model: gaussian rot
2026-05-06 06:19:11,549 | INFO | Scenario: scenario_2___nu=8 | n_rep: 110 | KDE model: t-student rot df=3
2026-05-06 06:19:12,251 | INFO | Scenario: scenario_2___nu=8 | n_rep: 111 | KDE model: gaussian rot
2026-05-06 06:19:12,911 | INFO | Scenario: scenario_2___nu=8 | n_rep: 111 | KDE model: t-student rot df=3
2026-05-06 06:19:13,351 | INFO | Scenario: scenario_2___nu=8 | n_rep: 112 | KDE model: gaussian rot
2026-05-06 06:19:13,823 | INFO | Scenario: scenario_2___nu=8 | n_rep: 112 | KDE model: t-student rot df=3
2026-05-06 06:19:14,310 | INFO | Scenario: scenario_2___nu=8 | n_rep: 113 | KDE model: gaussian rot
2026-05-06 06:19:14,739 | INFO | Scenario: scenario_2___nu=8 | n_rep: 113 | KDE model: t-student rot df=3
2026-05-06 06:19:15,325 | INFO | Scenario: scenario_2___nu=8 | n_rep: 114 | KDE model: gaussian rot
2026-05-06 06:19:15,698 | INFO | Scenario: scenario_2___nu=8 | n_rep: 114 | KDE model: t-student rot df=3
2026-05-06 06:19:16,059 | INFO | Scenario: scenario_2___nu=8 | n_rep: 115 | KDE model: gaussian rot
2026-05-06 06:19:16,418 | INFO | Scenario: scenario_2___nu=8 | n_rep: 115 | KDE model: t-student rot df=3
2026-05-06 06:19:16,824 | INFO | Scenario: scenario_2___nu=8 | n_rep: 116 | KDE model: gaussian rot
2026-05-06 06:19:17,288 | INFO | Scenario: scenario_2___nu=8 | n_rep: 116 | KDE model: t-student rot df=3
2026-05-06 06:19:17,700 | INFO | Scenario: scenario_2___nu=8 | n_rep: 117 | KDE model: gaussian rot
2026-05-06 06:19:18,139 | INFO | Scenario: scenario_2___nu=8 | n_rep: 117 | KDE model: t-student rot df=3
2026-05-06 06:19:18,488 | INFO | Scenario: scenario_2___nu=8 | n_rep: 118 | KDE model: gaussian rot
2026-05-06 06:19:18,876 | INFO | Scenario: scenario_2___nu=8 | n_rep: 118 | KDE model: t-student rot df=3
2026-05-06 06:19:19,243 | INFO | Scenario: scenario_2___nu=8 | n_rep: 119 | KDE model: gaussian rot
2026-05-06 06:19:19,617 | INFO | Scenario: scenario_2___nu=8 | n_rep: 119 | KDE model: t-student rot df=3
2026-05-06 06:19:20,005 | INFO | Scenario: scenario_2___nu=8 | n_rep: 120 | KDE model: gaussian rot
2026-05-06 06:19:20,557 | INFO | Scenario: scenario_2___nu=8 | n_rep: 120 | KDE model: t-student rot df=3
2026-05-06 06:19:21,040 | INFO | Scenario: scenario_2___nu=8 | n_rep: 121 | KDE model: gaussian rot
2026-05-06 06:19:22,043 | INFO | Scenario: scenario_2___nu=8 | n_rep: 121 | KDE model: t-student rot df=3
2026-05-06 06:19:22,971 | INFO | Scenario: scenario_2___nu=8 | n_rep: 122 | KDE model: gaussian rot
2026-05-06 06:19:23,415 | INFO | Scenario: scenario_2___nu=8 | n_rep: 122 | KDE model: t-student rot df=3
2026-05-06 06:19:23,848 | INFO | Scenario: scenario_2___nu=8 | n_rep: 123 | KDE model: gaussian rot
2026-05-06 06:19:24,272 | INFO | Scenario: scenario_2___nu=8 | n_rep: 123 | KDE model: t-student rot df=3
2026-05-06 06:19:24,589 | INFO | Scenario: scenario_2___nu=8 | n_rep: 124 | KDE model: gaussian rot
2026-05-06 06:19:24,979 | INFO | Scenario: scenario_2___nu=8 | n_rep: 124 | KDE model: t-student rot df=3
2026-05-06 06:19:25,334 | INFO | Scenario: scenario_2___nu=8 | n_rep: 125 | KDE model: gaussian rot
2026-05-06 06:19:26,038 | INFO | Scenario: scenario_2___nu=8 | n_rep: 125 | KDE model: t-student rot df=3
2026-05-06 06:19:26,695 | INFO | Scenario: scenario_2___nu=8 | n_rep: 126 | KDE model: gaussian rot
2026-05-06 06:19:27,415 | INFO | Scenario: scenario_2___nu=8 | n_rep: 126 | KDE model: t-student rot df=3
2026-05-06 06:19:28,108 | INFO | Scenario: scenario_2___nu=8 | n_rep: 127 | KDE model: gaussian rot
2026-05-06 06:19:28,809 | INFO | Scenario: scenario_2___nu=8 | n_rep: 127 | KDE model: t-student rot df=3
2026-05-06 06:19:29,550 | INFO | Scenario: scenario_2___nu=8 | n_rep: 128 | KDE model: gaussian rot
2026-05-06 06:19:30,059 | INFO | Scenario: scenario_2___nu=8 | n_rep: 128 | KDE model: t-student rot df=3
2026-05-06 06:19:30,575 | INFO | Scenario: scenario_2___nu=8 | n_rep: 129 | KDE model: gaussian rot
2026-05-06 06:19:30,993 | INFO | Scenario: scenario_2___nu=8 | n_rep: 129 | KDE model: t-student rot df=3
2026-05-06 06:19:31,501 | INFO | Scenario: scenario_2___nu=8 | n_rep: 130 | KDE model: gaussian rot
2026-05-06 06:19:32,198 | INFO | Scenario: scenario_2___nu=8 | n_rep: 130 | KDE model: t-student rot df=3
2026-05-06 06:19:32,723 | INFO | Scenario: scenario_2___nu=8 | n_rep: 131 | KDE model: gaussian rot
2026-05-06 06:19:33,178 | INFO | Scenario: scenario_2___nu=8 | n_rep: 131 | KDE model: t-student rot df=3
2026-05-06 06:19:33,737 | INFO | Scenario: scenario_2___nu=8 | n_rep: 132 | KDE model: gaussian rot
2026-05-06 06:19:34,277 | INFO | Scenario: scenario_2___nu=8 | n_rep: 132 | KDE model: t-student rot df=3
2026-05-06 06:19:34,924 | INFO | Scenario: scenario_2___nu=8 | n_rep: 133 | KDE model: gaussian rot
2026-05-06 06:19:35,330 | INFO | Scenario: scenario_2___nu=8 | n_rep: 133 | KDE model: t-student rot df=3
2026-05-06 06:19:36,018 | INFO | Scenario: scenario_2___nu=8 | n_rep: 134 | KDE model: gaussian rot
2026-05-06 06:19:36,689 | INFO | Scenario: scenario_2___nu=8 | n_rep: 134 | KDE model: t-student rot df=3
2026-05-06 06:19:37,368 | INFO | Scenario: scenario_2___nu=8 | n_rep: 135 | KDE model: gaussian rot
2026-05-06 06:19:37,964 | INFO | Scenario: scenario_2___nu=8 | n_rep: 135 | KDE model: t-student rot df=3
2026-05-06 06:19:38,601 | INFO | Scenario: scenario_2___nu=8 | n_rep: 136 | KDE model: gaussian rot
2026-05-06 06:19:39,009 | INFO | Scenario: scenario_2___nu=8 | n_rep: 136 | KDE model: t-student rot df=3
2026-05-06 06:19:39,458 | INFO | Scenario: scenario_2___nu=8 | n_rep: 137 | KDE model: gaussian rot
2026-05-06 06:19:39,870 | INFO | Scenario: scenario_2___nu=8 | n_rep: 137 | KDE model: t-student rot df=3
2026-05-06 06:19:40,340 | INFO | Scenario: scenario_2___nu=8 | n_rep: 138 | KDE model: gaussian rot
2026-05-06 06:19:40,803 | INFO | Scenario: scenario_2___nu=8 | n_rep: 138 | KDE model: t-student rot df=3
2026-05-06 06:19:41,198 | INFO | Scenario: scenario_2___nu=8 | n_rep: 139 | KDE model: gaussian rot
2026-05-06 06:19:41,597 | INFO | Scenario: scenario_2___nu=8 | n_rep: 139 | KDE model: t-student rot df=3
2026-05-06 06:19:41,989 | INFO | Scenario: scenario_2___nu=8 | n_rep: 140 | KDE model: gaussian rot
2026-05-06 06:19:42,805 | INFO | Scenario: scenario_2___nu=8 | n_rep: 140 | KDE model: t-student rot df=3
2026-05-06 06:19:43,635 | INFO | Scenario: scenario_2___nu=8 | n_rep: 141 | KDE model: gaussian rot
2026-05-06 06:19:44,144 | INFO | Scenario: scenario_2___nu=8 | n_rep: 141 | KDE model: t-student rot df=3
2026-05-06 06:19:44,606 | INFO | Scenario: scenario_2___nu=8 | n_rep: 142 | KDE model: gaussian rot
2026-05-06 06:19:44,996 | INFO | Scenario: scenario_2___nu=8 | n_rep: 142 | KDE model: t-student rot df=3
2026-05-06 06:19:45,369 | INFO | Scenario: scenario_2___nu=8 | n_rep: 143 | KDE model: gaussian rot
2026-05-06 06:19:45,727 | INFO | Scenario: scenario_2___nu=8 | n_rep: 143 | KDE model: t-student rot df=3
2026-05-06 06:19:46,097 | INFO | Scenario: scenario_2___nu=8 | n_rep: 144 | KDE model: gaussian rot
2026-05-06 06:19:46,880 | INFO | Scenario: scenario_2___nu=8 | n_rep: 144 | KDE model: t-student rot df=3
2026-05-06 06:19:47,610 | INFO | Scenario: scenario_2___nu=8 | n_rep: 145 | KDE model: gaussian rot
2026-05-06 06:19:48,018 | INFO | Scenario: scenario_2___nu=8 | n_rep: 145 | KDE model: t-student rot df=3
2026-05-06 06:19:48,459 | INFO | Scenario: scenario_2___nu=8 | n_rep: 146 | KDE model: gaussian rot
2026-05-06 06:19:49,522 | INFO | Scenario: scenario_2___nu=8 | n_rep: 146 | KDE model: t-student rot df=3
2026-05-06 06:19:50,379 | INFO | Scenario: scenario_2___nu=8 | n_rep: 147 | KDE model: gaussian rot
2026-05-06 06:19:50,769 | INFO | Scenario: scenario_2___nu=8 | n_rep: 147 | KDE model: t-student rot df=3
2026-05-06 06:19:51,134 | INFO | Scenario: scenario_2___nu=8 | n_rep: 148 | KDE model: gaussian rot
2026-05-06 06:19:51,481 | INFO | Scenario: scenario_2___nu=8 | n_rep: 148 | KDE model: t-student rot df=3
2026-05-06 06:19:51,825 | INFO | Scenario: scenario_2___nu=8 | n_rep: 149 | KDE model: gaussian rot
2026-05-06 06:19:52,194 | INFO | Scenario: scenario_2___nu=8 | n_rep: 149 | KDE model: t-student rot df=3
2026-05-06 06:19:52,535 | INFO | Scenario: scenario_2___nu=8 | n_rep: 150 | KDE model: gaussian rot
2026-05-06 06:19:52,992 | INFO | Scenario: scenario_2___nu=8 | n_rep: 150 | KDE model: t-student rot df=3
2026-05-06 06:19:53,392 | INFO | Scenario: scenario_2___nu=8 | n_rep: 151 | KDE model: gaussian rot
2026-05-06 06:19:53,929 | INFO | Scenario: scenario_2___nu=8 | n_rep: 151 | KDE model: t-student rot df=3
2026-05-06 06:19:54,342 | INFO | Scenario: scenario_2___nu=8 | n_rep: 152 | KDE model: gaussian rot
2026-05-06 06:19:54,823 | INFO | Scenario: scenario_2___nu=8 | n_rep: 152 | KDE model: t-student rot df=3
2026-05-06 06:19:55,217 | INFO | Scenario: scenario_2___nu=8 | n_rep: 153 | KDE model: gaussian rot
2026-05-06 06:19:55,930 | INFO | Scenario: scenario_2___nu=8 | n_rep: 153 | KDE model: t-student rot df=3
2026-05-06 06:19:56,346 | INFO | Scenario: scenario_2___nu=8 | n_rep: 154 | KDE model: gaussian rot
2026-05-06 06:19:57,325 | INFO | Scenario: scenario_2___nu=8 | n_rep: 154 | KDE model: t-student rot df=3
2026-05-06 06:19:58,434 | INFO | Scenario: scenario_2___nu=8 | n_rep: 155 | KDE model: gaussian rot
2026-05-06 06:19:58,900 | INFO | Scenario: scenario_2___nu=8 | n_rep: 155 | KDE model: t-student rot df=3
2026-05-06 06:19:59,405 | INFO | Scenario: scenario_2___nu=8 | n_rep: 156 | KDE model: gaussian rot
2026-05-06 06:19:59,837 | INFO | Scenario: scenario_2___nu=8 | n_rep: 156 | KDE model: t-student rot df=3
2026-05-06 06:20:00,302 | INFO | Scenario: scenario_2___nu=8 | n_rep: 157 | KDE model: gaussian rot
2026-05-06 06:20:00,660 | INFO | Scenario: scenario_2___nu=8 | n_rep: 157 | KDE model: t-student rot df=3
2026-05-06 06:20:01,028 | INFO | Scenario: scenario_2___nu=8 | n_rep: 158 | KDE model: gaussian rot
2026-05-06 06:20:01,525 | INFO | Scenario: scenario_2___nu=8 | n_rep: 158 | KDE model: t-student rot df=3
2026-05-06 06:20:01,940 | INFO | Scenario: scenario_2___nu=8 | n_rep: 159 | KDE model: gaussian rot
2026-05-06 06:20:02,469 | INFO | Scenario: scenario_2___nu=8 | n_rep: 159 | KDE model: t-student rot df=3
2026-05-06 06:20:02,895 | INFO | Scenario: scenario_2___nu=8 | n_rep: 160 | KDE model: gaussian rot
2026-05-06 06:20:03,347 | INFO | Scenario: scenario_2___nu=8 | n_rep: 160 | KDE model: t-student rot df=3
2026-05-06 06:20:03,788 | INFO | Scenario: scenario_2___nu=8 | n_rep: 161 | KDE model: gaussian rot
2026-05-06 06:20:04,230 | INFO | Scenario: scenario_2___nu=8 | n_rep: 161 | KDE model: t-student rot df=3
2026-05-06 06:20:04,640 | INFO | Scenario: scenario_2___nu=8 | n_rep: 162 | KDE model: gaussian rot
2026-05-06 06:20:05,052 | INFO | Scenario: scenario_2___nu=8 | n_rep: 162 | KDE model: t-student rot df=3
2026-05-06 06:20:05,610 | INFO | Scenario: scenario_2___nu=8 | n_rep: 163 | KDE model: gaussian rot
2026-05-06 06:20:06,106 | INFO | Scenario: scenario_2___nu=8 | n_rep: 163 | KDE model: t-student rot df=3
2026-05-06 06:20:06,994 | INFO | Scenario: scenario_2___nu=8 | n_rep: 164 | KDE model: gaussian rot
2026-05-06 06:20:07,386 | INFO | Scenario: scenario_2___nu=8 | n_rep: 164 | KDE model: t-student rot df=3
2026-05-06 06:20:07,821 | INFO | Scenario: scenario_2___nu=8 | n_rep: 165 | KDE model: gaussian rot
2026-05-06 06:20:08,547 | INFO | Scenario: scenario_2___nu=8 | n_rep: 165 | KDE model: t-student rot df=3
2026-05-06 06:20:09,334 | INFO | Scenario: scenario_2___nu=8 | n_rep: 166 | KDE model: gaussian rot
2026-05-06 06:20:09,727 | INFO | Scenario: scenario_2___nu=8 | n_rep: 166 | KDE model: t-student rot df=3
2026-05-06 06:20:10,178 | INFO | Scenario: scenario_2___nu=8 | n_rep: 167 | KDE model: gaussian rot
2026-05-06 06:20:10,577 | INFO | Scenario: scenario_2___nu=8 | n_rep: 167 | KDE model: t-student rot df=3
2026-05-06 06:20:11,033 | INFO | Scenario: scenario_2___nu=8 | n_rep: 168 | KDE model: gaussian rot
2026-05-06 06:20:11,422 | INFO | Scenario: scenario_2___nu=8 | n_rep: 168 | KDE model: t-student rot df=3
2026-05-06 06:20:12,087 | INFO | Scenario: scenario_2___nu=8 | n_rep: 169 | KDE model: gaussian rot
2026-05-06 06:20:12,533 | INFO | Scenario: scenario_2___nu=8 | n_rep: 169 | KDE model: t-student rot df=3
2026-05-06 06:20:12,990 | INFO | Scenario: scenario_2___nu=8 | n_rep: 170 | KDE model: gaussian rot
2026-05-06 06:20:13,677 | INFO | Scenario: scenario_2___nu=8 | n_rep: 170 | KDE model: t-student rot df=3
2026-05-06 06:20:14,356 | INFO | Scenario: scenario_2___nu=8 | n_rep: 171 | KDE model: gaussian rot
2026-05-06 06:20:14,717 | INFO | Scenario: scenario_2___nu=8 | n_rep: 171 | KDE model: t-student rot df=3
2026-05-06 06:20:15,121 | INFO | Scenario: scenario_2___nu=8 | n_rep: 172 | KDE model: gaussian rot
2026-05-06 06:20:15,515 | INFO | Scenario: scenario_2___nu=8 | n_rep: 172 | KDE model: t-student rot df=3
2026-05-06 06:20:15,857 | INFO | Scenario: scenario_2___nu=8 | n_rep: 173 | KDE model: gaussian rot
2026-05-06 06:20:16,286 | INFO | Scenario: scenario_2___nu=8 | n_rep: 173 | KDE model: t-student rot df=3
2026-05-06 06:20:16,705 | INFO | Scenario: scenario_2___nu=8 | n_rep: 174 | KDE model: gaussian rot
2026-05-06 06:20:17,109 | INFO | Scenario: scenario_2___nu=8 | n_rep: 174 | KDE model: t-student rot df=3
2026-05-06 06:20:17,476 | INFO | Scenario: scenario_2___nu=8 | n_rep: 175 | KDE model: gaussian rot
2026-05-06 06:20:18,023 | INFO | Scenario: scenario_2___nu=8 | n_rep: 175 | KDE model: t-student rot df=3
2026-05-06 06:20:18,599 | INFO | Scenario: scenario_2___nu=8 | n_rep: 176 | KDE model: gaussian rot
2026-05-06 06:20:18,980 | INFO | Scenario: scenario_2___nu=8 | n_rep: 176 | KDE model: t-student rot df=3
2026-05-06 06:20:19,359 | INFO | Scenario: scenario_2___nu=8 | n_rep: 177 | KDE model: gaussian rot
2026-05-06 06:20:19,784 | INFO | Scenario: scenario_2___nu=8 | n_rep: 177 | KDE model: t-student rot df=3
2026-05-06 06:20:20,186 | INFO | Scenario: scenario_2___nu=8 | n_rep: 178 | KDE model: gaussian rot
2026-05-06 06:20:20,543 | INFO | Scenario: scenario_2___nu=8 | n_rep: 178 | KDE model: t-student rot df=3
2026-05-06 06:20:21,196 | INFO | Scenario: scenario_2___nu=8 | n_rep: 179 | KDE model: gaussian rot
2026-05-06 06:20:21,642 | INFO | Scenario: scenario_2___nu=8 | n_rep: 179 | KDE model: t-student rot df=3
2026-05-06 06:20:22,038 | INFO | Scenario: scenario_2___nu=8 | n_rep: 180 | KDE model: gaussian rot
2026-05-06 06:20:22,415 | INFO | Scenario: scenario_2___nu=8 | n_rep: 180 | KDE model: t-student rot df=3
2026-05-06 06:20:22,772 | INFO | Scenario: scenario_2___nu=8 | n_rep: 181 | KDE model: gaussian rot
2026-05-06 06:20:23,173 | INFO | Scenario: scenario_2___nu=8 | n_rep: 181 | KDE model: t-student rot df=3
2026-05-06 06:20:23,778 | INFO | Scenario: scenario_2___nu=8 | n_rep: 182 | KDE model: gaussian rot
2026-05-06 06:20:24,195 | INFO | Scenario: scenario_2___nu=8 | n_rep: 182 | KDE model: t-student rot df=3
2026-05-06 06:20:24,584 | INFO | Scenario: scenario_2___nu=8 | n_rep: 183 | KDE model: gaussian rot
2026-05-06 06:20:25,009 | INFO | Scenario: scenario_2___nu=8 | n_rep: 183 | KDE model: t-student rot df=3
2026-05-06 06:20:25,373 | INFO | Scenario: scenario_2___nu=8 | n_rep: 184 | KDE model: gaussian rot
2026-05-06 06:20:25,747 | INFO | Scenario: scenario_2___nu=8 | n_rep: 184 | KDE model: t-student rot df=3
2026-05-06 06:20:26,141 | INFO | Scenario: scenario_2___nu=8 | n_rep: 185 | KDE model: gaussian rot
2026-05-06 06:20:27,014 | INFO | Scenario: scenario_2___nu=8 | n_rep: 185 | KDE model: t-student rot df=3
2026-05-06 06:20:27,990 | INFO | Scenario: scenario_2___nu=8 | n_rep: 186 | KDE model: gaussian rot
2026-05-06 06:20:28,334 | INFO | Scenario: scenario_2___nu=8 | n_rep: 186 | KDE model: t-student rot df=3
2026-05-06 06:20:28,774 | INFO | Scenario: scenario_2___nu=8 | n_rep: 187 | KDE model: gaussian rot
2026-05-06 06:20:29,239 | INFO | Scenario: scenario_2___nu=8 | n_rep: 187 | KDE model: t-student rot df=3
2026-05-06 06:20:29,760 | INFO | Scenario: scenario_2___nu=8 | n_rep: 188 | KDE model: gaussian rot
2026-05-06 06:20:30,431 | INFO | Scenario: scenario_2___nu=8 | n_rep: 188 | KDE model: t-student rot df=3
2026-05-06 06:20:30,866 | INFO | Scenario: scenario_2___nu=8 | n_rep: 189 | KDE model: gaussian rot
2026-05-06 06:20:31,346 | INFO | Scenario: scenario_2___nu=8 | n_rep: 189 | KDE model: t-student rot df=3
2026-05-06 06:20:31,777 | INFO | Scenario: scenario_2___nu=8 | n_rep: 190 | KDE model: gaussian rot
2026-05-06 06:20:32,237 | INFO | Scenario: scenario_2___nu=8 | n_rep: 190 | KDE model: t-student rot df=3
2026-05-06 06:20:32,685 | INFO | Scenario: scenario_2___nu=8 | n_rep: 191 | KDE model: gaussian rot
2026-05-06 06:20:33,729 | INFO | Scenario: scenario_2___nu=8 | n_rep: 191 | KDE model: t-student rot df=3
2026-05-06 06:20:34,492 | INFO | Scenario: scenario_2___nu=8 | n_rep: 192 | KDE model: gaussian rot
2026-05-06 06:20:34,875 | INFO | Scenario: scenario_2___nu=8 | n_rep: 192 | KDE model: t-student rot df=3
2026-05-06 06:20:35,337 | INFO | Scenario: scenario_2___nu=8 | n_rep: 193 | KDE model: gaussian rot
2026-05-06 06:20:35,728 | INFO | Scenario: scenario_2___nu=8 | n_rep: 193 | KDE model: t-student rot df=3
2026-05-06 06:20:36,329 | INFO | Scenario: scenario_2___nu=8 | n_rep: 194 | KDE model: gaussian rot
2026-05-06 06:20:36,834 | INFO | Scenario: scenario_2___nu=8 | n_rep: 194 | KDE model: t-student rot df=3
2026-05-06 06:20:37,339 | INFO | Scenario: scenario_2___nu=8 | n_rep: 195 | KDE model: gaussian rot
2026-05-06 06:20:37,771 | INFO | Scenario: scenario_2___nu=8 | n_rep: 195 | KDE model: t-student rot df=3
2026-05-06 06:20:38,202 | INFO | Scenario: scenario_2___nu=8 | n_rep: 196 | KDE model: gaussian rot
2026-05-06 06:20:38,641 | INFO | Scenario: scenario_2___nu=8 | n_rep: 196 | KDE model: t-student rot df=3
2026-05-06 06:20:39,070 | INFO | Scenario: scenario_2___nu=8 | n_rep: 197 | KDE model: gaussian rot
2026-05-06 06:20:39,511 | INFO | Scenario: scenario_2___nu=8 | n_rep: 197 | KDE model: t-student rot df=3
2026-05-06 06:20:39,936 | INFO | Scenario: scenario_2___nu=8 | n_rep: 198 | KDE model: gaussian rot
2026-05-06 06:20:40,413 | INFO | Scenario: scenario_2___nu=8 | n_rep: 198 | KDE model: t-student rot df=3
2026-05-06 06:20:40,872 | INFO | Scenario: scenario_2___nu=8 | n_rep: 199 | KDE model: gaussian rot
2026-05-06 06:20:41,571 | INFO | Scenario: scenario_2___nu=8 | n_rep: 199 | KDE model: t-student rot df=3
2026-05-06 06:20:42,337 | INFO | Scenario: scenario_2___nu=8 | n_rep: 200 | KDE model: gaussian rot
2026-05-06 06:20:42,874 | INFO | Scenario: scenario_2___nu=8 | n_rep: 200 | KDE model: t-student rot df=3
2026-05-06 06:20:43,319 | INFO | Scenario: scenario_2___nu=8 | n_rep: 201 | KDE model: gaussian rot
2026-05-06 06:20:44,134 | INFO | Scenario: scenario_2___nu=8 | n_rep: 201 | KDE model: t-student rot df=3
2026-05-06 06:20:44,555 | INFO | Scenario: scenario_2___nu=8 | n_rep: 202 | KDE model: gaussian rot
2026-05-06 06:20:45,039 | INFO | Scenario: scenario_2___nu=8 | n_rep: 202 | KDE model: t-student rot df=3
2026-05-06 06:20:45,450 | INFO | Scenario: scenario_2___nu=8 | n_rep: 203 | KDE model: gaussian rot
2026-05-06 06:20:45,938 | INFO | Scenario: scenario_2___nu=8 | n_rep: 203 | KDE model: t-student rot df=3
2026-05-06 06:20:46,420 | INFO | Scenario: scenario_2___nu=8 | n_rep: 204 | KDE model: gaussian rot
2026-05-06 06:20:46,785 | INFO | Scenario: scenario_2___nu=8 | n_rep: 204 | KDE model: t-student rot df=3
2026-05-06 06:20:47,210 | INFO | Scenario: scenario_2___nu=8 | n_rep: 205 | KDE model: gaussian rot
2026-05-06 06:20:47,741 | INFO | Scenario: scenario_2___nu=8 | n_rep: 205 | KDE model: t-student rot df=3
2026-05-06 06:20:48,174 | INFO | Scenario: scenario_2___nu=8 | n_rep: 206 | KDE model: gaussian rot
2026-05-06 06:20:48,526 | INFO | Scenario: scenario_2___nu=8 | n_rep: 206 | KDE model: t-student rot df=3
2026-05-06 06:20:48,925 | INFO | Scenario: scenario_2___nu=8 | n_rep: 207 | KDE model: gaussian rot
2026-05-06 06:20:49,622 | INFO | Scenario: scenario_2___nu=8 | n_rep: 207 | KDE model: t-student rot df=3
2026-05-06 06:20:50,217 | INFO | Scenario: scenario_2___nu=8 | n_rep: 208 | KDE model: gaussian rot
2026-05-06 06:20:50,479 | INFO | Scenario: scenario_2___nu=8 | n_rep: 208 | KDE model: t-student rot df=3
2026-05-06 06:20:50,760 | INFO | Scenario: scenario_2___nu=8 | n_rep: 209 | KDE model: gaussian rot
2026-05-06 06:20:51,383 | INFO | Scenario: scenario_2___nu=8 | n_rep: 209 | KDE model: t-student rot df=3
2026-05-06 06:20:51,997 | INFO | Scenario: scenario_2___nu=8 | n_rep: 210 | KDE model: gaussian rot
2026-05-06 06:20:52,645 | INFO | Scenario: scenario_2___nu=8 | n_rep: 210 | KDE model: t-student rot df=3
2026-05-06 06:20:53,296 | INFO | Scenario: scenario_2___nu=8 | n_rep: 211 | KDE model: gaussian rot
2026-05-06 06:20:53,771 | INFO | Scenario: scenario_2___nu=8 | n_rep: 211 | KDE model: t-student rot df=3
2026-05-06 06:20:54,231 | INFO | Scenario: scenario_2___nu=8 | n_rep: 212 | KDE model: gaussian rot
2026-05-06 06:20:54,621 | INFO | Scenario: scenario_2___nu=8 | n_rep: 212 | KDE model: t-student rot df=3
2026-05-06 06:20:55,005 | INFO | Scenario: scenario_2___nu=8 | n_rep: 213 | KDE model: gaussian rot
2026-05-06 06:20:55,483 | INFO | Scenario: scenario_2___nu=8 | n_rep: 213 | KDE model: t-student rot df=3
2026-05-06 06:20:55,874 | INFO | Scenario: scenario_2___nu=8 | n_rep: 214 | KDE model: gaussian rot
2026-05-06 06:20:56,373 | INFO | Scenario: scenario_2___nu=8 | n_rep: 214 | KDE model: t-student rot df=3
2026-05-06 06:20:57,169 | INFO | Scenario: scenario_2___nu=8 | n_rep: 215 | KDE model: gaussian rot
2026-05-06 06:20:57,725 | INFO | Scenario: scenario_2___nu=8 | n_rep: 215 | KDE model: t-student rot df=3
2026-05-06 06:20:58,201 | INFO | Scenario: scenario_2___nu=8 | n_rep: 216 | KDE model: gaussian rot
2026-05-06 06:20:58,818 | INFO | Scenario: scenario_2___nu=8 | n_rep: 216 | KDE model: t-student rot df=3
2026-05-06 06:20:59,420 | INFO | Scenario: scenario_2___nu=8 | n_rep: 217 | KDE model: gaussian rot
2026-05-06 06:20:59,857 | INFO | Scenario: scenario_2___nu=8 | n_rep: 217 | KDE model: t-student rot df=3
2026-05-06 06:21:00,262 | INFO | Scenario: scenario_2___nu=8 | n_rep: 218 | KDE model: gaussian rot
2026-05-06 06:21:00,627 | INFO | Scenario: scenario_2___nu=8 | n_rep: 218 | KDE model: t-student rot df=3
2026-05-06 06:21:01,059 | INFO | Scenario: scenario_2___nu=8 | n_rep: 219 | KDE model: gaussian rot
2026-05-06 06:21:01,459 | INFO | Scenario: scenario_2___nu=8 | n_rep: 219 | KDE model: t-student rot df=3
2026-05-06 06:21:02,089 | INFO | Scenario: scenario_2___nu=8 | n_rep: 220 | KDE model: gaussian rot
2026-05-06 06:21:02,486 | INFO | Scenario: scenario_2___nu=8 | n_rep: 220 | KDE model: t-student rot df=3
2026-05-06 06:21:02,854 | INFO | Scenario: scenario_2___nu=8 | n_rep: 221 | KDE model: gaussian rot
2026-05-06 06:21:03,259 | INFO | Scenario: scenario_2___nu=8 | n_rep: 221 | KDE model: t-student rot df=3
2026-05-06 06:21:03,750 | INFO | Scenario: scenario_2___nu=8 | n_rep: 222 | KDE model: gaussian rot
2026-05-06 06:21:04,537 | INFO | Scenario: scenario_2___nu=8 | n_rep: 222 | KDE model: t-student rot df=3
2026-05-06 06:21:05,125 | INFO | Scenario: scenario_2___nu=8 | n_rep: 223 | KDE model: gaussian rot
2026-05-06 06:21:05,865 | INFO | Scenario: scenario_2___nu=8 | n_rep: 223 | KDE model: t-student rot df=3
2026-05-06 06:21:06,526 | INFO | Scenario: scenario_2___nu=8 | n_rep: 224 | KDE model: gaussian rot
2026-05-06 06:21:06,922 | INFO | Scenario: scenario_2___nu=8 | n_rep: 224 | KDE model: t-student rot df=3
2026-05-06 06:21:07,327 | INFO | Scenario: scenario_2___nu=8 | n_rep: 225 | KDE model: gaussian rot
2026-05-06 06:21:07,776 | INFO | Scenario: scenario_2___nu=8 | n_rep: 225 | KDE model: t-student rot df=3
2026-05-06 06:21:08,246 | INFO | Scenario: scenario_2___nu=8 | n_rep: 226 | KDE model: gaussian rot
2026-05-06 06:21:08,624 | INFO | Scenario: scenario_2___nu=8 | n_rep: 226 | KDE model: t-student rot df=3
2026-05-06 06:21:08,946 | INFO | Scenario: scenario_2___nu=8 | n_rep: 227 | KDE model: gaussian rot
2026-05-06 06:21:09,420 | INFO | Scenario: scenario_2___nu=8 | n_rep: 227 | KDE model: t-student rot df=3
2026-05-06 06:21:09,949 | INFO | Scenario: scenario_2___nu=8 | n_rep: 228 | KDE model: gaussian rot
2026-05-06 06:21:10,686 | INFO | Scenario: scenario_2___nu=8 | n_rep: 228 | KDE model: t-student rot df=3
2026-05-06 06:21:11,376 | INFO | Scenario: scenario_2___nu=8 | n_rep: 229 | KDE model: gaussian rot
2026-05-06 06:21:12,000 | INFO | Scenario: scenario_2___nu=8 | n_rep: 229 | KDE model: t-student rot df=3
2026-05-06 06:21:12,469 | INFO | Scenario: scenario_2___nu=8 | n_rep: 230 | KDE model: gaussian rot
2026-05-06 06:21:12,891 | INFO | Scenario: scenario_2___nu=8 | n_rep: 230 | KDE model: t-student rot df=3
2026-05-06 06:21:13,321 | INFO | Scenario: scenario_2___nu=8 | n_rep: 231 | KDE model: gaussian rot
2026-05-06 06:21:13,737 | INFO | Scenario: scenario_2___nu=8 | n_rep: 231 | KDE model: t-student rot df=3
2026-05-06 06:21:14,174 | INFO | Scenario: scenario_2___nu=8 | n_rep: 232 | KDE model: gaussian rot
2026-05-06 06:21:14,578 | INFO | Scenario: scenario_2___nu=8 | n_rep: 232 | KDE model: t-student rot df=3
2026-05-06 06:21:15,185 | INFO | Scenario: scenario_2___nu=8 | n_rep: 233 | KDE model: gaussian rot
2026-05-06 06:21:15,638 | INFO | Scenario: scenario_2___nu=8 | n_rep: 233 | KDE model: t-student rot df=3
2026-05-06 06:21:16,097 | INFO | Scenario: scenario_2___nu=8 | n_rep: 234 | KDE model: gaussian rot
2026-05-06 06:21:16,863 | INFO | Scenario: scenario_2___nu=8 | n_rep: 234 | KDE model: t-student rot df=3
2026-05-06 06:21:17,567 | INFO | Scenario: scenario_2___nu=8 | n_rep: 235 | KDE model: gaussian rot
2026-05-06 06:21:17,992 | INFO | Scenario: scenario_2___nu=8 | n_rep: 235 | KDE model: t-student rot df=3
2026-05-06 06:21:18,435 | INFO | Scenario: scenario_2___nu=8 | n_rep: 236 | KDE model: gaussian rot
2026-05-06 06:21:18,904 | INFO | Scenario: scenario_2___nu=8 | n_rep: 236 | KDE model: t-student rot df=3
2026-05-06 06:21:19,321 | INFO | Scenario: scenario_2___nu=8 | n_rep: 237 | KDE model: gaussian rot
2026-05-06 06:21:19,719 | INFO | Scenario: scenario_2___nu=8 | n_rep: 237 | KDE model: t-student rot df=3
2026-05-06 06:21:20,125 | INFO | Scenario: scenario_2___nu=8 | n_rep: 238 | KDE model: gaussian rot
2026-05-06 06:21:20,727 | INFO | Scenario: scenario_2___nu=8 | n_rep: 238 | KDE model: t-student rot df=3
2026-05-06 06:21:21,306 | INFO | Scenario: scenario_2___nu=8 | n_rep: 239 | KDE model: gaussian rot
2026-05-06 06:21:21,684 | INFO | Scenario: scenario_2___nu=8 | n_rep: 239 | KDE model: t-student rot df=3
2026-05-06 06:21:22,576 | INFO | Scenario: scenario_2___nu=8 | n_rep: 240 | KDE model: gaussian rot
2026-05-06 06:21:22,938 | INFO | Scenario: scenario_2___nu=8 | n_rep: 240 | KDE model: t-student rot df=3
2026-05-06 06:21:23,686 | INFO | Scenario: scenario_2___nu=8 | n_rep: 241 | KDE model: gaussian rot
2026-05-06 06:21:24,099 | INFO | Scenario: scenario_2___nu=8 | n_rep: 241 | KDE model: t-student rot df=3
2026-05-06 06:21:24,471 | INFO | Scenario: scenario_2___nu=8 | n_rep: 242 | KDE model: gaussian rot
2026-05-06 06:21:24,961 | INFO | Scenario: scenario_2___nu=8 | n_rep: 242 | KDE model: t-student rot df=3
2026-05-06 06:21:25,397 | INFO | Scenario: scenario_2___nu=8 | n_rep: 243 | KDE model: gaussian rot
2026-05-06 06:21:25,878 | INFO | Scenario: scenario_2___nu=8 | n_rep: 243 | KDE model: t-student rot df=3
2026-05-06 06:21:26,322 | INFO | Scenario: scenario_2___nu=8 | n_rep: 244 | KDE model: gaussian rot
2026-05-06 06:21:26,954 | INFO | Scenario: scenario_2___nu=8 | n_rep: 244 | KDE model: t-student rot df=3
2026-05-06 06:21:27,545 | INFO | Scenario: scenario_2___nu=8 | n_rep: 245 | KDE model: gaussian rot
2026-05-06 06:21:28,064 | INFO | Scenario: scenario_2___nu=8 | n_rep: 245 | KDE model: t-student rot df=3
2026-05-06 06:21:28,568 | INFO | Scenario: scenario_2___nu=8 | n_rep: 246 | KDE model: gaussian rot
2026-05-06 06:21:29,344 | INFO | Scenario: scenario_2___nu=8 | n_rep: 246 | KDE model: t-student rot df=3
2026-05-06 06:21:30,251 | INFO | Scenario: scenario_2___nu=8 | n_rep: 247 | KDE model: gaussian rot
2026-05-06 06:21:30,752 | INFO | Scenario: scenario_2___nu=8 | n_rep: 247 | KDE model: t-student rot df=3
2026-05-06 06:21:31,172 | INFO | Scenario: scenario_2___nu=8 | n_rep: 248 | KDE model: gaussian rot
2026-05-06 06:21:31,662 | INFO | Scenario: scenario_2___nu=8 | n_rep: 248 | KDE model: t-student rot df=3
2026-05-06 06:21:32,068 | INFO | Scenario: scenario_2___nu=8 | n_rep: 249 | KDE model: gaussian rot
2026-05-06 06:21:32,448 | INFO | Scenario: scenario_2___nu=8 | n_rep: 249 | KDE model: t-student rot df=3
2026-05-06 06:21:33,036 | INFO | Scenario: scenario_2___nu=8 | n_rep: 250 | KDE model: gaussian rot
2026-05-06 06:21:33,672 | INFO | Scenario: scenario_2___nu=8 | n_rep: 250 | KDE model: t-student rot df=3
2026-05-06 06:21:34,467 | INFO | Scenario: scenario_2___nu=8 | n_rep: 251 | KDE model: gaussian rot
2026-05-06 06:21:35,433 | INFO | Scenario: scenario_2___nu=8 | n_rep: 251 | KDE model: t-student rot df=3
2026-05-06 06:21:36,234 | INFO | Scenario: scenario_2___nu=8 | n_rep: 252 | KDE model: gaussian rot
2026-05-06 06:21:36,856 | INFO | Scenario: scenario_2___nu=8 | n_rep: 252 | KDE model: t-student rot df=3
2026-05-06 06:21:37,532 | INFO | Scenario: scenario_2___nu=8 | n_rep: 253 | KDE model: gaussian rot
2026-05-06 06:21:38,038 | INFO | Scenario: scenario_2___nu=8 | n_rep: 253 | KDE model: t-student rot df=3
2026-05-06 06:21:38,440 | INFO | Scenario: scenario_2___nu=8 | n_rep: 254 | KDE model: gaussian rot
2026-05-06 06:21:38,948 | INFO | Scenario: scenario_2___nu=8 | n_rep: 254 | KDE model: t-student rot df=3
2026-05-06 06:21:39,421 | INFO | Scenario: scenario_2___nu=8 | n_rep: 255 | KDE model: gaussian rot
2026-05-06 06:21:40,114 | INFO | Scenario: scenario_2___nu=8 | n_rep: 255 | KDE model: t-student rot df=3
2026-05-06 06:21:40,745 | INFO | Scenario: scenario_2___nu=8 | n_rep: 256 | KDE model: gaussian rot
2026-05-06 06:21:41,408 | INFO | Scenario: scenario_2___nu=8 | n_rep: 256 | KDE model: t-student rot df=3
2026-05-06 06:21:41,730 | INFO | Scenario: scenario_2___nu=8 | n_rep: 257 | KDE model: gaussian rot
2026-05-06 06:21:42,134 | INFO | Scenario: scenario_2___nu=8 | n_rep: 257 | KDE model: t-student rot df=3
2026-05-06 06:21:42,512 | INFO | Scenario: scenario_2___nu=8 | n_rep: 258 | KDE model: gaussian rot
2026-05-06 06:21:43,442 | INFO | Scenario: scenario_2___nu=8 | n_rep: 258 | KDE model: t-student rot df=3
2026-05-06 06:21:44,285 | INFO | Scenario: scenario_2___nu=8 | n_rep: 259 | KDE model: gaussian rot
2026-05-06 06:21:44,892 | INFO | Scenario: scenario_2___nu=8 | n_rep: 259 | KDE model: t-student rot df=3
2026-05-06 06:21:45,524 | INFO | Scenario: scenario_2___nu=8 | n_rep: 260 | KDE model: gaussian rot
2026-05-06 06:21:45,923 | INFO | Scenario: scenario_2___nu=8 | n_rep: 260 | KDE model: t-student rot df=3
2026-05-06 06:21:46,319 | INFO | Scenario: scenario_2___nu=8 | n_rep: 261 | KDE model: gaussian rot
2026-05-06 06:21:46,863 | INFO | Scenario: scenario_2___nu=8 | n_rep: 261 | KDE model: t-student rot df=3
2026-05-06 06:21:47,255 | INFO | Scenario: scenario_2___nu=8 | n_rep: 262 | KDE model: gaussian rot
2026-05-06 06:21:47,676 | INFO | Scenario: scenario_2___nu=8 | n_rep: 262 | KDE model: t-student rot df=3
2026-05-06 06:21:48,077 | INFO | Scenario: scenario_2___nu=8 | n_rep: 263 | KDE model: gaussian rot
2026-05-06 06:21:48,480 | INFO | Scenario: scenario_2___nu=8 | n_rep: 263 | KDE model: t-student rot df=3
2026-05-06 06:21:48,864 | INFO | Scenario: scenario_2___nu=8 | n_rep: 264 | KDE model: gaussian rot
2026-05-06 06:21:49,424 | INFO | Scenario: scenario_2___nu=8 | n_rep: 264 | KDE model: t-student rot df=3
2026-05-06 06:21:49,987 | INFO | Scenario: scenario_2___nu=8 | n_rep: 265 | KDE model: gaussian rot
2026-05-06 06:21:50,660 | INFO | Scenario: scenario_2___nu=8 | n_rep: 265 | KDE model: t-student rot df=3
2026-05-06 06:21:51,327 | INFO | Scenario: scenario_2___nu=8 | n_rep: 266 | KDE model: gaussian rot
2026-05-06 06:21:51,742 | INFO | Scenario: scenario_2___nu=8 | n_rep: 266 | KDE model: t-student rot df=3
2026-05-06 06:21:52,213 | INFO | Scenario: scenario_2___nu=8 | n_rep: 267 | KDE model: gaussian rot
2026-05-06 06:21:52,883 | INFO | Scenario: scenario_2___nu=8 | n_rep: 267 | KDE model: t-student rot df=3
2026-05-06 06:21:53,620 | INFO | Scenario: scenario_2___nu=8 | n_rep: 268 | KDE model: gaussian rot
2026-05-06 06:21:54,092 | INFO | Scenario: scenario_2___nu=8 | n_rep: 268 | KDE model: t-student rot df=3
2026-05-06 06:21:54,566 | INFO | Scenario: scenario_2___nu=8 | n_rep: 269 | KDE model: gaussian rot
2026-05-06 06:21:55,007 | INFO | Scenario: scenario_2___nu=8 | n_rep: 269 | KDE model: t-student rot df=3
2026-05-06 06:21:55,464 | INFO | Scenario: scenario_2___nu=8 | n_rep: 270 | KDE model: gaussian rot
2026-05-06 06:21:56,013 | INFO | Scenario: scenario_2___nu=8 | n_rep: 270 | KDE model: t-student rot df=3
2026-05-06 06:21:56,573 | INFO | Scenario: scenario_2___nu=8 | n_rep: 271 | KDE model: gaussian rot
2026-05-06 06:21:56,963 | INFO | Scenario: scenario_2___nu=8 | n_rep: 271 | KDE model: t-student rot df=3
2026-05-06 06:21:57,568 | INFO | Scenario: scenario_2___nu=8 | n_rep: 272 | KDE model: gaussian rot
2026-05-06 06:21:58,318 | INFO | Scenario: scenario_2___nu=8 | n_rep: 272 | KDE model: t-student rot df=3
2026-05-06 06:21:59,067 | INFO | Scenario: scenario_2___nu=8 | n_rep: 273 | KDE model: gaussian rot
2026-05-06 06:21:59,961 | INFO | Scenario: scenario_2___nu=8 | n_rep: 273 | KDE model: t-student rot df=3
2026-05-06 06:22:00,858 | INFO | Scenario: scenario_2___nu=8 | n_rep: 274 | KDE model: gaussian rot
2026-05-06 06:22:01,525 | INFO | Scenario: scenario_2___nu=8 | n_rep: 274 | KDE model: t-student rot df=3
2026-05-06 06:22:02,238 | INFO | Scenario: scenario_2___nu=8 | n_rep: 275 | KDE model: gaussian rot
2026-05-06 06:22:02,732 | INFO | Scenario: scenario_2___nu=8 | n_rep: 275 | KDE model: t-student rot df=3
2026-05-06 06:22:03,154 | INFO | Scenario: scenario_2___nu=8 | n_rep: 276 | KDE model: gaussian rot
2026-05-06 06:22:03,604 | INFO | Scenario: scenario_2___nu=8 | n_rep: 276 | KDE model: t-student rot df=3
2026-05-06 06:22:03,996 | INFO | Scenario: scenario_2___nu=8 | n_rep: 277 | KDE model: gaussian rot
2026-05-06 06:22:04,367 | INFO | Scenario: scenario_2___nu=8 | n_rep: 277 | KDE model: t-student rot df=3
2026-05-06 06:22:04,835 | INFO | Scenario: scenario_2___nu=8 | n_rep: 278 | KDE model: gaussian rot
2026-05-06 06:22:05,279 | INFO | Scenario: scenario_2___nu=8 | n_rep: 278 | KDE model: t-student rot df=3
2026-05-06 06:22:05,691 | INFO | Scenario: scenario_2___nu=8 | n_rep: 279 | KDE model: gaussian rot
2026-05-06 06:22:06,321 | INFO | Scenario: scenario_2___nu=8 | n_rep: 279 | KDE model: t-student rot df=3
2026-05-06 06:22:06,822 | INFO | Scenario: scenario_2___nu=8 | n_rep: 280 | KDE model: gaussian rot
2026-05-06 06:22:07,211 | INFO | Scenario: scenario_2___nu=8 | n_rep: 280 | KDE model: t-student rot df=3
2026-05-06 06:22:07,570 | INFO | Scenario: scenario_2___nu=8 | n_rep: 281 | KDE model: gaussian rot
2026-05-06 06:22:08,131 | INFO | Scenario: scenario_2___nu=8 | n_rep: 281 | KDE model: t-student rot df=3
2026-05-06 06:22:08,790 | INFO | Scenario: scenario_2___nu=8 | n_rep: 282 | KDE model: gaussian rot
2026-05-06 06:22:09,481 | INFO | Scenario: scenario_2___nu=8 | n_rep: 282 | KDE model: t-student rot df=3
2026-05-06 06:22:09,930 | INFO | Scenario: scenario_2___nu=8 | n_rep: 283 | KDE model: gaussian rot
2026-05-06 06:22:10,604 | INFO | Scenario: scenario_2___nu=8 | n_rep: 283 | KDE model: t-student rot df=3
2026-05-06 06:22:11,139 | INFO | Scenario: scenario_2___nu=8 | n_rep: 284 | KDE model: gaussian rot
2026-05-06 06:22:11,525 | INFO | Scenario: scenario_2___nu=8 | n_rep: 284 | KDE model: t-student rot df=3
2026-05-06 06:22:11,926 | INFO | Scenario: scenario_2___nu=8 | n_rep: 285 | KDE model: gaussian rot
2026-05-06 06:22:12,413 | INFO | Scenario: scenario_2___nu=8 | n_rep: 285 | KDE model: t-student rot df=3
2026-05-06 06:22:12,945 | INFO | Scenario: scenario_2___nu=8 | n_rep: 286 | KDE model: gaussian rot
2026-05-06 06:22:13,366 | INFO | Scenario: scenario_2___nu=8 | n_rep: 286 | KDE model: t-student rot df=3
2026-05-06 06:22:13,769 | INFO | Scenario: scenario_2___nu=8 | n_rep: 287 | KDE model: gaussian rot
2026-05-06 06:22:14,245 | INFO | Scenario: scenario_2___nu=8 | n_rep: 287 | KDE model: t-student rot df=3
2026-05-06 06:22:14,863 | INFO | Scenario: scenario_2___nu=8 | n_rep: 288 | KDE model: gaussian rot
2026-05-06 06:22:15,245 | INFO | Scenario: scenario_2___nu=8 | n_rep: 288 | KDE model: t-student rot df=3
2026-05-06 06:22:15,591 | INFO | Scenario: scenario_2___nu=8 | n_rep: 289 | KDE model: gaussian rot
2026-05-06 06:22:16,523 | INFO | Scenario: scenario_2___nu=8 | n_rep: 289 | KDE model: t-student rot df=3
2026-05-06 06:22:17,351 | INFO | Scenario: scenario_2___nu=8 | n_rep: 290 | KDE model: gaussian rot
2026-05-06 06:22:18,141 | INFO | Scenario: scenario_2___nu=8 | n_rep: 290 | KDE model: t-student rot df=3
2026-05-06 06:22:18,880 | INFO | Scenario: scenario_2___nu=8 | n_rep: 291 | KDE model: gaussian rot
2026-05-06 06:22:19,337 | INFO | Scenario: scenario_2___nu=8 | n_rep: 291 | KDE model: t-student rot df=3
2026-05-06 06:22:19,786 | INFO | Scenario: scenario_2___nu=8 | n_rep: 292 | KDE model: gaussian rot
2026-05-06 06:22:20,570 | INFO | Scenario: scenario_2___nu=8 | n_rep: 292 | KDE model: t-student rot df=3
2026-05-06 06:22:21,469 | INFO | Scenario: scenario_2___nu=8 | n_rep: 293 | KDE model: gaussian rot
2026-05-06 06:22:22,140 | INFO | Scenario: scenario_2___nu=8 | n_rep: 293 | KDE model: t-student rot df=3
2026-05-06 06:22:22,890 | INFO | Scenario: scenario_2___nu=8 | n_rep: 294 | KDE model: gaussian rot
2026-05-06 06:22:23,317 | INFO | Scenario: scenario_2___nu=8 | n_rep: 294 | KDE model: t-student rot df=3
2026-05-06 06:22:23,708 | INFO | Scenario: scenario_2___nu=8 | n_rep: 295 | KDE model: gaussian rot
2026-05-06 06:22:24,089 | INFO | Scenario: scenario_2___nu=8 | n_rep: 295 | KDE model: t-student rot df=3
2026-05-06 06:22:25,006 | INFO | Scenario: scenario_2___nu=8 | n_rep: 296 | KDE model: gaussian rot
2026-05-06 06:22:25,446 | INFO | Scenario: scenario_2___nu=8 | n_rep: 296 | KDE model: t-student rot df=3
2026-05-06 06:22:25,879 | INFO | Scenario: scenario_2___nu=8 | n_rep: 297 | KDE model: gaussian rot
2026-05-06 06:22:26,835 | INFO | Scenario: scenario_2___nu=8 | n_rep: 297 | KDE model: t-student rot df=3
2026-05-06 06:22:27,832 | INFO | Scenario: scenario_2___nu=8 | n_rep: 298 | KDE model: gaussian rot
2026-05-06 06:22:28,255 | INFO | Scenario: scenario_2___nu=8 | n_rep: 298 | KDE model: t-student rot df=3
2026-05-06 06:22:28,640 | INFO | Scenario: scenario_2___nu=8 | n_rep: 299 | KDE model: gaussian rot
2026-05-06 06:22:29,046 | INFO | Scenario: scenario_2___nu=8 | n_rep: 299 | KDE model: t-student rot df=3
2026-05-06 06:22:29,419 | INFO | Scenario: scenario_2___nu=8 | n_rep: 300 | KDE model: gaussian rot
2026-05-06 06:22:30,154 | INFO | Scenario: scenario_2___nu=8 | n_rep: 300 | KDE model: t-student rot df=3
2026-05-06 06:22:30,887 | INFO | Scenario: scenario_2___nu=8 | n_rep: 301 | KDE model: gaussian rot
2026-05-06 06:22:31,359 | INFO | Scenario: scenario_2___nu=8 | n_rep: 301 | KDE model: t-student rot df=3
2026-05-06 06:22:31,976 | INFO | Scenario: scenario_2___nu=8 | n_rep: 302 | KDE model: gaussian rot
2026-05-06 06:22:32,418 | INFO | Scenario: scenario_2___nu=8 | n_rep: 302 | KDE model: t-student rot df=3
2026-05-06 06:22:32,813 | INFO | Scenario: scenario_2___nu=8 | n_rep: 303 | KDE model: gaussian rot
2026-05-06 06:22:33,262 | INFO | Scenario: scenario_2___nu=8 | n_rep: 303 | KDE model: t-student rot df=3
2026-05-06 06:22:33,593 | INFO | Scenario: scenario_2___nu=8 | n_rep: 304 | KDE model: gaussian rot
2026-05-06 06:22:34,060 | INFO | Scenario: scenario_2___nu=8 | n_rep: 304 | KDE model: t-student rot df=3
2026-05-06 06:22:34,431 | INFO | Scenario: scenario_2___nu=8 | n_rep: 305 | KDE model: gaussian rot
2026-05-06 06:22:34,904 | INFO | Scenario: scenario_2___nu=8 | n_rep: 305 | KDE model: t-student rot df=3
2026-05-06 06:22:35,377 | INFO | Scenario: scenario_2___nu=8 | n_rep: 306 | KDE model: gaussian rot
2026-05-06 06:22:35,926 | INFO | Scenario: scenario_2___nu=8 | n_rep: 306 | KDE model: t-student rot df=3
2026-05-06 06:22:36,438 | INFO | Scenario: scenario_2___nu=8 | n_rep: 307 | KDE model: gaussian rot
2026-05-06 06:22:36,879 | INFO | Scenario: scenario_2___nu=8 | n_rep: 307 | KDE model: t-student rot df=3
2026-05-06 06:22:37,250 | INFO | Scenario: scenario_2___nu=8 | n_rep: 308 | KDE model: gaussian rot
2026-05-06 06:22:37,701 | INFO | Scenario: scenario_2___nu=8 | n_rep: 308 | KDE model: t-student rot df=3
2026-05-06 06:22:38,142 | INFO | Scenario: scenario_2___nu=8 | n_rep: 309 | KDE model: gaussian rot
2026-05-06 06:22:38,600 | INFO | Scenario: scenario_2___nu=8 | n_rep: 309 | KDE model: t-student rot df=3
2026-05-06 06:22:39,039 | INFO | Scenario: scenario_2___nu=8 | n_rep: 310 | KDE model: gaussian rot
2026-05-06 06:22:39,456 | INFO | Scenario: scenario_2___nu=8 | n_rep: 310 | KDE model: t-student rot df=3
2026-05-06 06:22:39,945 | INFO | Scenario: scenario_2___nu=8 | n_rep: 311 | KDE model: gaussian rot
2026-05-06 06:22:40,390 | INFO | Scenario: scenario_2___nu=8 | n_rep: 311 | KDE model: t-student rot df=3
2026-05-06 06:22:40,783 | INFO | Scenario: scenario_2___nu=8 | n_rep: 312 | KDE model: gaussian rot
2026-05-06 06:22:41,534 | INFO | Scenario: scenario_2___nu=8 | n_rep: 312 | KDE model: t-student rot df=3
2026-05-06 06:22:42,309 | INFO | Scenario: scenario_2___nu=8 | n_rep: 313 | KDE model: gaussian rot
2026-05-06 06:22:42,749 | INFO | Scenario: scenario_2___nu=8 | n_rep: 313 | KDE model: t-student rot df=3
2026-05-06 06:22:43,172 | INFO | Scenario: scenario_2___nu=8 | n_rep: 314 | KDE model: gaussian rot
2026-05-06 06:22:43,558 | INFO | Scenario: scenario_2___nu=8 | n_rep: 314 | KDE model: t-student rot df=3
2026-05-06 06:22:43,943 | INFO | Scenario: scenario_2___nu=8 | n_rep: 315 | KDE model: gaussian rot
2026-05-06 06:22:44,381 | INFO | Scenario: scenario_2___nu=8 | n_rep: 315 | KDE model: t-student rot df=3
2026-05-06 06:22:45,134 | INFO | Scenario: scenario_2___nu=8 | n_rep: 316 | KDE model: gaussian rot
2026-05-06 06:22:45,569 | INFO | Scenario: scenario_2___nu=8 | n_rep: 316 | KDE model: t-student rot df=3
2026-05-06 06:22:45,963 | INFO | Scenario: scenario_2___nu=8 | n_rep: 317 | KDE model: gaussian rot
2026-05-06 06:22:46,384 | INFO | Scenario: scenario_2___nu=8 | n_rep: 317 | KDE model: t-student rot df=3
2026-05-06 06:22:46,953 | INFO | Scenario: scenario_2___nu=8 | n_rep: 318 | KDE model: gaussian rot
2026-05-06 06:22:47,608 | INFO | Scenario: scenario_2___nu=8 | n_rep: 318 | KDE model: t-student rot df=3
2026-05-06 06:22:48,151 | INFO | Scenario: scenario_2___nu=8 | n_rep: 319 | KDE model: gaussian rot
2026-05-06 06:22:48,611 | INFO | Scenario: scenario_2___nu=8 | n_rep: 319 | KDE model: t-student rot df=3
2026-05-06 06:22:49,089 | INFO | Scenario: scenario_2___nu=8 | n_rep: 320 | KDE model: gaussian rot
2026-05-06 06:22:49,524 | INFO | Scenario: scenario_2___nu=8 | n_rep: 320 | KDE model: t-student rot df=3
2026-05-06 06:22:49,996 | INFO | Scenario: scenario_2___nu=8 | n_rep: 321 | KDE model: gaussian rot
2026-05-06 06:22:50,478 | INFO | Scenario: scenario_2___nu=8 | n_rep: 321 | KDE model: t-student rot df=3
2026-05-06 06:22:50,945 | INFO | Scenario: scenario_2___nu=8 | n_rep: 322 | KDE model: gaussian rot
2026-05-06 06:22:51,387 | INFO | Scenario: scenario_2___nu=8 | n_rep: 322 | KDE model: t-student rot df=3
2026-05-06 06:22:51,879 | INFO | Scenario: scenario_2___nu=8 | n_rep: 323 | KDE model: gaussian rot
2026-05-06 06:22:52,307 | INFO | Scenario: scenario_2___nu=8 | n_rep: 323 | KDE model: t-student rot df=3
2026-05-06 06:22:52,641 | INFO | Scenario: scenario_2___nu=8 | n_rep: 324 | KDE model: gaussian rot
2026-05-06 06:22:53,068 | INFO | Scenario: scenario_2___nu=8 | n_rep: 324 | KDE model: t-student rot df=3
2026-05-06 06:22:53,598 | INFO | Scenario: scenario_2___nu=8 | n_rep: 325 | KDE model: gaussian rot
2026-05-06 06:22:54,422 | INFO | Scenario: scenario_2___nu=8 | n_rep: 325 | KDE model: t-student rot df=3
2026-05-06 06:22:55,139 | INFO | Scenario: scenario_2___nu=8 | n_rep: 326 | KDE model: gaussian rot
2026-05-06 06:22:55,767 | INFO | Scenario: scenario_2___nu=8 | n_rep: 326 | KDE model: t-student rot df=3
2026-05-06 06:22:56,295 | INFO | Scenario: scenario_2___nu=8 | n_rep: 327 | KDE model: gaussian rot
2026-05-06 06:22:56,814 | INFO | Scenario: scenario_2___nu=8 | n_rep: 327 | KDE model: t-student rot df=3
2026-05-06 06:22:57,544 | INFO | Scenario: scenario_2___nu=8 | n_rep: 328 | KDE model: gaussian rot
2026-05-06 06:22:57,987 | INFO | Scenario: scenario_2___nu=8 | n_rep: 328 | KDE model: t-student rot df=3
2026-05-06 06:22:58,462 | INFO | Scenario: scenario_2___nu=8 | n_rep: 329 | KDE model: gaussian rot
2026-05-06 06:22:59,170 | INFO | Scenario: scenario_2___nu=8 | n_rep: 329 | KDE model: t-student rot df=3
2026-05-06 06:22:59,974 | INFO | Scenario: scenario_2___nu=8 | n_rep: 330 | KDE model: gaussian rot
2026-05-06 06:23:00,403 | INFO | Scenario: scenario_2___nu=8 | n_rep: 330 | KDE model: t-student rot df=3
2026-05-06 06:23:00,825 | INFO | Scenario: scenario_2___nu=8 | n_rep: 331 | KDE model: gaussian rot
2026-05-06 06:23:01,318 | INFO | Scenario: scenario_2___nu=8 | n_rep: 331 | KDE model: t-student rot df=3
2026-05-06 06:23:02,506 | INFO | Scenario: scenario_2___nu=8 | n_rep: 332 | KDE model: gaussian rot
2026-05-06 06:23:02,946 | INFO | Scenario: scenario_2___nu=8 | n_rep: 332 | KDE model: t-student rot df=3
2026-05-06 06:23:03,384 | INFO | Scenario: scenario_2___nu=8 | n_rep: 333 | KDE model: gaussian rot
2026-05-06 06:23:04,232 | INFO | Scenario: scenario_2___nu=8 | n_rep: 333 | KDE model: t-student rot df=3
2026-05-06 06:23:05,009 | INFO | Scenario: scenario_2___nu=8 | n_rep: 334 | KDE model: gaussian rot
2026-05-06 06:23:05,481 | INFO | Scenario: scenario_2___nu=8 | n_rep: 334 | KDE model: t-student rot df=3
2026-05-06 06:23:05,918 | INFO | Scenario: scenario_2___nu=8 | n_rep: 335 | KDE model: gaussian rot
2026-05-06 06:23:07,073 | INFO | Scenario: scenario_2___nu=8 | n_rep: 335 | KDE model: t-student rot df=3
2026-05-06 06:23:08,124 | INFO | Scenario: scenario_2___nu=8 | n_rep: 336 | KDE model: gaussian rot
2026-05-06 06:23:08,868 | INFO | Scenario: scenario_2___nu=8 | n_rep: 336 | KDE model: t-student rot df=3
2026-05-06 06:23:09,580 | INFO | Scenario: scenario_2___nu=8 | n_rep: 337 | KDE model: gaussian rot
2026-05-06 06:23:09,996 | INFO | Scenario: scenario_2___nu=8 | n_rep: 337 | KDE model: t-student rot df=3
2026-05-06 06:23:10,398 | INFO | Scenario: scenario_2___nu=8 | n_rep: 338 | KDE model: gaussian rot
2026-05-06 06:23:10,921 | INFO | Scenario: scenario_2___nu=8 | n_rep: 338 | KDE model: t-student rot df=3
2026-05-06 06:23:11,439 | INFO | Scenario: scenario_2___nu=8 | n_rep: 339 | KDE model: gaussian rot
2026-05-06 06:23:12,002 | INFO | Scenario: scenario_2___nu=8 | n_rep: 339 | KDE model: t-student rot df=3
2026-05-06 06:23:12,602 | INFO | Scenario: scenario_2___nu=8 | n_rep: 340 | KDE model: gaussian rot
2026-05-06 06:23:13,338 | INFO | Scenario: scenario_2___nu=8 | n_rep: 340 | KDE model: t-student rot df=3
2026-05-06 06:23:14,072 | INFO | Scenario: scenario_2___nu=8 | n_rep: 341 | KDE model: gaussian rot
2026-05-06 06:23:14,975 | INFO | Scenario: scenario_2___nu=8 | n_rep: 341 | KDE model: t-student rot df=3
2026-05-06 06:23:15,744 | INFO | Scenario: scenario_2___nu=8 | n_rep: 342 | KDE model: gaussian rot
2026-05-06 06:23:16,209 | INFO | Scenario: scenario_2___nu=8 | n_rep: 342 | KDE model: t-student rot df=3
2026-05-06 06:23:16,683 | INFO | Scenario: scenario_2___nu=8 | n_rep: 343 | KDE model: gaussian rot
2026-05-06 06:23:17,120 | INFO | Scenario: scenario_2___nu=8 | n_rep: 343 | KDE model: t-student rot df=3
2026-05-06 06:23:17,557 | INFO | Scenario: scenario_2___nu=8 | n_rep: 344 | KDE model: gaussian rot
2026-05-06 06:23:17,971 | INFO | Scenario: scenario_2___nu=8 | n_rep: 344 | KDE model: t-student rot df=3
2026-05-06 06:23:18,415 | INFO | Scenario: scenario_2___nu=8 | n_rep: 345 | KDE model: gaussian rot
2026-05-06 06:23:19,071 | INFO | Scenario: scenario_2___nu=8 | n_rep: 345 | KDE model: t-student rot df=3
2026-05-06 06:23:19,717 | INFO | Scenario: scenario_2___nu=8 | n_rep: 346 | KDE model: gaussian rot
2026-05-06 06:23:20,172 | INFO | Scenario: scenario_2___nu=8 | n_rep: 346 | KDE model: t-student rot df=3
2026-05-06 06:23:20,649 | INFO | Scenario: scenario_2___nu=8 | n_rep: 347 | KDE model: gaussian rot
2026-05-06 06:23:21,111 | INFO | Scenario: scenario_2___nu=8 | n_rep: 347 | KDE model: t-student rot df=3
2026-05-06 06:23:21,487 | INFO | Scenario: scenario_2___nu=8 | n_rep: 348 | KDE model: gaussian rot
2026-05-06 06:23:21,873 | INFO | Scenario: scenario_2___nu=8 | n_rep: 348 | KDE model: t-student rot df=3
2026-05-06 06:23:22,241 | INFO | Scenario: scenario_2___nu=8 | n_rep: 349 | KDE model: gaussian rot
2026-05-06 06:23:23,018 | INFO | Scenario: scenario_2___nu=8 | n_rep: 349 | KDE model: t-student rot df=3
2026-05-06 06:23:23,948 | INFO | Scenario: scenario_2___nu=8 | n_rep: 350 | KDE model: gaussian rot
2026-05-06 06:23:24,770 | INFO | Scenario: scenario_2___nu=8 | n_rep: 350 | KDE model: t-student rot df=3
2026-05-06 06:23:25,573 | INFO | Scenario: scenario_2___nu=8 | n_rep: 351 | KDE model: gaussian rot
2026-05-06 06:23:25,923 | INFO | Scenario: scenario_2___nu=8 | n_rep: 351 | KDE model: t-student rot df=3
2026-05-06 06:23:26,514 | INFO | Scenario: scenario_2___nu=8 | n_rep: 352 | KDE model: gaussian rot
2026-05-06 06:23:26,998 | INFO | Scenario: scenario_2___nu=8 | n_rep: 352 | KDE model: t-student rot df=3
2026-05-06 06:23:27,470 | INFO | Scenario: scenario_2___nu=8 | n_rep: 353 | KDE model: gaussian rot
2026-05-06 06:23:27,837 | INFO | Scenario: scenario_2___nu=8 | n_rep: 353 | KDE model: t-student rot df=3
2026-05-06 06:23:28,189 | INFO | Scenario: scenario_2___nu=8 | n_rep: 354 | KDE model: gaussian rot
2026-05-06 06:23:29,080 | INFO | Scenario: scenario_2___nu=8 | n_rep: 354 | KDE model: t-student rot df=3
2026-05-06 06:23:29,792 | INFO | Scenario: scenario_2___nu=8 | n_rep: 355 | KDE model: gaussian rot
2026-05-06 06:23:30,449 | INFO | Scenario: scenario_2___nu=8 | n_rep: 355 | KDE model: t-student rot df=3
2026-05-06 06:23:31,228 | INFO | Scenario: scenario_2___nu=8 | n_rep: 356 | KDE model: gaussian rot
2026-05-06 06:23:31,740 | INFO | Scenario: scenario_2___nu=8 | n_rep: 356 | KDE model: t-student rot df=3
2026-05-06 06:23:32,188 | INFO | Scenario: scenario_2___nu=8 | n_rep: 357 | KDE model: gaussian rot
2026-05-06 06:23:32,659 | INFO | Scenario: scenario_2___nu=8 | n_rep: 357 | KDE model: t-student rot df=3
2026-05-06 06:23:33,601 | INFO | Scenario: scenario_2___nu=8 | n_rep: 358 | KDE model: gaussian rot
2026-05-06 06:23:34,307 | INFO | Scenario: scenario_2___nu=8 | n_rep: 358 | KDE model: t-student rot df=3
2026-05-06 06:23:34,962 | INFO | Scenario: scenario_2___nu=8 | n_rep: 359 | KDE model: gaussian rot
2026-05-06 06:23:35,399 | INFO | Scenario: scenario_2___nu=8 | n_rep: 359 | KDE model: t-student rot df=3
2026-05-06 06:23:35,860 | INFO | Scenario: scenario_2___nu=8 | n_rep: 360 | KDE model: gaussian rot
2026-05-06 06:23:36,673 | INFO | Scenario: scenario_2___nu=8 | n_rep: 360 | KDE model: t-student rot df=3
2026-05-06 06:23:37,089 | INFO | Scenario: scenario_2___nu=8 | n_rep: 361 | KDE model: gaussian rot
2026-05-06 06:23:37,475 | INFO | Scenario: scenario_2___nu=8 | n_rep: 361 | KDE model: t-student rot df=3
2026-05-06 06:23:37,834 | INFO | Scenario: scenario_2___nu=8 | n_rep: 362 | KDE model: gaussian rot
2026-05-06 06:23:38,297 | INFO | Scenario: scenario_2___nu=8 | n_rep: 362 | KDE model: t-student rot df=3
2026-05-06 06:23:38,718 | INFO | Scenario: scenario_2___nu=8 | n_rep: 363 | KDE model: gaussian rot
2026-05-06 06:23:39,156 | INFO | Scenario: scenario_2___nu=8 | n_rep: 363 | KDE model: t-student rot df=3
2026-05-06 06:23:39,595 | INFO | Scenario: scenario_2___nu=8 | n_rep: 364 | KDE model: gaussian rot
2026-05-06 06:23:40,291 | INFO | Scenario: scenario_2___nu=8 | n_rep: 364 | KDE model: t-student rot df=3
2026-05-06 06:23:40,940 | INFO | Scenario: scenario_2___nu=8 | n_rep: 365 | KDE model: gaussian rot
2026-05-06 06:23:41,525 | INFO | Scenario: scenario_2___nu=8 | n_rep: 365 | KDE model: t-student rot df=3
2026-05-06 06:23:42,096 | INFO | Scenario: scenario_2___nu=8 | n_rep: 366 | KDE model: gaussian rot
2026-05-06 06:23:43,194 | INFO | Scenario: scenario_2___nu=8 | n_rep: 366 | KDE model: t-student rot df=3
2026-05-06 06:23:44,158 | INFO | Scenario: scenario_2___nu=8 | n_rep: 367 | KDE model: gaussian rot
2026-05-06 06:23:44,609 | INFO | Scenario: scenario_2___nu=8 | n_rep: 367 | KDE model: t-student rot df=3
2026-05-06 06:23:45,035 | INFO | Scenario: scenario_2___nu=8 | n_rep: 368 | KDE model: gaussian rot
2026-05-06 06:23:45,425 | INFO | Scenario: scenario_2___nu=8 | n_rep: 368 | KDE model: t-student rot df=3
2026-05-06 06:23:45,784 | INFO | Scenario: scenario_2___nu=8 | n_rep: 369 | KDE model: gaussian rot
2026-05-06 06:23:46,385 | INFO | Scenario: scenario_2___nu=8 | n_rep: 369 | KDE model: t-student rot df=3
2026-05-06 06:23:46,893 | INFO | Scenario: scenario_2___nu=8 | n_rep: 370 | KDE model: gaussian rot
2026-05-06 06:23:47,367 | INFO | Scenario: scenario_2___nu=8 | n_rep: 370 | KDE model: t-student rot df=3
2026-05-06 06:23:47,865 | INFO | Scenario: scenario_2___nu=8 | n_rep: 371 | KDE model: gaussian rot
2026-05-06 06:23:49,334 | INFO | Scenario: scenario_2___nu=8 | n_rep: 371 | KDE model: t-student rot df=3
2026-05-06 06:23:50,097 | INFO | Scenario: scenario_2___nu=8 | n_rep: 372 | KDE model: gaussian rot
2026-05-06 06:23:50,380 | INFO | Scenario: scenario_2___nu=8 | n_rep: 372 | KDE model: t-student rot df=3
2026-05-06 06:23:50,621 | INFO | Scenario: scenario_2___nu=8 | n_rep: 373 | KDE model: gaussian rot
2026-05-06 06:23:50,975 | INFO | Scenario: scenario_2___nu=8 | n_rep: 373 | KDE model: t-student rot df=3
2026-05-06 06:23:51,364 | INFO | Scenario: scenario_2___nu=8 | n_rep: 374 | KDE model: gaussian rot
2026-05-06 06:23:51,764 | INFO | Scenario: scenario_2___nu=8 | n_rep: 374 | KDE model: t-student rot df=3
2026-05-06 06:23:52,202 | INFO | Scenario: scenario_2___nu=8 | n_rep: 375 | KDE model: gaussian rot
2026-05-06 06:23:52,864 | INFO | Scenario: scenario_2___nu=8 | n_rep: 375 | KDE model: t-student rot df=3
2026-05-06 06:23:53,543 | INFO | Scenario: scenario_2___nu=8 | n_rep: 376 | KDE model: gaussian rot
2026-05-06 06:23:54,106 | INFO | Scenario: scenario_2___nu=8 | n_rep: 376 | KDE model: t-student rot df=3
2026-05-06 06:23:54,800 | INFO | Scenario: scenario_2___nu=8 | n_rep: 377 | KDE model: gaussian rot
2026-05-06 06:23:55,181 | INFO | Scenario: scenario_2___nu=8 | n_rep: 377 | KDE model: t-student rot df=3
2026-05-06 06:23:55,573 | INFO | Scenario: scenario_2___nu=8 | n_rep: 378 | KDE model: gaussian rot
2026-05-06 06:23:56,356 | INFO | Scenario: scenario_2___nu=8 | n_rep: 378 | KDE model: t-student rot df=3
2026-05-06 06:23:57,482 | INFO | Scenario: scenario_2___nu=8 | n_rep: 379 | KDE model: gaussian rot
2026-05-06 06:23:57,871 | INFO | Scenario: scenario_2___nu=8 | n_rep: 379 | KDE model: t-student rot df=3
2026-05-06 06:23:58,281 | INFO | Scenario: scenario_2___nu=8 | n_rep: 380 | KDE model: gaussian rot
2026-05-06 06:23:58,748 | INFO | Scenario: scenario_2___nu=8 | n_rep: 380 | KDE model: t-student rot df=3
2026-05-06 06:23:59,184 | INFO | Scenario: scenario_2___nu=8 | n_rep: 381 | KDE model: gaussian rot
2026-05-06 06:23:59,992 | INFO | Scenario: scenario_2___nu=8 | n_rep: 381 | KDE model: t-student rot df=3
2026-05-06 06:24:00,802 | INFO | Scenario: scenario_2___nu=8 | n_rep: 382 | KDE model: gaussian rot
2026-05-06 06:24:01,874 | INFO | Scenario: scenario_2___nu=8 | n_rep: 382 | KDE model: t-student rot df=3
2026-05-06 06:24:02,630 | INFO | Scenario: scenario_2___nu=8 | n_rep: 383 | KDE model: gaussian rot
2026-05-06 06:24:03,081 | INFO | Scenario: scenario_2___nu=8 | n_rep: 383 | KDE model: t-student rot df=3
2026-05-06 06:24:03,499 | INFO | Scenario: scenario_2___nu=8 | n_rep: 384 | KDE model: gaussian rot
2026-05-06 06:24:03,866 | INFO | Scenario: scenario_2___nu=8 | n_rep: 384 | KDE model: t-student rot df=3
2026-05-06 06:24:04,216 | INFO | Scenario: scenario_2___nu=8 | n_rep: 385 | KDE model: gaussian rot
2026-05-06 06:24:04,640 | INFO | Scenario: scenario_2___nu=8 | n_rep: 385 | KDE model: t-student rot df=3
2026-05-06 06:24:05,271 | INFO | Scenario: scenario_2___nu=8 | n_rep: 386 | KDE model: gaussian rot
2026-05-06 06:24:05,728 | INFO | Scenario: scenario_2___nu=8 | n_rep: 386 | KDE model: t-student rot df=3
2026-05-06 06:24:06,174 | INFO | Scenario: scenario_2___nu=8 | n_rep: 387 | KDE model: gaussian rot
2026-05-06 06:24:07,217 | INFO | Scenario: scenario_2___nu=8 | n_rep: 387 | KDE model: t-student rot df=3
2026-05-06 06:24:08,243 | INFO | Scenario: scenario_2___nu=8 | n_rep: 388 | KDE model: gaussian rot
2026-05-06 06:24:08,629 | INFO | Scenario: scenario_2___nu=8 | n_rep: 388 | KDE model: t-student rot df=3
2026-05-06 06:24:09,053 | INFO | Scenario: scenario_2___nu=8 | n_rep: 389 | KDE model: gaussian rot
2026-05-06 06:24:09,435 | INFO | Scenario: scenario_2___nu=8 | n_rep: 389 | KDE model: t-student rot df=3
2026-05-06 06:24:09,834 | INFO | Scenario: scenario_2___nu=8 | n_rep: 390 | KDE model: gaussian rot
2026-05-06 06:24:10,172 | INFO | Scenario: scenario_2___nu=8 | n_rep: 390 | KDE model: t-student rot df=3
2026-05-06 06:24:10,485 | INFO | Scenario: scenario_2___nu=8 | n_rep: 391 | KDE model: gaussian rot
2026-05-06 06:24:10,842 | INFO | Scenario: scenario_2___nu=8 | n_rep: 391 | KDE model: t-student rot df=3
2026-05-06 06:24:11,210 | INFO | Scenario: scenario_2___nu=8 | n_rep: 392 | KDE model: gaussian rot
2026-05-06 06:24:11,706 | INFO | Scenario: scenario_2___nu=8 | n_rep: 392 | KDE model: t-student rot df=3
2026-05-06 06:24:12,199 | INFO | Scenario: scenario_2___nu=8 | n_rep: 393 | KDE model: gaussian rot
2026-05-06 06:24:12,639 | INFO | Scenario: scenario_2___nu=8 | n_rep: 393 | KDE model: t-student rot df=3
2026-05-06 06:24:13,096 | INFO | Scenario: scenario_2___nu=8 | n_rep: 394 | KDE model: gaussian rot
2026-05-06 06:24:13,449 | INFO | Scenario: scenario_2___nu=8 | n_rep: 394 | KDE model: t-student rot df=3
2026-05-06 06:24:13,995 | INFO | Scenario: scenario_2___nu=8 | n_rep: 395 | KDE model: gaussian rot
2026-05-06 06:24:14,494 | INFO | Scenario: scenario_2___nu=8 | n_rep: 395 | KDE model: t-student rot df=3
2026-05-06 06:24:15,300 | INFO | Scenario: scenario_2___nu=8 | n_rep: 396 | KDE model: gaussian rot
2026-05-06 06:24:15,847 | INFO | Scenario: scenario_2___nu=8 | n_rep: 396 | KDE model: t-student rot df=3
2026-05-06 06:24:16,351 | INFO | Scenario: scenario_2___nu=8 | n_rep: 397 | KDE model: gaussian rot
2026-05-06 06:24:17,148 | INFO | Scenario: scenario_2___nu=8 | n_rep: 397 | KDE model: t-student rot df=3
2026-05-06 06:24:18,045 | INFO | Scenario: scenario_2___nu=8 | n_rep: 398 | KDE model: gaussian rot
2026-05-06 06:24:18,468 | INFO | Scenario: scenario_2___nu=8 | n_rep: 398 | KDE model: t-student rot df=3
2026-05-06 06:24:18,887 | INFO | Scenario: scenario_2___nu=8 | n_rep: 399 | KDE model: gaussian rot
2026-05-06 06:24:19,401 | INFO | Scenario: scenario_2___nu=8 | n_rep: 399 | KDE model: t-student rot df=3
2026-05-06 06:24:19,915 | INFO | Scenario: scenario_2___nu=8 | n_rep: 400 | KDE model: gaussian rot
2026-05-06 06:24:20,411 | INFO | Scenario: scenario_2___nu=8 | n_rep: 400 | KDE model: t-student rot df=3
2026-05-06 06:24:20,876 | INFO | Scenario: scenario_2___nu=8 | n_rep: 401 | KDE model: gaussian rot
2026-05-06 06:24:21,772 | INFO | Scenario: scenario_2___nu=8 | n_rep: 401 | KDE model: t-student rot df=3
2026-05-06 06:24:22,546 | INFO | Scenario: scenario_2___nu=8 | n_rep: 402 | KDE model: gaussian rot
2026-05-06 06:24:23,075 | INFO | Scenario: scenario_2___nu=8 | n_rep: 402 | KDE model: t-student rot df=3
2026-05-06 06:24:23,582 | INFO | Scenario: scenario_2___nu=8 | n_rep: 403 | KDE model: gaussian rot
2026-05-06 06:24:24,021 | INFO | Scenario: scenario_2___nu=8 | n_rep: 403 | KDE model: t-student rot df=3
2026-05-06 06:24:24,466 | INFO | Scenario: scenario_2___nu=8 | n_rep: 404 | KDE model: gaussian rot
2026-05-06 06:24:24,889 | INFO | Scenario: scenario_2___nu=8 | n_rep: 404 | KDE model: t-student rot df=3
2026-05-06 06:24:25,318 | INFO | Scenario: scenario_2___nu=8 | n_rep: 405 | KDE model: gaussian rot
2026-05-06 06:24:26,188 | INFO | Scenario: scenario_2___nu=8 | n_rep: 405 | KDE model: t-student rot df=3
2026-05-06 06:24:27,121 | INFO | Scenario: scenario_2___nu=8 | n_rep: 406 | KDE model: gaussian rot
2026-05-06 06:24:27,575 | INFO | Scenario: scenario_2___nu=8 | n_rep: 406 | KDE model: t-student rot df=3
2026-05-06 06:24:28,087 | INFO | Scenario: scenario_2___nu=8 | n_rep: 407 | KDE model: gaussian rot
2026-05-06 06:24:28,673 | INFO | Scenario: scenario_2___nu=8 | n_rep: 407 | KDE model: t-student rot df=3
2026-05-06 06:24:29,215 | INFO | Scenario: scenario_2___nu=8 | n_rep: 408 | KDE model: gaussian rot
2026-05-06 06:24:29,850 | INFO | Scenario: scenario_2___nu=8 | n_rep: 408 | KDE model: t-student rot df=3
2026-05-06 06:24:30,539 | INFO | Scenario: scenario_2___nu=8 | n_rep: 409 | KDE model: gaussian rot
2026-05-06 06:24:31,416 | INFO | Scenario: scenario_2___nu=8 | n_rep: 409 | KDE model: t-student rot df=3
2026-05-06 06:24:32,377 | INFO | Scenario: scenario_2___nu=8 | n_rep: 410 | KDE model: gaussian rot
2026-05-06 06:24:32,816 | INFO | Scenario: scenario_2___nu=8 | n_rep: 410 | KDE model: t-student rot df=3
2026-05-06 06:24:33,311 | INFO | Scenario: scenario_2___nu=8 | n_rep: 411 | KDE model: gaussian rot
2026-05-06 06:24:34,090 | INFO | Scenario: scenario_2___nu=8 | n_rep: 411 | KDE model: t-student rot df=3
2026-05-06 06:24:35,046 | INFO | Scenario: scenario_2___nu=8 | n_rep: 412 | KDE model: gaussian rot
2026-05-06 06:24:35,482 | INFO | Scenario: scenario_2___nu=8 | n_rep: 412 | KDE model: t-student rot df=3
2026-05-06 06:24:35,813 | INFO | Scenario: scenario_2___nu=8 | n_rep: 413 | KDE model: gaussian rot
2026-05-06 06:24:36,226 | INFO | Scenario: scenario_2___nu=8 | n_rep: 413 | KDE model: t-student rot df=3
2026-05-06 06:24:36,611 | INFO | Scenario: scenario_2___nu=8 | n_rep: 414 | KDE model: gaussian rot
2026-05-06 06:24:37,015 | INFO | Scenario: scenario_2___nu=8 | n_rep: 414 | KDE model: t-student rot df=3
2026-05-06 06:24:37,456 | INFO | Scenario: scenario_2___nu=8 | n_rep: 415 | KDE model: gaussian rot
2026-05-06 06:24:37,860 | INFO | Scenario: scenario_2___nu=8 | n_rep: 415 | KDE model: t-student rot df=3
2026-05-06 06:24:38,258 | INFO | Scenario: scenario_2___nu=8 | n_rep: 416 | KDE model: gaussian rot
2026-05-06 06:24:39,225 | INFO | Scenario: scenario_2___nu=8 | n_rep: 416 | KDE model: t-student rot df=3
2026-05-06 06:24:39,982 | INFO | Scenario: scenario_2___nu=8 | n_rep: 417 | KDE model: gaussian rot
2026-05-06 06:24:40,398 | INFO | Scenario: scenario_2___nu=8 | n_rep: 417 | KDE model: t-student rot df=3
2026-05-06 06:24:40,862 | INFO | Scenario: scenario_2___nu=8 | n_rep: 418 | KDE model: gaussian rot
2026-05-06 06:24:41,318 | INFO | Scenario: scenario_2___nu=8 | n_rep: 418 | KDE model: t-student rot df=3
2026-05-06 06:24:41,827 | INFO | Scenario: scenario_2___nu=8 | n_rep: 419 | KDE model: gaussian rot
2026-05-06 06:24:42,280 | INFO | Scenario: scenario_2___nu=8 | n_rep: 419 | KDE model: t-student rot df=3
2026-05-06 06:24:42,768 | INFO | Scenario: scenario_2___nu=8 | n_rep: 420 | KDE model: gaussian rot
2026-05-06 06:24:43,229 | INFO | Scenario: scenario_2___nu=8 | n_rep: 420 | KDE model: t-student rot df=3
2026-05-06 06:24:43,694 | INFO | Scenario: scenario_2___nu=8 | n_rep: 421 | KDE model: gaussian rot
2026-05-06 06:24:44,412 | INFO | Scenario: scenario_2___nu=8 | n_rep: 421 | KDE model: t-student rot df=3
2026-05-06 06:24:45,053 | INFO | Scenario: scenario_2___nu=8 | n_rep: 422 | KDE model: gaussian rot
2026-05-06 06:24:45,556 | INFO | Scenario: scenario_2___nu=8 | n_rep: 422 | KDE model: t-student rot df=3
2026-05-06 06:24:46,075 | INFO | Scenario: scenario_2___nu=8 | n_rep: 423 | KDE model: gaussian rot
2026-05-06 06:24:46,771 | INFO | Scenario: scenario_2___nu=8 | n_rep: 423 | KDE model: t-student rot df=3
2026-05-06 06:24:47,820 | INFO | Scenario: scenario_2___nu=8 | n_rep: 424 | KDE model: gaussian rot
2026-05-06 06:24:48,569 | INFO | Scenario: scenario_2___nu=8 | n_rep: 424 | KDE model: t-student rot df=3
2026-05-06 06:24:49,341 | INFO | Scenario: scenario_2___nu=8 | n_rep: 425 | KDE model: gaussian rot
2026-05-06 06:24:49,795 | INFO | Scenario: scenario_2___nu=8 | n_rep: 425 | KDE model: t-student rot df=3
2026-05-06 06:24:50,310 | INFO | Scenario: scenario_2___nu=8 | n_rep: 426 | KDE model: gaussian rot
2026-05-06 06:24:50,782 | INFO | Scenario: scenario_2___nu=8 | n_rep: 426 | KDE model: t-student rot df=3
2026-05-06 06:24:51,216 | INFO | Scenario: scenario_2___nu=8 | n_rep: 427 | KDE model: gaussian rot
2026-05-06 06:24:51,746 | INFO | Scenario: scenario_2___nu=8 | n_rep: 427 | KDE model: t-student rot df=3
2026-05-06 06:24:52,306 | INFO | Scenario: scenario_2___nu=8 | n_rep: 428 | KDE model: gaussian rot
2026-05-06 06:24:52,877 | INFO | Scenario: scenario_2___nu=8 | n_rep: 428 | KDE model: t-student rot df=3
2026-05-06 06:24:53,381 | INFO | Scenario: scenario_2___nu=8 | n_rep: 429 | KDE model: gaussian rot
2026-05-06 06:24:53,827 | INFO | Scenario: scenario_2___nu=8 | n_rep: 429 | KDE model: t-student rot df=3
2026-05-06 06:24:54,265 | INFO | Scenario: scenario_2___nu=8 | n_rep: 430 | KDE model: gaussian rot
2026-05-06 06:24:54,959 | INFO | Scenario: scenario_2___nu=8 | n_rep: 430 | KDE model: t-student rot df=3
2026-05-06 06:24:55,605 | INFO | Scenario: scenario_2___nu=8 | n_rep: 431 | KDE model: gaussian rot
2026-05-06 06:24:55,976 | INFO | Scenario: scenario_2___nu=8 | n_rep: 431 | KDE model: t-student rot df=3
2026-05-06 06:24:56,360 | INFO | Scenario: scenario_2___nu=8 | n_rep: 432 | KDE model: gaussian rot
2026-05-06 06:24:56,726 | INFO | Scenario: scenario_2___nu=8 | n_rep: 432 | KDE model: t-student rot df=3
2026-05-06 06:24:57,095 | INFO | Scenario: scenario_2___nu=8 | n_rep: 433 | KDE model: gaussian rot
2026-05-06 06:24:57,543 | INFO | Scenario: scenario_2___nu=8 | n_rep: 433 | KDE model: t-student rot df=3
2026-05-06 06:24:58,020 | INFO | Scenario: scenario_2___nu=8 | n_rep: 434 | KDE model: gaussian rot
2026-05-06 06:24:58,495 | INFO | Scenario: scenario_2___nu=8 | n_rep: 434 | KDE model: t-student rot df=3
2026-05-06 06:24:58,959 | INFO | Scenario: scenario_2___nu=8 | n_rep: 435 | KDE model: gaussian rot
2026-05-06 06:24:59,390 | INFO | Scenario: scenario_2___nu=8 | n_rep: 435 | KDE model: t-student rot df=3
2026-05-06 06:24:59,823 | INFO | Scenario: scenario_2___nu=8 | n_rep: 436 | KDE model: gaussian rot
2026-05-06 06:25:00,294 | INFO | Scenario: scenario_2___nu=8 | n_rep: 436 | KDE model: t-student rot df=3
2026-05-06 06:25:00,723 | INFO | Scenario: scenario_2___nu=8 | n_rep: 437 | KDE model: gaussian rot
2026-05-06 06:25:01,127 | INFO | Scenario: scenario_2___nu=8 | n_rep: 437 | KDE model: t-student rot df=3
2026-05-06 06:25:01,640 | INFO | Scenario: scenario_2___nu=8 | n_rep: 438 | KDE model: gaussian rot
2026-05-06 06:25:02,084 | INFO | Scenario: scenario_2___nu=8 | n_rep: 438 | KDE model: t-student rot df=3
2026-05-06 06:25:02,493 | INFO | Scenario: scenario_2___nu=8 | n_rep: 439 | KDE model: gaussian rot
2026-05-06 06:25:02,936 | INFO | Scenario: scenario_2___nu=8 | n_rep: 439 | KDE model: t-student rot df=3
2026-05-06 06:25:03,437 | INFO | Scenario: scenario_2___nu=8 | n_rep: 440 | KDE model: gaussian rot
2026-05-06 06:25:03,946 | INFO | Scenario: scenario_2___nu=8 | n_rep: 440 | KDE model: t-student rot df=3
2026-05-06 06:25:04,418 | INFO | Scenario: scenario_2___nu=8 | n_rep: 441 | KDE model: gaussian rot
2026-05-06 06:25:04,846 | INFO | Scenario: scenario_2___nu=8 | n_rep: 441 | KDE model: t-student rot df=3
2026-05-06 06:25:05,314 | INFO | Scenario: scenario_2___nu=8 | n_rep: 442 | KDE model: gaussian rot
2026-05-06 06:25:06,055 | INFO | Scenario: scenario_2___nu=8 | n_rep: 442 | KDE model: t-student rot df=3
2026-05-06 06:25:06,753 | INFO | Scenario: scenario_2___nu=8 | n_rep: 443 | KDE model: gaussian rot
2026-05-06 06:25:07,187 | INFO | Scenario: scenario_2___nu=8 | n_rep: 443 | KDE model: t-student rot df=3
2026-05-06 06:25:07,594 | INFO | Scenario: scenario_2___nu=8 | n_rep: 444 | KDE model: gaussian rot
2026-05-06 06:25:08,005 | INFO | Scenario: scenario_2___nu=8 | n_rep: 444 | KDE model: t-student rot df=3
2026-05-06 06:25:08,351 | INFO | Scenario: scenario_2___nu=8 | n_rep: 445 | KDE model: gaussian rot
2026-05-06 06:25:08,740 | INFO | Scenario: scenario_2___nu=8 | n_rep: 445 | KDE model: t-student rot df=3
2026-05-06 06:25:09,175 | INFO | Scenario: scenario_2___nu=8 | n_rep: 446 | KDE model: gaussian rot
2026-05-06 06:25:09,704 | INFO | Scenario: scenario_2___nu=8 | n_rep: 446 | KDE model: t-student rot df=3
2026-05-06 06:25:10,197 | INFO | Scenario: scenario_2___nu=8 | n_rep: 447 | KDE model: gaussian rot
2026-05-06 06:25:10,875 | INFO | Scenario: scenario_2___nu=8 | n_rep: 447 | KDE model: t-student rot df=3
2026-05-06 06:25:11,235 | INFO | Scenario: scenario_2___nu=8 | n_rep: 448 | KDE model: gaussian rot
2026-05-06 06:25:12,680 | INFO | Scenario: scenario_2___nu=8 | n_rep: 448 | KDE model: t-student rot df=3
2026-05-06 06:25:13,364 | INFO | Scenario: scenario_2___nu=8 | n_rep: 449 | KDE model: gaussian rot
2026-05-06 06:25:13,796 | INFO | Scenario: scenario_2___nu=8 | n_rep: 449 | KDE model: t-student rot df=3
2026-05-06 06:25:14,247 | INFO | Scenario: scenario_2___nu=8 | n_rep: 450 | KDE model: gaussian rot
2026-05-06 06:25:14,694 | INFO | Scenario: scenario_2___nu=8 | n_rep: 450 | KDE model: t-student rot df=3
2026-05-06 06:25:15,139 | INFO | Scenario: scenario_2___nu=8 | n_rep: 451 | KDE model: gaussian rot
2026-05-06 06:25:15,501 | INFO | Scenario: scenario_2___nu=8 | n_rep: 451 | KDE model: t-student rot df=3
2026-05-06 06:25:16,161 | INFO | Scenario: scenario_2___nu=8 | n_rep: 452 | KDE model: gaussian rot
2026-05-06 06:25:16,847 | INFO | Scenario: scenario_2___nu=8 | n_rep: 452 | KDE model: t-student rot df=3
2026-05-06 06:25:17,471 | INFO | Scenario: scenario_2___nu=8 | n_rep: 453 | KDE model: gaussian rot
2026-05-06 06:25:17,907 | INFO | Scenario: scenario_2___nu=8 | n_rep: 453 | KDE model: t-student rot df=3
2026-05-06 06:25:18,344 | INFO | Scenario: scenario_2___nu=8 | n_rep: 454 | KDE model: gaussian rot
2026-05-06 06:25:18,807 | INFO | Scenario: scenario_2___nu=8 | n_rep: 454 | KDE model: t-student rot df=3
2026-05-06 06:25:19,247 | INFO | Scenario: scenario_2___nu=8 | n_rep: 455 | KDE model: gaussian rot
2026-05-06 06:25:19,970 | INFO | Scenario: scenario_2___nu=8 | n_rep: 455 | KDE model: t-student rot df=3
2026-05-06 06:25:20,344 | INFO | Scenario: scenario_2___nu=8 | n_rep: 456 | KDE model: gaussian rot
2026-05-06 06:25:21,024 | INFO | Scenario: scenario_2___nu=8 | n_rep: 456 | KDE model: t-student rot df=3
2026-05-06 06:25:21,602 | INFO | Scenario: scenario_2___nu=8 | n_rep: 457 | KDE model: gaussian rot
2026-05-06 06:25:22,028 | INFO | Scenario: scenario_2___nu=8 | n_rep: 457 | KDE model: t-student rot df=3
2026-05-06 06:25:22,551 | INFO | Scenario: scenario_2___nu=8 | n_rep: 458 | KDE model: gaussian rot
2026-05-06 06:25:23,012 | INFO | Scenario: scenario_2___nu=8 | n_rep: 458 | KDE model: t-student rot df=3
2026-05-06 06:25:23,530 | INFO | Scenario: scenario_2___nu=8 | n_rep: 459 | KDE model: gaussian rot
2026-05-06 06:25:24,330 | INFO | Scenario: scenario_2___nu=8 | n_rep: 459 | KDE model: t-student rot df=3
2026-05-06 06:25:25,085 | INFO | Scenario: scenario_2___nu=8 | n_rep: 460 | KDE model: gaussian rot
2026-05-06 06:25:25,862 | INFO | Scenario: scenario_2___nu=8 | n_rep: 460 | KDE model: t-student rot df=3
2026-05-06 06:25:26,580 | INFO | Scenario: scenario_2___nu=8 | n_rep: 461 | KDE model: gaussian rot
2026-05-06 06:25:27,098 | INFO | Scenario: scenario_2___nu=8 | n_rep: 461 | KDE model: t-student rot df=3
2026-05-06 06:25:27,999 | INFO | Scenario: scenario_2___nu=8 | n_rep: 462 | KDE model: gaussian rot
2026-05-06 06:25:28,406 | INFO | Scenario: scenario_2___nu=8 | n_rep: 462 | KDE model: t-student rot df=3
2026-05-06 06:25:28,798 | INFO | Scenario: scenario_2___nu=8 | n_rep: 463 | KDE model: gaussian rot
2026-05-06 06:25:29,189 | INFO | Scenario: scenario_2___nu=8 | n_rep: 463 | KDE model: t-student rot df=3
2026-05-06 06:25:29,572 | INFO | Scenario: scenario_2___nu=8 | n_rep: 464 | KDE model: gaussian rot
2026-05-06 06:25:30,102 | INFO | Scenario: scenario_2___nu=8 | n_rep: 464 | KDE model: t-student rot df=3
2026-05-06 06:25:30,689 | INFO | Scenario: scenario_2___nu=8 | n_rep: 465 | KDE model: gaussian rot
2026-05-06 06:25:31,108 | INFO | Scenario: scenario_2___nu=8 | n_rep: 465 | KDE model: t-student rot df=3
2026-05-06 06:25:31,535 | INFO | Scenario: scenario_2___nu=8 | n_rep: 466 | KDE model: gaussian rot
2026-05-06 06:25:31,980 | INFO | Scenario: scenario_2___nu=8 | n_rep: 466 | KDE model: t-student rot df=3
2026-05-06 06:25:32,398 | INFO | Scenario: scenario_2___nu=8 | n_rep: 467 | KDE model: gaussian rot
2026-05-06 06:25:32,926 | INFO | Scenario: scenario_2___nu=8 | n_rep: 467 | KDE model: t-student rot df=3
2026-05-06 06:25:33,390 | INFO | Scenario: scenario_2___nu=8 | n_rep: 468 | KDE model: gaussian rot
2026-05-06 06:25:33,984 | INFO | Scenario: scenario_2___nu=8 | n_rep: 468 | KDE model: t-student rot df=3
2026-05-06 06:25:34,607 | INFO | Scenario: scenario_2___nu=8 | n_rep: 469 | KDE model: gaussian rot
2026-05-06 06:25:35,303 | INFO | Scenario: scenario_2___nu=8 | n_rep: 469 | KDE model: t-student rot df=3
2026-05-06 06:25:35,670 | INFO | Scenario: scenario_2___nu=8 | n_rep: 470 | KDE model: gaussian rot
2026-05-06 06:25:36,556 | INFO | Scenario: scenario_2___nu=8 | n_rep: 470 | KDE model: t-student rot df=3
2026-05-06 06:25:37,316 | INFO | Scenario: scenario_2___nu=8 | n_rep: 471 | KDE model: gaussian rot
2026-05-06 06:25:37,946 | INFO | Scenario: scenario_2___nu=8 | n_rep: 471 | KDE model: t-student rot df=3
2026-05-06 06:25:38,550 | INFO | Scenario: scenario_2___nu=8 | n_rep: 472 | KDE model: gaussian rot
2026-05-06 06:25:38,968 | INFO | Scenario: scenario_2___nu=8 | n_rep: 472 | KDE model: t-student rot df=3
2026-05-06 06:25:39,426 | INFO | Scenario: scenario_2___nu=8 | n_rep: 473 | KDE model: gaussian rot
2026-05-06 06:25:39,810 | INFO | Scenario: scenario_2___nu=8 | n_rep: 473 | KDE model: t-student rot df=3
2026-05-06 06:25:40,186 | INFO | Scenario: scenario_2___nu=8 | n_rep: 474 | KDE model: gaussian rot
2026-05-06 06:25:41,263 | INFO | Scenario: scenario_2___nu=8 | n_rep: 474 | KDE model: t-student rot df=3
2026-05-06 06:25:41,998 | INFO | Scenario: scenario_2___nu=8 | n_rep: 475 | KDE model: gaussian rot
2026-05-06 06:25:42,438 | INFO | Scenario: scenario_2___nu=8 | n_rep: 475 | KDE model: t-student rot df=3
2026-05-06 06:25:42,848 | INFO | Scenario: scenario_2___nu=8 | n_rep: 476 | KDE model: gaussian rot
2026-05-06 06:25:43,585 | INFO | Scenario: scenario_2___nu=8 | n_rep: 476 | KDE model: t-student rot df=3
2026-05-06 06:25:44,207 | INFO | Scenario: scenario_2___nu=8 | n_rep: 477 | KDE model: gaussian rot
2026-05-06 06:25:44,594 | INFO | Scenario: scenario_2___nu=8 | n_rep: 477 | KDE model: t-student rot df=3
2026-05-06 06:25:44,977 | INFO | Scenario: scenario_2___nu=8 | n_rep: 478 | KDE model: gaussian rot
2026-05-06 06:25:45,430 | INFO | Scenario: scenario_2___nu=8 | n_rep: 478 | KDE model: t-student rot df=3
2026-05-06 06:25:45,854 | INFO | Scenario: scenario_2___nu=8 | n_rep: 479 | KDE model: gaussian rot
2026-05-06 06:25:46,258 | INFO | Scenario: scenario_2___nu=8 | n_rep: 479 | KDE model: t-student rot df=3
2026-05-06 06:25:46,657 | INFO | Scenario: scenario_2___nu=8 | n_rep: 480 | KDE model: gaussian rot
2026-05-06 06:25:47,108 | INFO | Scenario: scenario_2___nu=8 | n_rep: 480 | KDE model: t-student rot df=3
2026-05-06 06:25:47,512 | INFO | Scenario: scenario_2___nu=8 | n_rep: 481 | KDE model: gaussian rot
2026-05-06 06:25:47,948 | INFO | Scenario: scenario_2___nu=8 | n_rep: 481 | KDE model: t-student rot df=3
2026-05-06 06:25:48,408 | INFO | Scenario: scenario_2___nu=8 | n_rep: 482 | KDE model: gaussian rot
2026-05-06 06:25:48,839 | INFO | Scenario: scenario_2___nu=8 | n_rep: 482 | KDE model: t-student rot df=3
2026-05-06 06:25:49,173 | INFO | Scenario: scenario_2___nu=8 | n_rep: 483 | KDE model: gaussian rot
2026-05-06 06:25:49,748 | INFO | Scenario: scenario_2___nu=8 | n_rep: 483 | KDE model: t-student rot df=3
2026-05-06 06:25:50,543 | INFO | Scenario: scenario_2___nu=8 | n_rep: 484 | KDE model: gaussian rot
2026-05-06 06:25:50,927 | INFO | Scenario: scenario_2___nu=8 | n_rep: 484 | KDE model: t-student rot df=3
2026-05-06 06:25:51,333 | INFO | Scenario: scenario_2___nu=8 | n_rep: 485 | KDE model: gaussian rot
2026-05-06 06:25:52,100 | INFO | Scenario: scenario_2___nu=8 | n_rep: 485 | KDE model: t-student rot df=3
2026-05-06 06:25:52,687 | INFO | Scenario: scenario_2___nu=8 | n_rep: 486 | KDE model: gaussian rot
2026-05-06 06:25:53,084 | INFO | Scenario: scenario_2___nu=8 | n_rep: 486 | KDE model: t-student rot df=3
2026-05-06 06:25:53,443 | INFO | Scenario: scenario_2___nu=8 | n_rep: 487 | KDE model: gaussian rot
2026-05-06 06:25:53,868 | INFO | Scenario: scenario_2___nu=8 | n_rep: 487 | KDE model: t-student rot df=3
2026-05-06 06:25:54,254 | INFO | Scenario: scenario_2___nu=8 | n_rep: 488 | KDE model: gaussian rot
2026-05-06 06:25:54,947 | INFO | Scenario: scenario_2___nu=8 | n_rep: 488 | KDE model: t-student rot df=3
2026-05-06 06:25:55,773 | INFO | Scenario: scenario_2___nu=8 | n_rep: 489 | KDE model: gaussian rot
2026-05-06 06:25:56,463 | INFO | Scenario: scenario_2___nu=8 | n_rep: 489 | KDE model: t-student rot df=3
2026-05-06 06:25:57,084 | INFO | Scenario: scenario_2___nu=8 | n_rep: 490 | KDE model: gaussian rot
2026-05-06 06:25:57,728 | INFO | Scenario: scenario_2___nu=8 | n_rep: 490 | KDE model: t-student rot df=3
2026-05-06 06:25:58,201 | INFO | Scenario: scenario_2___nu=8 | n_rep: 491 | KDE model: gaussian rot
2026-05-06 06:25:58,699 | INFO | Scenario: scenario_2___nu=8 | n_rep: 491 | KDE model: t-student rot df=3
2026-05-06 06:25:59,148 | INFO | Scenario: scenario_2___nu=8 | n_rep: 492 | KDE model: gaussian rot
2026-05-06 06:25:59,559 | INFO | Scenario: scenario_2___nu=8 | n_rep: 492 | KDE model: t-student rot df=3
2026-05-06 06:25:59,954 | INFO | Scenario: scenario_2___nu=8 | n_rep: 493 | KDE model: gaussian rot
2026-05-06 06:26:00,558 | INFO | Scenario: scenario_2___nu=8 | n_rep: 493 | KDE model: t-student rot df=3
2026-05-06 06:26:01,189 | INFO | Scenario: scenario_2___nu=8 | n_rep: 494 | KDE model: gaussian rot
2026-05-06 06:26:01,908 | INFO | Scenario: scenario_2___nu=8 | n_rep: 494 | KDE model: t-student rot df=3
2026-05-06 06:26:02,736 | INFO | Scenario: scenario_2___nu=8 | n_rep: 495 | KDE model: gaussian rot
2026-05-06 06:26:03,112 | INFO | Scenario: scenario_2___nu=8 | n_rep: 495 | KDE model: t-student rot df=3
2026-05-06 06:26:03,497 | INFO | Scenario: scenario_2___nu=8 | n_rep: 496 | KDE model: gaussian rot
2026-05-06 06:26:04,037 | INFO | Scenario: scenario_2___nu=8 | n_rep: 496 | KDE model: t-student rot df=3
2026-05-06 06:26:04,689 | INFO | Scenario: scenario_2___nu=8 | n_rep: 497 | KDE model: gaussian rot
2026-05-06 06:26:05,541 | INFO | Scenario: scenario_2___nu=8 | n_rep: 497 | KDE model: t-student rot df=3
2026-05-06 06:26:06,295 | INFO | Scenario: scenario_2___nu=8 | n_rep: 498 | KDE model: gaussian rot
2026-05-06 06:26:06,684 | INFO | Scenario: scenario_2___nu=8 | n_rep: 498 | KDE model: t-student rot df=3
2026-05-06 06:26:07,059 | INFO | Scenario: scenario_2___nu=8 | n_rep: 499 | KDE model: gaussian rot
2026-05-06 06:26:07,883 | INFO | Scenario: scenario_2___nu=8 | n_rep: 499 | KDE model: t-student rot df=3
2026-05-06 06:26:08,952 | INFO | Scenario: scenario_3___nu=3 | n_rep: 0 | KDE model: gaussian rot
2026-05-06 06:26:09,286 | INFO | Scenario: scenario_3___nu=3 | n_rep: 0 | KDE model: t-student rot df=3
2026-05-06 06:26:09,627 | INFO | Scenario: scenario_3___nu=3 | n_rep: 1 | KDE model: gaussian rot
2026-05-06 06:26:10,422 | INFO | Scenario: scenario_3___nu=3 | n_rep: 1 | KDE model: t-student rot df=3
2026-05-06 06:26:11,306 | INFO | Scenario: scenario_3___nu=3 | n_rep: 2 | KDE model: gaussian rot
2026-05-06 06:26:11,903 | INFO | Scenario: scenario_3___nu=3 | n_rep: 2 | KDE model: t-student rot df=3
2026-05-06 06:26:12,469 | INFO | Scenario: scenario_3___nu=3 | n_rep: 3 | KDE model: gaussian rot
2026-05-06 06:26:13,182 | INFO | Scenario: scenario_3___nu=3 | n_rep: 3 | KDE model: t-student rot df=3
2026-05-06 06:26:13,824 | INFO | Scenario: scenario_3___nu=3 | n_rep: 4 | KDE model: gaussian rot
2026-05-06 06:26:14,277 | INFO | Scenario: scenario_3___nu=3 | n_rep: 4 | KDE model: t-student rot df=3
2026-05-06 06:26:14,722 | INFO | Scenario: scenario_3___nu=3 | n_rep: 5 | KDE model: gaussian rot
2026-05-06 06:26:15,360 | INFO | Scenario: scenario_3___nu=3 | n_rep: 5 | KDE model: t-student rot df=3
2026-05-06 06:26:15,955 | INFO | Scenario: scenario_3___nu=3 | n_rep: 6 | KDE model: gaussian rot
2026-05-06 06:26:16,568 | INFO | Scenario: scenario_3___nu=3 | n_rep: 6 | KDE model: t-student rot df=3
2026-05-06 06:26:17,312 | INFO | Scenario: scenario_3___nu=3 | n_rep: 7 | KDE model: gaussian rot
2026-05-06 06:26:17,672 | INFO | Scenario: scenario_3___nu=3 | n_rep: 7 | KDE model: t-student rot df=3
2026-05-06 06:26:18,021 | INFO | Scenario: scenario_3___nu=3 | n_rep: 8 | KDE model: gaussian rot
2026-05-06 06:26:18,321 | INFO | Scenario: scenario_3___nu=3 | n_rep: 8 | KDE model: t-student rot df=3
2026-05-06 06:26:18,645 | INFO | Scenario: scenario_3___nu=3 | n_rep: 9 | KDE model: gaussian rot
2026-05-06 06:26:19,158 | INFO | Scenario: scenario_3___nu=3 | n_rep: 9 | KDE model: t-student rot df=3
2026-05-06 06:26:19,563 | INFO | Scenario: scenario_3___nu=3 | n_rep: 10 | KDE model: gaussian rot
2026-05-06 06:26:19,971 | INFO | Scenario: scenario_3___nu=3 | n_rep: 10 | KDE model: t-student rot df=3
2026-05-06 06:26:20,442 | INFO | Scenario: scenario_3___nu=3 | n_rep: 11 | KDE model: gaussian rot
2026-05-06 06:26:20,886 | INFO | Scenario: scenario_3___nu=3 | n_rep: 11 | KDE model: t-student rot df=3
2026-05-06 06:26:21,509 | INFO | Scenario: scenario_3___nu=3 | n_rep: 12 | KDE model: gaussian rot
2026-05-06 06:26:21,822 | INFO | Scenario: scenario_3___nu=3 | n_rep: 12 | KDE model: t-student rot df=3
2026-05-06 06:26:22,111 | INFO | Scenario: scenario_3___nu=3 | n_rep: 13 | KDE model: gaussian rot
2026-05-06 06:26:22,543 | INFO | Scenario: scenario_3___nu=3 | n_rep: 13 | KDE model: t-student rot df=3
2026-05-06 06:26:23,037 | INFO | Scenario: scenario_3___nu=3 | n_rep: 14 | KDE model: gaussian rot
2026-05-06 06:26:23,301 | INFO | Scenario: scenario_3___nu=3 | n_rep: 14 | KDE model: t-student rot df=3
2026-05-06 06:26:23,667 | INFO | Scenario: scenario_3___nu=3 | n_rep: 15 | KDE model: gaussian rot
2026-05-06 06:26:24,088 | INFO | Scenario: scenario_3___nu=3 | n_rep: 15 | KDE model: t-student rot df=3
2026-05-06 06:26:24,492 | INFO | Scenario: scenario_3___nu=3 | n_rep: 16 | KDE model: gaussian rot
2026-05-06 06:26:24,869 | INFO | Scenario: scenario_3___nu=3 | n_rep: 16 | KDE model: t-student rot df=3
2026-05-06 06:26:25,233 | INFO | Scenario: scenario_3___nu=3 | n_rep: 17 | KDE model: gaussian rot
2026-05-06 06:26:25,945 | INFO | Scenario: scenario_3___nu=3 | n_rep: 17 | KDE model: t-student rot df=3
2026-05-06 06:26:26,699 | INFO | Scenario: scenario_3___nu=3 | n_rep: 18 | KDE model: gaussian rot
2026-05-06 06:26:27,703 | INFO | Scenario: scenario_3___nu=3 | n_rep: 18 | KDE model: t-student rot df=3
2026-05-06 06:26:28,720 | INFO | Scenario: scenario_3___nu=3 | n_rep: 19 | KDE model: gaussian rot
2026-05-06 06:26:29,424 | INFO | Scenario: scenario_3___nu=3 | n_rep: 19 | KDE model: t-student rot df=3
2026-05-06 06:26:30,158 | INFO | Scenario: scenario_3___nu=3 | n_rep: 20 | KDE model: gaussian rot
2026-05-06 06:26:30,560 | INFO | Scenario: scenario_3___nu=3 | n_rep: 20 | KDE model: t-student rot df=3
2026-05-06 06:26:30,987 | INFO | Scenario: scenario_3___nu=3 | n_rep: 21 | KDE model: gaussian rot
2026-05-06 06:26:31,523 | INFO | Scenario: scenario_3___nu=3 | n_rep: 21 | KDE model: t-student rot df=3
2026-05-06 06:26:31,900 | INFO | Scenario: scenario_3___nu=3 | n_rep: 22 | KDE model: gaussian rot
2026-05-06 06:26:32,320 | INFO | Scenario: scenario_3___nu=3 | n_rep: 22 | KDE model: t-student rot df=3
2026-05-06 06:26:32,697 | INFO | Scenario: scenario_3___nu=3 | n_rep: 23 | KDE model: gaussian rot
2026-05-06 06:26:33,045 | INFO | Scenario: scenario_3___nu=3 | n_rep: 23 | KDE model: t-student rot df=3
2026-05-06 06:26:33,388 | INFO | Scenario: scenario_3___nu=3 | n_rep: 24 | KDE model: gaussian rot
2026-05-06 06:26:33,612 | INFO | Scenario: scenario_3___nu=3 | n_rep: 24 | KDE model: t-student rot df=3
2026-05-06 06:26:33,801 | INFO | Scenario: scenario_3___nu=3 | n_rep: 25 | KDE model: gaussian rot
2026-05-06 06:26:34,290 | INFO | Scenario: scenario_3___nu=3 | n_rep: 25 | KDE model: t-student rot df=3
2026-05-06 06:26:34,740 | INFO | Scenario: scenario_3___nu=3 | n_rep: 26 | KDE model: gaussian rot
2026-05-06 06:26:35,150 | INFO | Scenario: scenario_3___nu=3 | n_rep: 26 | KDE model: t-student rot df=3
2026-05-06 06:26:35,565 | INFO | Scenario: scenario_3___nu=3 | n_rep: 27 | KDE model: gaussian rot
2026-05-06 06:26:36,022 | INFO | Scenario: scenario_3___nu=3 | n_rep: 27 | KDE model: t-student rot df=3
2026-05-06 06:26:36,519 | INFO | Scenario: scenario_3___nu=3 | n_rep: 28 | KDE model: gaussian rot
2026-05-06 06:26:37,096 | INFO | Scenario: scenario_3___nu=3 | n_rep: 28 | KDE model: t-student rot df=3
2026-05-06 06:26:37,717 | INFO | Scenario: scenario_3___nu=3 | n_rep: 29 | KDE model: gaussian rot
2026-05-06 06:26:38,161 | INFO | Scenario: scenario_3___nu=3 | n_rep: 29 | KDE model: t-student rot df=3
2026-05-06 06:26:38,822 | INFO | Scenario: scenario_3___nu=3 | n_rep: 30 | KDE model: gaussian rot
2026-05-06 06:26:39,279 | INFO | Scenario: scenario_3___nu=3 | n_rep: 30 | KDE model: t-student rot df=3
2026-05-06 06:26:39,933 | INFO | Scenario: scenario_3___nu=3 | n_rep: 31 | KDE model: gaussian rot
2026-05-06 06:26:40,515 | INFO | Scenario: scenario_3___nu=3 | n_rep: 31 | KDE model: t-student rot df=3
2026-05-06 06:26:41,197 | INFO | Scenario: scenario_3___nu=3 | n_rep: 32 | KDE model: gaussian rot
2026-05-06 06:26:41,422 | INFO | Scenario: scenario_3___nu=3 | n_rep: 32 | KDE model: t-student rot df=3
2026-05-06 06:26:41,549 | INFO | Scenario: scenario_3___nu=3 | n_rep: 33 | KDE model: gaussian rot
2026-05-06 06:26:42,048 | INFO | Scenario: scenario_3___nu=3 | n_rep: 33 | KDE model: t-student rot df=3
2026-05-06 06:26:42,588 | INFO | Scenario: scenario_3___nu=3 | n_rep: 34 | KDE model: gaussian rot
2026-05-06 06:26:42,994 | INFO | Scenario: scenario_3___nu=3 | n_rep: 34 | KDE model: t-student rot df=3
2026-05-06 06:26:43,443 | INFO | Scenario: scenario_3___nu=3 | n_rep: 35 | KDE model: gaussian rot
2026-05-06 06:26:43,978 | INFO | Scenario: scenario_3___nu=3 | n_rep: 35 | KDE model: t-student rot df=3
2026-05-06 06:26:44,717 | INFO | Scenario: scenario_3___nu=3 | n_rep: 36 | KDE model: gaussian rot
2026-05-06 06:26:45,181 | INFO | Scenario: scenario_3___nu=3 | n_rep: 36 | KDE model: t-student rot df=3
2026-05-06 06:26:45,642 | INFO | Scenario: scenario_3___nu=3 | n_rep: 37 | KDE model: gaussian rot
2026-05-06 06:26:45,957 | INFO | Scenario: scenario_3___nu=3 | n_rep: 37 | KDE model: t-student rot df=3
2026-05-06 06:26:46,337 | INFO | Scenario: scenario_3___nu=3 | n_rep: 38 | KDE model: gaussian rot
2026-05-06 06:26:46,771 | INFO | Scenario: scenario_3___nu=3 | n_rep: 38 | KDE model: t-student rot df=3
2026-05-06 06:26:47,176 | INFO | Scenario: scenario_3___nu=3 | n_rep: 39 | KDE model: gaussian rot
2026-05-06 06:26:47,664 | INFO | Scenario: scenario_3___nu=3 | n_rep: 39 | KDE model: t-student rot df=3
2026-05-06 06:26:48,133 | INFO | Scenario: scenario_3___nu=3 | n_rep: 40 | KDE model: gaussian rot
2026-05-06 06:26:48,602 | INFO | Scenario: scenario_3___nu=3 | n_rep: 40 | KDE model: t-student rot df=3
2026-05-06 06:26:49,063 | INFO | Scenario: scenario_3___nu=3 | n_rep: 41 | KDE model: gaussian rot
2026-05-06 06:26:49,530 | INFO | Scenario: scenario_3___nu=3 | n_rep: 41 | KDE model: t-student rot df=3
2026-05-06 06:26:49,948 | INFO | Scenario: scenario_3___nu=3 | n_rep: 42 | KDE model: gaussian rot
2026-05-06 06:26:50,401 | INFO | Scenario: scenario_3___nu=3 | n_rep: 42 | KDE model: t-student rot df=3
2026-05-06 06:26:50,882 | INFO | Scenario: scenario_3___nu=3 | n_rep: 43 | KDE model: gaussian rot
2026-05-06 06:26:51,369 | INFO | Scenario: scenario_3___nu=3 | n_rep: 43 | KDE model: t-student rot df=3
2026-05-06 06:26:51,779 | INFO | Scenario: scenario_3___nu=3 | n_rep: 44 | KDE model: gaussian rot
2026-05-06 06:26:52,159 | INFO | Scenario: scenario_3___nu=3 | n_rep: 44 | KDE model: t-student rot df=3
2026-05-06 06:26:52,568 | INFO | Scenario: scenario_3___nu=3 | n_rep: 45 | KDE model: gaussian rot
2026-05-06 06:26:53,189 | INFO | Scenario: scenario_3___nu=3 | n_rep: 45 | KDE model: t-student rot df=3
2026-05-06 06:26:53,783 | INFO | Scenario: scenario_3___nu=3 | n_rep: 46 | KDE model: gaussian rot
2026-05-06 06:26:54,190 | INFO | Scenario: scenario_3___nu=3 | n_rep: 46 | KDE model: t-student rot df=3
2026-05-06 06:26:54,606 | INFO | Scenario: scenario_3___nu=3 | n_rep: 47 | KDE model: gaussian rot
2026-05-06 06:26:54,976 | INFO | Scenario: scenario_3___nu=3 | n_rep: 47 | KDE model: t-student rot df=3
2026-05-06 06:26:55,586 | INFO | Scenario: scenario_3___nu=3 | n_rep: 48 | KDE model: gaussian rot
2026-05-06 06:26:56,259 | INFO | Scenario: scenario_3___nu=3 | n_rep: 48 | KDE model: t-student rot df=3
2026-05-06 06:26:56,913 | INFO | Scenario: scenario_3___nu=3 | n_rep: 49 | KDE model: gaussian rot
2026-05-06 06:26:57,269 | INFO | Scenario: scenario_3___nu=3 | n_rep: 49 | KDE model: t-student rot df=3
2026-05-06 06:26:57,623 | INFO | Scenario: scenario_3___nu=3 | n_rep: 50 | KDE model: gaussian rot
2026-05-06 06:26:58,353 | INFO | Scenario: scenario_3___nu=3 | n_rep: 50 | KDE model: t-student rot df=3
2026-05-06 06:26:59,124 | INFO | Scenario: scenario_3___nu=3 | n_rep: 51 | KDE model: gaussian rot
2026-05-06 06:26:59,860 | INFO | Scenario: scenario_3___nu=3 | n_rep: 51 | KDE model: t-student rot df=3
2026-05-06 06:27:00,545 | INFO | Scenario: scenario_3___nu=3 | n_rep: 52 | KDE model: gaussian rot
2026-05-06 06:27:00,901 | INFO | Scenario: scenario_3___nu=3 | n_rep: 52 | KDE model: t-student rot df=3
2026-05-06 06:27:01,240 | INFO | Scenario: scenario_3___nu=3 | n_rep: 53 | KDE model: gaussian rot
2026-05-06 06:27:01,489 | INFO | Scenario: scenario_3___nu=3 | n_rep: 53 | KDE model: t-student rot df=3
2026-05-06 06:27:01,717 | INFO | Scenario: scenario_3___nu=3 | n_rep: 54 | KDE model: gaussian rot
2026-05-06 06:27:02,153 | INFO | Scenario: scenario_3___nu=3 | n_rep: 54 | KDE model: t-student rot df=3
2026-05-06 06:27:02,495 | INFO | Scenario: scenario_3___nu=3 | n_rep: 55 | KDE model: gaussian rot
2026-05-06 06:27:03,215 | INFO | Scenario: scenario_3___nu=3 | n_rep: 55 | KDE model: t-student rot df=3
2026-05-06 06:27:03,822 | INFO | Scenario: scenario_3___nu=3 | n_rep: 56 | KDE model: gaussian rot
2026-05-06 06:27:04,222 | INFO | Scenario: scenario_3___nu=3 | n_rep: 56 | KDE model: t-student rot df=3
2026-05-06 06:27:04,616 | INFO | Scenario: scenario_3___nu=3 | n_rep: 57 | KDE model: gaussian rot
2026-05-06 06:27:05,565 | INFO | Scenario: scenario_3___nu=3 | n_rep: 57 | KDE model: t-student rot df=3
2026-05-06 06:27:06,467 | INFO | Scenario: scenario_3___nu=3 | n_rep: 58 | KDE model: gaussian rot
2026-05-06 06:27:06,962 | INFO | Scenario: scenario_3___nu=3 | n_rep: 58 | KDE model: t-student rot df=3
2026-05-06 06:27:07,473 | INFO | Scenario: scenario_3___nu=3 | n_rep: 59 | KDE model: gaussian rot
2026-05-06 06:27:07,727 | INFO | Scenario: scenario_3___nu=3 | n_rep: 59 | KDE model: t-student rot df=3
2026-05-06 06:27:07,968 | INFO | Scenario: scenario_3___nu=3 | n_rep: 60 | KDE model: gaussian rot
2026-05-06 06:27:08,361 | INFO | Scenario: scenario_3___nu=3 | n_rep: 60 | KDE model: t-student rot df=3
2026-05-06 06:27:08,696 | INFO | Scenario: scenario_3___nu=3 | n_rep: 61 | KDE model: gaussian rot
2026-05-06 06:27:09,271 | INFO | Scenario: scenario_3___nu=3 | n_rep: 61 | KDE model: t-student rot df=3
2026-05-06 06:27:09,850 | INFO | Scenario: scenario_3___nu=3 | n_rep: 62 | KDE model: gaussian rot
2026-05-06 06:27:10,339 | INFO | Scenario: scenario_3___nu=3 | n_rep: 62 | KDE model: t-student rot df=3
2026-05-06 06:27:10,877 | INFO | Scenario: scenario_3___nu=3 | n_rep: 63 | KDE model: gaussian rot
2026-05-06 06:27:11,471 | INFO | Scenario: scenario_3___nu=3 | n_rep: 63 | KDE model: t-student rot df=3
2026-05-06 06:27:12,104 | INFO | Scenario: scenario_3___nu=3 | n_rep: 64 | KDE model: gaussian rot
2026-05-06 06:27:12,555 | INFO | Scenario: scenario_3___nu=3 | n_rep: 64 | KDE model: t-student rot df=3
2026-05-06 06:27:13,072 | INFO | Scenario: scenario_3___nu=3 | n_rep: 65 | KDE model: gaussian rot
2026-05-06 06:27:13,391 | INFO | Scenario: scenario_3___nu=3 | n_rep: 65 | KDE model: t-student rot df=3
2026-05-06 06:27:13,735 | INFO | Scenario: scenario_3___nu=3 | n_rep: 66 | KDE model: gaussian rot
2026-05-06 06:27:14,376 | INFO | Scenario: scenario_3___nu=3 | n_rep: 66 | KDE model: t-student rot df=3
2026-05-06 06:27:15,005 | INFO | Scenario: scenario_3___nu=3 | n_rep: 67 | KDE model: gaussian rot
2026-05-06 06:27:15,398 | INFO | Scenario: scenario_3___nu=3 | n_rep: 67 | KDE model: t-student rot df=3
2026-05-06 06:27:15,866 | INFO | Scenario: scenario_3___nu=3 | n_rep: 68 | KDE model: gaussian rot
2026-05-06 06:27:16,237 | INFO | Scenario: scenario_3___nu=3 | n_rep: 68 | KDE model: t-student rot df=3
2026-05-06 06:27:16,605 | INFO | Scenario: scenario_3___nu=3 | n_rep: 69 | KDE model: gaussian rot
2026-05-06 06:27:17,112 | INFO | Scenario: scenario_3___nu=3 | n_rep: 69 | KDE model: t-student rot df=3
2026-05-06 06:27:17,582 | INFO | Scenario: scenario_3___nu=3 | n_rep: 70 | KDE model: gaussian rot
2026-05-06 06:27:18,269 | INFO | Scenario: scenario_3___nu=3 | n_rep: 70 | KDE model: t-student rot df=3
2026-05-06 06:27:18,950 | INFO | Scenario: scenario_3___nu=3 | n_rep: 71 | KDE model: gaussian rot
2026-05-06 06:27:19,281 | INFO | Scenario: scenario_3___nu=3 | n_rep: 71 | KDE model: t-student rot df=3
2026-05-06 06:27:19,690 | INFO | Scenario: scenario_3___nu=3 | n_rep: 72 | KDE model: gaussian rot
2026-05-06 06:27:20,296 | INFO | Scenario: scenario_3___nu=3 | n_rep: 72 | KDE model: t-student rot df=3
2026-05-06 06:27:20,864 | INFO | Scenario: scenario_3___nu=3 | n_rep: 73 | KDE model: gaussian rot
2026-05-06 06:27:21,206 | INFO | Scenario: scenario_3___nu=3 | n_rep: 73 | KDE model: t-student rot df=3
2026-05-06 06:27:21,594 | INFO | Scenario: scenario_3___nu=3 | n_rep: 74 | KDE model: gaussian rot
2026-05-06 06:27:21,932 | INFO | Scenario: scenario_3___nu=3 | n_rep: 74 | KDE model: t-student rot df=3
2026-05-06 06:27:22,281 | INFO | Scenario: scenario_3___nu=3 | n_rep: 75 | KDE model: gaussian rot
2026-05-06 06:27:22,624 | INFO | Scenario: scenario_3___nu=3 | n_rep: 75 | KDE model: t-student rot df=3
2026-05-06 06:27:22,977 | INFO | Scenario: scenario_3___nu=3 | n_rep: 76 | KDE model: gaussian rot
2026-05-06 06:27:23,702 | INFO | Scenario: scenario_3___nu=3 | n_rep: 76 | KDE model: t-student rot df=3
2026-05-06 06:27:24,476 | INFO | Scenario: scenario_3___nu=3 | n_rep: 77 | KDE model: gaussian rot
2026-05-06 06:27:24,703 | INFO | Scenario: scenario_3___nu=3 | n_rep: 77 | KDE model: t-student rot df=3
2026-05-06 06:27:25,085 | INFO | Scenario: scenario_3___nu=3 | n_rep: 78 | KDE model: gaussian rot
2026-05-06 06:27:25,537 | INFO | Scenario: scenario_3___nu=3 | n_rep: 78 | KDE model: t-student rot df=3
2026-05-06 06:27:25,968 | INFO | Scenario: scenario_3___nu=3 | n_rep: 79 | KDE model: gaussian rot
2026-05-06 06:27:26,337 | INFO | Scenario: scenario_3___nu=3 | n_rep: 79 | KDE model: t-student rot df=3
2026-05-06 06:27:26,683 | INFO | Scenario: scenario_3___nu=3 | n_rep: 80 | KDE model: gaussian rot
2026-05-06 06:27:27,378 | INFO | Scenario: scenario_3___nu=3 | n_rep: 80 | KDE model: t-student rot df=3
2026-05-06 06:27:27,919 | INFO | Scenario: scenario_3___nu=3 | n_rep: 81 | KDE model: gaussian rot
2026-05-06 06:27:28,621 | INFO | Scenario: scenario_3___nu=3 | n_rep: 81 | KDE model: t-student rot df=3
2026-05-06 06:27:29,374 | INFO | Scenario: scenario_3___nu=3 | n_rep: 82 | KDE model: gaussian rot
2026-05-06 06:27:30,096 | INFO | Scenario: scenario_3___nu=3 | n_rep: 82 | KDE model: t-student rot df=3
2026-05-06 06:27:30,721 | INFO | Scenario: scenario_3___nu=3 | n_rep: 83 | KDE model: gaussian rot
2026-05-06 06:27:31,072 | INFO | Scenario: scenario_3___nu=3 | n_rep: 83 | KDE model: t-student rot df=3
2026-05-06 06:27:31,427 | INFO | Scenario: scenario_3___nu=3 | n_rep: 84 | KDE model: gaussian rot
2026-05-06 06:27:31,728 | INFO | Scenario: scenario_3___nu=3 | n_rep: 84 | KDE model: t-student rot df=3
2026-05-06 06:27:32,018 | INFO | Scenario: scenario_3___nu=3 | n_rep: 85 | KDE model: gaussian rot
2026-05-06 06:27:32,402 | INFO | Scenario: scenario_3___nu=3 | n_rep: 85 | KDE model: t-student rot df=3
2026-05-06 06:27:32,778 | INFO | Scenario: scenario_3___nu=3 | n_rep: 86 | KDE model: gaussian rot
2026-05-06 06:27:33,477 | INFO | Scenario: scenario_3___nu=3 | n_rep: 86 | KDE model: t-student rot df=3
2026-05-06 06:27:34,211 | INFO | Scenario: scenario_3___nu=3 | n_rep: 87 | KDE model: gaussian rot
2026-05-06 06:27:34,669 | INFO | Scenario: scenario_3___nu=3 | n_rep: 87 | KDE model: t-student rot df=3
2026-05-06 06:27:35,060 | INFO | Scenario: scenario_3___nu=3 | n_rep: 88 | KDE model: gaussian rot
2026-05-06 06:27:35,657 | INFO | Scenario: scenario_3___nu=3 | n_rep: 88 | KDE model: t-student rot df=3
2026-05-06 06:27:36,299 | INFO | Scenario: scenario_3___nu=3 | n_rep: 89 | KDE model: gaussian rot
2026-05-06 06:27:37,045 | INFO | Scenario: scenario_3___nu=3 | n_rep: 89 | KDE model: t-student rot df=3
2026-05-06 06:27:37,834 | INFO | Scenario: scenario_3___nu=3 | n_rep: 90 | KDE model: gaussian rot
2026-05-06 06:27:38,372 | INFO | Scenario: scenario_3___nu=3 | n_rep: 90 | KDE model: t-student rot df=3
2026-05-06 06:27:38,976 | INFO | Scenario: scenario_3___nu=3 | n_rep: 91 | KDE model: gaussian rot
2026-05-06 06:27:39,529 | INFO | Scenario: scenario_3___nu=3 | n_rep: 91 | KDE model: t-student rot df=3
2026-05-06 06:27:40,257 | INFO | Scenario: scenario_3___nu=3 | n_rep: 92 | KDE model: gaussian rot
2026-05-06 06:27:40,734 | INFO | Scenario: scenario_3___nu=3 | n_rep: 92 | KDE model: t-student rot df=3
2026-05-06 06:27:41,141 | INFO | Scenario: scenario_3___nu=3 | n_rep: 93 | KDE model: gaussian rot
2026-05-06 06:27:41,757 | INFO | Scenario: scenario_3___nu=3 | n_rep: 93 | KDE model: t-student rot df=3
2026-05-06 06:27:42,420 | INFO | Scenario: scenario_3___nu=3 | n_rep: 94 | KDE model: gaussian rot
2026-05-06 06:27:42,848 | INFO | Scenario: scenario_3___nu=3 | n_rep: 94 | KDE model: t-student rot df=3
2026-05-06 06:27:43,287 | INFO | Scenario: scenario_3___nu=3 | n_rep: 95 | KDE model: gaussian rot
2026-05-06 06:27:43,667 | INFO | Scenario: scenario_3___nu=3 | n_rep: 95 | KDE model: t-student rot df=3
2026-05-06 06:27:44,028 | INFO | Scenario: scenario_3___nu=3 | n_rep: 96 | KDE model: gaussian rot
2026-05-06 06:27:44,547 | INFO | Scenario: scenario_3___nu=3 | n_rep: 96 | KDE model: t-student rot df=3
2026-05-06 06:27:45,097 | INFO | Scenario: scenario_3___nu=3 | n_rep: 97 | KDE model: gaussian rot
2026-05-06 06:27:45,736 | INFO | Scenario: scenario_3___nu=3 | n_rep: 97 | KDE model: t-student rot df=3
2026-05-06 06:27:46,443 | INFO | Scenario: scenario_3___nu=3 | n_rep: 98 | KDE model: gaussian rot
2026-05-06 06:27:46,919 | INFO | Scenario: scenario_3___nu=3 | n_rep: 98 | KDE model: t-student rot df=3
2026-05-06 06:27:47,421 | INFO | Scenario: scenario_3___nu=3 | n_rep: 99 | KDE model: gaussian rot
2026-05-06 06:27:47,831 | INFO | Scenario: scenario_3___nu=3 | n_rep: 99 | KDE model: t-student rot df=3
2026-05-06 06:27:48,177 | INFO | Scenario: scenario_3___nu=3 | n_rep: 100 | KDE model: gaussian rot
2026-05-06 06:27:48,593 | INFO | Scenario: scenario_3___nu=3 | n_rep: 100 | KDE model: t-student rot df=3
2026-05-06 06:27:49,014 | INFO | Scenario: scenario_3___nu=3 | n_rep: 101 | KDE model: gaussian rot
2026-05-06 06:27:49,388 | INFO | Scenario: scenario_3___nu=3 | n_rep: 101 | KDE model: t-student rot df=3
2026-05-06 06:27:49,736 | INFO | Scenario: scenario_3___nu=3 | n_rep: 102 | KDE model: gaussian rot
2026-05-06 06:27:50,132 | INFO | Scenario: scenario_3___nu=3 | n_rep: 102 | KDE model: t-student rot df=3
2026-05-06 06:27:50,501 | INFO | Scenario: scenario_3___nu=3 | n_rep: 103 | KDE model: gaussian rot
2026-05-06 06:27:50,866 | INFO | Scenario: scenario_3___nu=3 | n_rep: 103 | KDE model: t-student rot df=3
2026-05-06 06:27:51,236 | INFO | Scenario: scenario_3___nu=3 | n_rep: 104 | KDE model: gaussian rot
2026-05-06 06:27:51,713 | INFO | Scenario: scenario_3___nu=3 | n_rep: 104 | KDE model: t-student rot df=3
2026-05-06 06:27:52,177 | INFO | Scenario: scenario_3___nu=3 | n_rep: 105 | KDE model: gaussian rot
2026-05-06 06:27:52,838 | INFO | Scenario: scenario_3___nu=3 | n_rep: 105 | KDE model: t-student rot df=3
2026-05-06 06:27:53,524 | INFO | Scenario: scenario_3___nu=3 | n_rep: 106 | KDE model: gaussian rot
2026-05-06 06:27:54,202 | INFO | Scenario: scenario_3___nu=3 | n_rep: 106 | KDE model: t-student rot df=3
2026-05-06 06:27:54,794 | INFO | Scenario: scenario_3___nu=3 | n_rep: 107 | KDE model: gaussian rot
2026-05-06 06:27:55,237 | INFO | Scenario: scenario_3___nu=3 | n_rep: 107 | KDE model: t-student rot df=3
2026-05-06 06:27:55,623 | INFO | Scenario: scenario_3___nu=3 | n_rep: 108 | KDE model: gaussian rot
2026-05-06 06:27:56,018 | INFO | Scenario: scenario_3___nu=3 | n_rep: 108 | KDE model: t-student rot df=3
2026-05-06 06:27:56,387 | INFO | Scenario: scenario_3___nu=3 | n_rep: 109 | KDE model: gaussian rot
2026-05-06 06:27:56,932 | INFO | Scenario: scenario_3___nu=3 | n_rep: 109 | KDE model: t-student rot df=3
2026-05-06 06:27:57,441 | INFO | Scenario: scenario_3___nu=3 | n_rep: 110 | KDE model: gaussian rot
2026-05-06 06:27:57,811 | INFO | Scenario: scenario_3___nu=3 | n_rep: 110 | KDE model: t-student rot df=3
2026-05-06 06:27:58,221 | INFO | Scenario: scenario_3___nu=3 | n_rep: 111 | KDE model: gaussian rot
2026-05-06 06:27:58,915 | INFO | Scenario: scenario_3___nu=3 | n_rep: 111 | KDE model: t-student rot df=3
2026-05-06 06:27:59,585 | INFO | Scenario: scenario_3___nu=3 | n_rep: 112 | KDE model: gaussian rot
2026-05-06 06:27:59,880 | INFO | Scenario: scenario_3___nu=3 | n_rep: 112 | KDE model: t-student rot df=3
2026-05-06 06:28:00,151 | INFO | Scenario: scenario_3___nu=3 | n_rep: 113 | KDE model: gaussian rot
2026-05-06 06:28:00,404 | INFO | Scenario: scenario_3___nu=3 | n_rep: 113 | KDE model: t-student rot df=3
2026-05-06 06:28:00,852 | INFO | Scenario: scenario_3___nu=3 | n_rep: 114 | KDE model: gaussian rot
2026-05-06 06:28:01,387 | INFO | Scenario: scenario_3___nu=3 | n_rep: 114 | KDE model: t-student rot df=3
2026-05-06 06:28:02,038 | INFO | Scenario: scenario_3___nu=3 | n_rep: 115 | KDE model: gaussian rot
2026-05-06 06:28:02,329 | INFO | Scenario: scenario_3___nu=3 | n_rep: 115 | KDE model: t-student rot df=3
2026-05-06 06:28:02,658 | INFO | Scenario: scenario_3___nu=3 | n_rep: 116 | KDE model: gaussian rot
2026-05-06 06:28:03,046 | INFO | Scenario: scenario_3___nu=3 | n_rep: 116 | KDE model: t-student rot df=3
2026-05-06 06:28:03,452 | INFO | Scenario: scenario_3___nu=3 | n_rep: 117 | KDE model: gaussian rot
2026-05-06 06:28:03,838 | INFO | Scenario: scenario_3___nu=3 | n_rep: 117 | KDE model: t-student rot df=3
2026-05-06 06:28:04,255 | INFO | Scenario: scenario_3___nu=3 | n_rep: 118 | KDE model: gaussian rot
2026-05-06 06:28:04,888 | INFO | Scenario: scenario_3___nu=3 | n_rep: 118 | KDE model: t-student rot df=3
2026-05-06 06:28:05,538 | INFO | Scenario: scenario_3___nu=3 | n_rep: 119 | KDE model: gaussian rot
2026-05-06 06:28:05,937 | INFO | Scenario: scenario_3___nu=3 | n_rep: 119 | KDE model: t-student rot df=3
2026-05-06 06:28:06,360 | INFO | Scenario: scenario_3___nu=3 | n_rep: 120 | KDE model: gaussian rot
2026-05-06 06:28:06,950 | INFO | Scenario: scenario_3___nu=3 | n_rep: 120 | KDE model: t-student rot df=3
2026-05-06 06:28:07,603 | INFO | Scenario: scenario_3___nu=3 | n_rep: 121 | KDE model: gaussian rot
2026-05-06 06:28:08,079 | INFO | Scenario: scenario_3___nu=3 | n_rep: 121 | KDE model: t-student rot df=3
2026-05-06 06:28:08,533 | INFO | Scenario: scenario_3___nu=3 | n_rep: 122 | KDE model: gaussian rot
2026-05-06 06:28:09,015 | INFO | Scenario: scenario_3___nu=3 | n_rep: 122 | KDE model: t-student rot df=3
2026-05-06 06:28:09,468 | INFO | Scenario: scenario_3___nu=3 | n_rep: 123 | KDE model: gaussian rot
2026-05-06 06:28:09,987 | INFO | Scenario: scenario_3___nu=3 | n_rep: 123 | KDE model: t-student rot df=3
2026-05-06 06:28:10,535 | INFO | Scenario: scenario_3___nu=3 | n_rep: 124 | KDE model: gaussian rot
2026-05-06 06:28:11,225 | INFO | Scenario: scenario_3___nu=3 | n_rep: 124 | KDE model: t-student rot df=3
2026-05-06 06:28:11,966 | INFO | Scenario: scenario_3___nu=3 | n_rep: 125 | KDE model: gaussian rot
2026-05-06 06:28:12,427 | INFO | Scenario: scenario_3___nu=3 | n_rep: 125 | KDE model: t-student rot df=3
2026-05-06 06:28:12,877 | INFO | Scenario: scenario_3___nu=3 | n_rep: 126 | KDE model: gaussian rot
2026-05-06 06:28:14,768 | INFO | Scenario: scenario_3___nu=3 | n_rep: 126 | KDE model: t-student rot df=3
2026-05-06 06:28:15,663 | INFO | Scenario: scenario_3___nu=3 | n_rep: 127 | KDE model: gaussian rot
2026-05-06 06:28:16,317 | INFO | Scenario: scenario_3___nu=3 | n_rep: 127 | KDE model: t-student rot df=3
2026-05-06 06:28:16,996 | INFO | Scenario: scenario_3___nu=3 | n_rep: 128 | KDE model: gaussian rot
2026-05-06 06:28:17,384 | INFO | Scenario: scenario_3___nu=3 | n_rep: 128 | KDE model: t-student rot df=3
2026-05-06 06:28:17,779 | INFO | Scenario: scenario_3___nu=3 | n_rep: 129 | KDE model: gaussian rot
2026-05-06 06:28:18,184 | INFO | Scenario: scenario_3___nu=3 | n_rep: 129 | KDE model: t-student rot df=3
2026-05-06 06:28:18,591 | INFO | Scenario: scenario_3___nu=3 | n_rep: 130 | KDE model: gaussian rot
2026-05-06 06:28:18,975 | INFO | Scenario: scenario_3___nu=3 | n_rep: 130 | KDE model: t-student rot df=3
2026-05-06 06:28:19,369 | INFO | Scenario: scenario_3___nu=3 | n_rep: 131 | KDE model: gaussian rot
2026-05-06 06:28:19,911 | INFO | Scenario: scenario_3___nu=3 | n_rep: 131 | KDE model: t-student rot df=3
2026-05-06 06:28:20,439 | INFO | Scenario: scenario_3___nu=3 | n_rep: 132 | KDE model: gaussian rot
2026-05-06 06:28:21,082 | INFO | Scenario: scenario_3___nu=3 | n_rep: 132 | KDE model: t-student rot df=3
2026-05-06 06:28:21,754 | INFO | Scenario: scenario_3___nu=3 | n_rep: 133 | KDE model: gaussian rot
2026-05-06 06:28:22,180 | INFO | Scenario: scenario_3___nu=3 | n_rep: 133 | KDE model: t-student rot df=3
2026-05-06 06:28:22,609 | INFO | Scenario: scenario_3___nu=3 | n_rep: 134 | KDE model: gaussian rot
2026-05-06 06:28:23,281 | INFO | Scenario: scenario_3___nu=3 | n_rep: 134 | KDE model: t-student rot df=3
2026-05-06 06:28:23,962 | INFO | Scenario: scenario_3___nu=3 | n_rep: 135 | KDE model: gaussian rot
2026-05-06 06:28:24,796 | INFO | Scenario: scenario_3___nu=3 | n_rep: 135 | KDE model: t-student rot df=3
2026-05-06 06:28:25,496 | INFO | Scenario: scenario_3___nu=3 | n_rep: 136 | KDE model: gaussian rot
2026-05-06 06:28:25,897 | INFO | Scenario: scenario_3___nu=3 | n_rep: 136 | KDE model: t-student rot df=3
2026-05-06 06:28:26,305 | INFO | Scenario: scenario_3___nu=3 | n_rep: 137 | KDE model: gaussian rot
2026-05-06 06:28:27,094 | INFO | Scenario: scenario_3___nu=3 | n_rep: 137 | KDE model: t-student rot df=3
2026-05-06 06:28:28,023 | INFO | Scenario: scenario_3___nu=3 | n_rep: 138 | KDE model: gaussian rot
2026-05-06 06:28:28,386 | INFO | Scenario: scenario_3___nu=3 | n_rep: 138 | KDE model: t-student rot df=3
2026-05-06 06:28:28,784 | INFO | Scenario: scenario_3___nu=3 | n_rep: 139 | KDE model: gaussian rot
2026-05-06 06:28:29,431 | INFO | Scenario: scenario_3___nu=3 | n_rep: 139 | KDE model: t-student rot df=3
2026-05-06 06:28:30,065 | INFO | Scenario: scenario_3___nu=3 | n_rep: 140 | KDE model: gaussian rot
2026-05-06 06:28:30,651 | INFO | Scenario: scenario_3___nu=3 | n_rep: 140 | KDE model: t-student rot df=3
2026-05-06 06:28:31,193 | INFO | Scenario: scenario_3___nu=3 | n_rep: 141 | KDE model: gaussian rot
2026-05-06 06:28:31,615 | INFO | Scenario: scenario_3___nu=3 | n_rep: 141 | KDE model: t-student rot df=3
2026-05-06 06:28:32,024 | INFO | Scenario: scenario_3___nu=3 | n_rep: 142 | KDE model: gaussian rot
2026-05-06 06:28:32,372 | INFO | Scenario: scenario_3___nu=3 | n_rep: 142 | KDE model: t-student rot df=3
2026-05-06 06:28:32,828 | INFO | Scenario: scenario_3___nu=3 | n_rep: 143 | KDE model: gaussian rot
2026-05-06 06:28:33,267 | INFO | Scenario: scenario_3___nu=3 | n_rep: 143 | KDE model: t-student rot df=3
2026-05-06 06:28:33,728 | INFO | Scenario: scenario_3___nu=3 | n_rep: 144 | KDE model: gaussian rot
2026-05-06 06:28:34,127 | INFO | Scenario: scenario_3___nu=3 | n_rep: 144 | KDE model: t-student rot df=3
2026-05-06 06:28:34,576 | INFO | Scenario: scenario_3___nu=3 | n_rep: 145 | KDE model: gaussian rot
2026-05-06 06:28:34,962 | INFO | Scenario: scenario_3___nu=3 | n_rep: 145 | KDE model: t-student rot df=3
2026-05-06 06:28:35,502 | INFO | Scenario: scenario_3___nu=3 | n_rep: 146 | KDE model: gaussian rot
2026-05-06 06:28:35,996 | INFO | Scenario: scenario_3___nu=3 | n_rep: 146 | KDE model: t-student rot df=3
2026-05-06 06:28:36,637 | INFO | Scenario: scenario_3___nu=3 | n_rep: 147 | KDE model: gaussian rot
2026-05-06 06:28:37,004 | INFO | Scenario: scenario_3___nu=3 | n_rep: 147 | KDE model: t-student rot df=3
2026-05-06 06:28:37,360 | INFO | Scenario: scenario_3___nu=3 | n_rep: 148 | KDE model: gaussian rot
2026-05-06 06:28:37,803 | INFO | Scenario: scenario_3___nu=3 | n_rep: 148 | KDE model: t-student rot df=3
2026-05-06 06:28:38,125 | INFO | Scenario: scenario_3___nu=3 | n_rep: 149 | KDE model: gaussian rot
2026-05-06 06:28:38,655 | INFO | Scenario: scenario_3___nu=3 | n_rep: 149 | KDE model: t-student rot df=3
2026-05-06 06:28:39,173 | INFO | Scenario: scenario_3___nu=3 | n_rep: 150 | KDE model: gaussian rot
2026-05-06 06:28:39,773 | INFO | Scenario: scenario_3___nu=3 | n_rep: 150 | KDE model: t-student rot df=3
2026-05-06 06:28:40,255 | INFO | Scenario: scenario_3___nu=3 | n_rep: 151 | KDE model: gaussian rot
2026-05-06 06:28:40,648 | INFO | Scenario: scenario_3___nu=3 | n_rep: 151 | KDE model: t-student rot df=3
2026-05-06 06:28:41,125 | INFO | Scenario: scenario_3___nu=3 | n_rep: 152 | KDE model: gaussian rot
2026-05-06 06:28:41,550 | INFO | Scenario: scenario_3___nu=3 | n_rep: 152 | KDE model: t-student rot df=3
2026-05-06 06:28:41,879 | INFO | Scenario: scenario_3___nu=3 | n_rep: 153 | KDE model: gaussian rot
2026-05-06 06:28:42,153 | INFO | Scenario: scenario_3___nu=3 | n_rep: 153 | KDE model: t-student rot df=3
2026-05-06 06:28:42,392 | INFO | Scenario: scenario_3___nu=3 | n_rep: 154 | KDE model: gaussian rot
2026-05-06 06:28:42,807 | INFO | Scenario: scenario_3___nu=3 | n_rep: 154 | KDE model: t-student rot df=3
2026-05-06 06:28:43,191 | INFO | Scenario: scenario_3___nu=3 | n_rep: 155 | KDE model: gaussian rot
2026-05-06 06:28:43,588 | INFO | Scenario: scenario_3___nu=3 | n_rep: 155 | KDE model: t-student rot df=3
2026-05-06 06:28:43,982 | INFO | Scenario: scenario_3___nu=3 | n_rep: 156 | KDE model: gaussian rot
2026-05-06 06:28:44,416 | INFO | Scenario: scenario_3___nu=3 | n_rep: 156 | KDE model: t-student rot df=3
2026-05-06 06:28:44,833 | INFO | Scenario: scenario_3___nu=3 | n_rep: 157 | KDE model: gaussian rot
2026-05-06 06:28:45,310 | INFO | Scenario: scenario_3___nu=3 | n_rep: 157 | KDE model: t-student rot df=3
2026-05-06 06:28:45,732 | INFO | Scenario: scenario_3___nu=3 | n_rep: 158 | KDE model: gaussian rot
2026-05-06 06:28:46,495 | INFO | Scenario: scenario_3___nu=3 | n_rep: 158 | KDE model: t-student rot df=3
2026-05-06 06:28:47,270 | INFO | Scenario: scenario_3___nu=3 | n_rep: 159 | KDE model: gaussian rot
2026-05-06 06:28:47,788 | INFO | Scenario: scenario_3___nu=3 | n_rep: 159 | KDE model: t-student rot df=3
2026-05-06 06:28:48,221 | INFO | Scenario: scenario_3___nu=3 | n_rep: 160 | KDE model: gaussian rot
2026-05-06 06:28:48,941 | INFO | Scenario: scenario_3___nu=3 | n_rep: 160 | KDE model: t-student rot df=3
2026-05-06 06:28:49,596 | INFO | Scenario: scenario_3___nu=3 | n_rep: 161 | KDE model: gaussian rot
2026-05-06 06:28:49,978 | INFO | Scenario: scenario_3___nu=3 | n_rep: 161 | KDE model: t-student rot df=3
2026-05-06 06:28:50,371 | INFO | Scenario: scenario_3___nu=3 | n_rep: 162 | KDE model: gaussian rot
2026-05-06 06:28:50,709 | INFO | Scenario: scenario_3___nu=3 | n_rep: 162 | KDE model: t-student rot df=3
2026-05-06 06:28:51,079 | INFO | Scenario: scenario_3___nu=3 | n_rep: 163 | KDE model: gaussian rot
2026-05-06 06:28:51,408 | INFO | Scenario: scenario_3___nu=3 | n_rep: 163 | KDE model: t-student rot df=3
2026-05-06 06:28:51,716 | INFO | Scenario: scenario_3___nu=3 | n_rep: 164 | KDE model: gaussian rot
2026-05-06 06:28:52,348 | INFO | Scenario: scenario_3___nu=3 | n_rep: 164 | KDE model: t-student rot df=3
2026-05-06 06:28:53,071 | INFO | Scenario: scenario_3___nu=3 | n_rep: 165 | KDE model: gaussian rot
2026-05-06 06:28:53,720 | INFO | Scenario: scenario_3___nu=3 | n_rep: 165 | KDE model: t-student rot df=3
2026-05-06 06:28:54,417 | INFO | Scenario: scenario_3___nu=3 | n_rep: 166 | KDE model: gaussian rot
2026-05-06 06:28:54,791 | INFO | Scenario: scenario_3___nu=3 | n_rep: 166 | KDE model: t-student rot df=3
2026-05-06 06:28:55,219 | INFO | Scenario: scenario_3___nu=3 | n_rep: 167 | KDE model: gaussian rot
2026-05-06 06:28:55,664 | INFO | Scenario: scenario_3___nu=3 | n_rep: 167 | KDE model: t-student rot df=3
2026-05-06 06:28:56,181 | INFO | Scenario: scenario_3___nu=3 | n_rep: 168 | KDE model: gaussian rot
2026-05-06 06:28:56,530 | INFO | Scenario: scenario_3___nu=3 | n_rep: 168 | KDE model: t-student rot df=3
2026-05-06 06:28:56,865 | INFO | Scenario: scenario_3___nu=3 | n_rep: 169 | KDE model: gaussian rot
2026-05-06 06:28:57,237 | INFO | Scenario: scenario_3___nu=3 | n_rep: 169 | KDE model: t-student rot df=3
2026-05-06 06:28:57,578 | INFO | Scenario: scenario_3___nu=3 | n_rep: 170 | KDE model: gaussian rot
2026-05-06 06:28:58,313 | INFO | Scenario: scenario_3___nu=3 | n_rep: 170 | KDE model: t-student rot df=3
2026-05-06 06:28:58,954 | INFO | Scenario: scenario_3___nu=3 | n_rep: 171 | KDE model: gaussian rot
2026-05-06 06:28:59,634 | INFO | Scenario: scenario_3___nu=3 | n_rep: 171 | KDE model: t-student rot df=3
2026-05-06 06:29:00,286 | INFO | Scenario: scenario_3___nu=3 | n_rep: 172 | KDE model: gaussian rot
2026-05-06 06:29:01,021 | INFO | Scenario: scenario_3___nu=3 | n_rep: 172 | KDE model: t-student rot df=3
2026-05-06 06:29:01,750 | INFO | Scenario: scenario_3___nu=3 | n_rep: 173 | KDE model: gaussian rot
2026-05-06 06:29:02,148 | INFO | Scenario: scenario_3___nu=3 | n_rep: 173 | KDE model: t-student rot df=3
2026-05-06 06:29:02,565 | INFO | Scenario: scenario_3___nu=3 | n_rep: 174 | KDE model: gaussian rot
2026-05-06 06:29:02,982 | INFO | Scenario: scenario_3___nu=3 | n_rep: 174 | KDE model: t-student rot df=3
2026-05-06 06:29:03,451 | INFO | Scenario: scenario_3___nu=3 | n_rep: 175 | KDE model: gaussian rot
2026-05-06 06:29:03,876 | INFO | Scenario: scenario_3___nu=3 | n_rep: 175 | KDE model: t-student rot df=3
2026-05-06 06:29:04,300 | INFO | Scenario: scenario_3___nu=3 | n_rep: 176 | KDE model: gaussian rot
2026-05-06 06:29:04,771 | INFO | Scenario: scenario_3___nu=3 | n_rep: 176 | KDE model: t-student rot df=3
2026-05-06 06:29:05,201 | INFO | Scenario: scenario_3___nu=3 | n_rep: 177 | KDE model: gaussian rot
2026-05-06 06:29:05,917 | INFO | Scenario: scenario_3___nu=3 | n_rep: 177 | KDE model: t-student rot df=3
2026-05-06 06:29:06,636 | INFO | Scenario: scenario_3___nu=3 | n_rep: 178 | KDE model: gaussian rot
2026-05-06 06:29:07,040 | INFO | Scenario: scenario_3___nu=3 | n_rep: 178 | KDE model: t-student rot df=3
2026-05-06 06:29:07,454 | INFO | Scenario: scenario_3___nu=3 | n_rep: 179 | KDE model: gaussian rot
2026-05-06 06:29:07,795 | INFO | Scenario: scenario_3___nu=3 | n_rep: 179 | KDE model: t-student rot df=3
2026-05-06 06:29:08,129 | INFO | Scenario: scenario_3___nu=3 | n_rep: 180 | KDE model: gaussian rot
2026-05-06 06:29:08,790 | INFO | Scenario: scenario_3___nu=3 | n_rep: 180 | KDE model: t-student rot df=3
2026-05-06 06:29:09,408 | INFO | Scenario: scenario_3___nu=3 | n_rep: 181 | KDE model: gaussian rot
2026-05-06 06:29:09,642 | INFO | Scenario: scenario_3___nu=3 | n_rep: 181 | KDE model: t-student rot df=3
2026-05-06 06:29:10,081 | INFO | Scenario: scenario_3___nu=3 | n_rep: 182 | KDE model: gaussian rot
2026-05-06 06:29:10,451 | INFO | Scenario: scenario_3___nu=3 | n_rep: 182 | KDE model: t-student rot df=3
2026-05-06 06:29:10,886 | INFO | Scenario: scenario_3___nu=3 | n_rep: 183 | KDE model: gaussian rot
2026-05-06 06:29:11,306 | INFO | Scenario: scenario_3___nu=3 | n_rep: 183 | KDE model: t-student rot df=3
2026-05-06 06:29:11,733 | INFO | Scenario: scenario_3___nu=3 | n_rep: 184 | KDE model: gaussian rot
2026-05-06 06:29:12,054 | INFO | Scenario: scenario_3___nu=3 | n_rep: 184 | KDE model: t-student rot df=3
2026-05-06 06:29:12,418 | INFO | Scenario: scenario_3___nu=3 | n_rep: 185 | KDE model: gaussian rot
2026-05-06 06:29:13,013 | INFO | Scenario: scenario_3___nu=3 | n_rep: 185 | KDE model: t-student rot df=3
2026-05-06 06:29:13,702 | INFO | Scenario: scenario_3___nu=3 | n_rep: 186 | KDE model: gaussian rot
2026-05-06 06:29:14,101 | INFO | Scenario: scenario_3___nu=3 | n_rep: 186 | KDE model: t-student rot df=3
2026-05-06 06:29:14,490 | INFO | Scenario: scenario_3___nu=3 | n_rep: 187 | KDE model: gaussian rot
2026-05-06 06:29:14,845 | INFO | Scenario: scenario_3___nu=3 | n_rep: 187 | KDE model: t-student rot df=3
2026-05-06 06:29:15,228 | INFO | Scenario: scenario_3___nu=3 | n_rep: 188 | KDE model: gaussian rot
2026-05-06 06:29:15,635 | INFO | Scenario: scenario_3___nu=3 | n_rep: 188 | KDE model: t-student rot df=3
2026-05-06 06:29:16,016 | INFO | Scenario: scenario_3___nu=3 | n_rep: 189 | KDE model: gaussian rot
2026-05-06 06:29:16,537 | INFO | Scenario: scenario_3___nu=3 | n_rep: 189 | KDE model: t-student rot df=3
2026-05-06 06:29:17,065 | INFO | Scenario: scenario_3___nu=3 | n_rep: 190 | KDE model: gaussian rot
2026-05-06 06:29:17,483 | INFO | Scenario: scenario_3___nu=3 | n_rep: 190 | KDE model: t-student rot df=3
2026-05-06 06:29:17,876 | INFO | Scenario: scenario_3___nu=3 | n_rep: 191 | KDE model: gaussian rot
2026-05-06 06:29:18,314 | INFO | Scenario: scenario_3___nu=3 | n_rep: 191 | KDE model: t-student rot df=3
2026-05-06 06:29:19,093 | INFO | Scenario: scenario_3___nu=3 | n_rep: 192 | KDE model: gaussian rot
2026-05-06 06:29:19,667 | INFO | Scenario: scenario_3___nu=3 | n_rep: 192 | KDE model: t-student rot df=3
2026-05-06 06:29:20,183 | INFO | Scenario: scenario_3___nu=3 | n_rep: 193 | KDE model: gaussian rot
2026-05-06 06:29:20,564 | INFO | Scenario: scenario_3___nu=3 | n_rep: 193 | KDE model: t-student rot df=3
2026-05-06 06:29:20,942 | INFO | Scenario: scenario_3___nu=3 | n_rep: 194 | KDE model: gaussian rot
2026-05-06 06:29:21,544 | INFO | Scenario: scenario_3___nu=3 | n_rep: 194 | KDE model: t-student rot df=3
2026-05-06 06:29:22,105 | INFO | Scenario: scenario_3___nu=3 | n_rep: 195 | KDE model: gaussian rot
2026-05-06 06:29:22,949 | INFO | Scenario: scenario_3___nu=3 | n_rep: 195 | KDE model: t-student rot df=3
2026-05-06 06:29:23,757 | INFO | Scenario: scenario_3___nu=3 | n_rep: 196 | KDE model: gaussian rot
2026-05-06 06:29:24,031 | INFO | Scenario: scenario_3___nu=3 | n_rep: 196 | KDE model: t-student rot df=3
2026-05-06 06:29:24,394 | INFO | Scenario: scenario_3___nu=3 | n_rep: 197 | KDE model: gaussian rot
2026-05-06 06:29:25,040 | INFO | Scenario: scenario_3___nu=3 | n_rep: 197 | KDE model: t-student rot df=3
2026-05-06 06:29:25,666 | INFO | Scenario: scenario_3___nu=3 | n_rep: 198 | KDE model: gaussian rot
2026-05-06 06:29:26,147 | INFO | Scenario: scenario_3___nu=3 | n_rep: 198 | KDE model: t-student rot df=3
2026-05-06 06:29:26,618 | INFO | Scenario: scenario_3___nu=3 | n_rep: 199 | KDE model: gaussian rot
2026-05-06 06:29:27,109 | INFO | Scenario: scenario_3___nu=3 | n_rep: 199 | KDE model: t-student rot df=3
2026-05-06 06:29:27,742 | INFO | Scenario: scenario_3___nu=3 | n_rep: 200 | KDE model: gaussian rot
2026-05-06 06:29:28,372 | INFO | Scenario: scenario_3___nu=3 | n_rep: 200 | KDE model: t-student rot df=3
2026-05-06 06:29:28,936 | INFO | Scenario: scenario_3___nu=3 | n_rep: 201 | KDE model: gaussian rot
2026-05-06 06:29:29,556 | INFO | Scenario: scenario_3___nu=3 | n_rep: 201 | KDE model: t-student rot df=3
2026-05-06 06:29:30,032 | INFO | Scenario: scenario_3___nu=3 | n_rep: 202 | KDE model: gaussian rot
2026-05-06 06:29:30,542 | INFO | Scenario: scenario_3___nu=3 | n_rep: 202 | KDE model: t-student rot df=3
2026-05-06 06:29:31,011 | INFO | Scenario: scenario_3___nu=3 | n_rep: 203 | KDE model: gaussian rot
2026-05-06 06:29:31,614 | INFO | Scenario: scenario_3___nu=3 | n_rep: 203 | KDE model: t-student rot df=3
2026-05-06 06:29:32,177 | INFO | Scenario: scenario_3___nu=3 | n_rep: 204 | KDE model: gaussian rot
2026-05-06 06:29:32,529 | INFO | Scenario: scenario_3___nu=3 | n_rep: 204 | KDE model: t-student rot df=3
2026-05-06 06:29:32,943 | INFO | Scenario: scenario_3___nu=3 | n_rep: 205 | KDE model: gaussian rot
2026-05-06 06:29:33,350 | INFO | Scenario: scenario_3___nu=3 | n_rep: 205 | KDE model: t-student rot df=3
2026-05-06 06:29:33,859 | INFO | Scenario: scenario_3___nu=3 | n_rep: 206 | KDE model: gaussian rot
2026-05-06 06:29:34,321 | INFO | Scenario: scenario_3___nu=3 | n_rep: 206 | KDE model: t-student rot df=3
2026-05-06 06:29:34,814 | INFO | Scenario: scenario_3___nu=3 | n_rep: 207 | KDE model: gaussian rot
2026-05-06 06:29:35,281 | INFO | Scenario: scenario_3___nu=3 | n_rep: 207 | KDE model: t-student rot df=3
2026-05-06 06:29:35,816 | INFO | Scenario: scenario_3___nu=3 | n_rep: 208 | KDE model: gaussian rot
2026-05-06 06:29:36,307 | INFO | Scenario: scenario_3___nu=3 | n_rep: 208 | KDE model: t-student rot df=3
2026-05-06 06:29:36,852 | INFO | Scenario: scenario_3___nu=3 | n_rep: 209 | KDE model: gaussian rot
2026-05-06 06:29:37,104 | INFO | Scenario: scenario_3___nu=3 | n_rep: 209 | KDE model: t-student rot df=3
2026-05-06 06:29:37,425 | INFO | Scenario: scenario_3___nu=3 | n_rep: 210 | KDE model: gaussian rot
2026-05-06 06:29:38,037 | INFO | Scenario: scenario_3___nu=3 | n_rep: 210 | KDE model: t-student rot df=3
2026-05-06 06:29:38,600 | INFO | Scenario: scenario_3___nu=3 | n_rep: 211 | KDE model: gaussian rot
2026-05-06 06:29:39,233 | INFO | Scenario: scenario_3___nu=3 | n_rep: 211 | KDE model: t-student rot df=3
2026-05-06 06:29:39,819 | INFO | Scenario: scenario_3___nu=3 | n_rep: 212 | KDE model: gaussian rot
2026-05-06 06:29:40,250 | INFO | Scenario: scenario_3___nu=3 | n_rep: 212 | KDE model: t-student rot df=3
2026-05-06 06:29:40,674 | INFO | Scenario: scenario_3___nu=3 | n_rep: 213 | KDE model: gaussian rot
2026-05-06 06:29:41,135 | INFO | Scenario: scenario_3___nu=3 | n_rep: 213 | KDE model: t-student rot df=3
2026-05-06 06:29:41,798 | INFO | Scenario: scenario_3___nu=3 | n_rep: 214 | KDE model: gaussian rot
2026-05-06 06:29:42,243 | INFO | Scenario: scenario_3___nu=3 | n_rep: 214 | KDE model: t-student rot df=3
2026-05-06 06:29:42,747 | INFO | Scenario: scenario_3___nu=3 | n_rep: 215 | KDE model: gaussian rot
2026-05-06 06:29:43,177 | INFO | Scenario: scenario_3___nu=3 | n_rep: 215 | KDE model: t-student rot df=3
2026-05-06 06:29:43,616 | INFO | Scenario: scenario_3___nu=3 | n_rep: 216 | KDE model: gaussian rot
2026-05-06 06:29:44,085 | INFO | Scenario: scenario_3___nu=3 | n_rep: 216 | KDE model: t-student rot df=3
2026-05-06 06:29:44,570 | INFO | Scenario: scenario_3___nu=3 | n_rep: 217 | KDE model: gaussian rot
2026-05-06 06:29:45,277 | INFO | Scenario: scenario_3___nu=3 | n_rep: 217 | KDE model: t-student rot df=3
2026-05-06 06:29:46,026 | INFO | Scenario: scenario_3___nu=3 | n_rep: 218 | KDE model: gaussian rot
2026-05-06 06:29:46,670 | INFO | Scenario: scenario_3___nu=3 | n_rep: 218 | KDE model: t-student rot df=3
2026-05-06 06:29:47,289 | INFO | Scenario: scenario_3___nu=3 | n_rep: 219 | KDE model: gaussian rot
2026-05-06 06:29:47,638 | INFO | Scenario: scenario_3___nu=3 | n_rep: 219 | KDE model: t-student rot df=3
2026-05-06 06:29:47,969 | INFO | Scenario: scenario_3___nu=3 | n_rep: 220 | KDE model: gaussian rot
2026-05-06 06:29:48,922 | INFO | Scenario: scenario_3___nu=3 | n_rep: 220 | KDE model: t-student rot df=3
2026-05-06 06:29:49,973 | INFO | Scenario: scenario_3___nu=3 | n_rep: 221 | KDE model: gaussian rot
2026-05-06 06:29:50,335 | INFO | Scenario: scenario_3___nu=3 | n_rep: 221 | KDE model: t-student rot df=3
2026-05-06 06:29:50,720 | INFO | Scenario: scenario_3___nu=3 | n_rep: 222 | KDE model: gaussian rot
2026-05-06 06:29:51,155 | INFO | Scenario: scenario_3___nu=3 | n_rep: 222 | KDE model: t-student rot df=3
2026-05-06 06:29:51,560 | INFO | Scenario: scenario_3___nu=3 | n_rep: 223 | KDE model: gaussian rot
2026-05-06 06:29:51,970 | INFO | Scenario: scenario_3___nu=3 | n_rep: 223 | KDE model: t-student rot df=3
2026-05-06 06:29:52,395 | INFO | Scenario: scenario_3___nu=3 | n_rep: 224 | KDE model: gaussian rot
2026-05-06 06:29:53,172 | INFO | Scenario: scenario_3___nu=3 | n_rep: 224 | KDE model: t-student rot df=3
2026-05-06 06:29:53,894 | INFO | Scenario: scenario_3___nu=3 | n_rep: 225 | KDE model: gaussian rot
2026-05-06 06:29:54,380 | INFO | Scenario: scenario_3___nu=3 | n_rep: 225 | KDE model: t-student rot df=3
2026-05-06 06:29:54,865 | INFO | Scenario: scenario_3___nu=3 | n_rep: 226 | KDE model: gaussian rot
2026-05-06 06:29:55,505 | INFO | Scenario: scenario_3___nu=3 | n_rep: 226 | KDE model: t-student rot df=3
2026-05-06 06:29:56,061 | INFO | Scenario: scenario_3___nu=3 | n_rep: 227 | KDE model: gaussian rot
2026-05-06 06:29:56,585 | INFO | Scenario: scenario_3___nu=3 | n_rep: 227 | KDE model: t-student rot df=3
2026-05-06 06:29:57,122 | INFO | Scenario: scenario_3___nu=3 | n_rep: 228 | KDE model: gaussian rot
2026-05-06 06:29:57,895 | INFO | Scenario: scenario_3___nu=3 | n_rep: 228 | KDE model: t-student rot df=3
2026-05-06 06:29:58,731 | INFO | Scenario: scenario_3___nu=3 | n_rep: 229 | KDE model: gaussian rot
2026-05-06 06:29:59,159 | INFO | Scenario: scenario_3___nu=3 | n_rep: 229 | KDE model: t-student rot df=3
2026-05-06 06:29:59,560 | INFO | Scenario: scenario_3___nu=3 | n_rep: 230 | KDE model: gaussian rot
2026-05-06 06:30:00,227 | INFO | Scenario: scenario_3___nu=3 | n_rep: 230 | KDE model: t-student rot df=3
2026-05-06 06:30:00,822 | INFO | Scenario: scenario_3___nu=3 | n_rep: 231 | KDE model: gaussian rot
2026-05-06 06:30:01,463 | INFO | Scenario: scenario_3___nu=3 | n_rep: 231 | KDE model: t-student rot df=3
2026-05-06 06:30:02,187 | INFO | Scenario: scenario_3___nu=3 | n_rep: 232 | KDE model: gaussian rot
2026-05-06 06:30:02,556 | INFO | Scenario: scenario_3___nu=3 | n_rep: 232 | KDE model: t-student rot df=3
2026-05-06 06:30:02,957 | INFO | Scenario: scenario_3___nu=3 | n_rep: 233 | KDE model: gaussian rot
2026-05-06 06:30:03,347 | INFO | Scenario: scenario_3___nu=3 | n_rep: 233 | KDE model: t-student rot df=3
2026-05-06 06:30:03,875 | INFO | Scenario: scenario_3___nu=3 | n_rep: 234 | KDE model: gaussian rot
2026-05-06 06:30:04,528 | INFO | Scenario: scenario_3___nu=3 | n_rep: 234 | KDE model: t-student rot df=3
2026-05-06 06:30:05,007 | INFO | Scenario: scenario_3___nu=3 | n_rep: 235 | KDE model: gaussian rot
2026-05-06 06:30:05,551 | INFO | Scenario: scenario_3___nu=3 | n_rep: 235 | KDE model: t-student rot df=3
2026-05-06 06:30:06,205 | INFO | Scenario: scenario_3___nu=3 | n_rep: 236 | KDE model: gaussian rot
2026-05-06 06:30:06,721 | INFO | Scenario: scenario_3___nu=3 | n_rep: 236 | KDE model: t-student rot df=3
2026-05-06 06:30:07,294 | INFO | Scenario: scenario_3___nu=3 | n_rep: 237 | KDE model: gaussian rot
2026-05-06 06:30:08,030 | INFO | Scenario: scenario_3___nu=3 | n_rep: 237 | KDE model: t-student rot df=3
2026-05-06 06:30:08,714 | INFO | Scenario: scenario_3___nu=3 | n_rep: 238 | KDE model: gaussian rot
2026-05-06 06:30:09,133 | INFO | Scenario: scenario_3___nu=3 | n_rep: 238 | KDE model: t-student rot df=3
2026-05-06 06:30:09,548 | INFO | Scenario: scenario_3___nu=3 | n_rep: 239 | KDE model: gaussian rot
2026-05-06 06:30:10,005 | INFO | Scenario: scenario_3___nu=3 | n_rep: 239 | KDE model: t-student rot df=3
2026-05-06 06:30:10,468 | INFO | Scenario: scenario_3___nu=3 | n_rep: 240 | KDE model: gaussian rot
2026-05-06 06:30:10,890 | INFO | Scenario: scenario_3___nu=3 | n_rep: 240 | KDE model: t-student rot df=3
2026-05-06 06:30:11,333 | INFO | Scenario: scenario_3___nu=3 | n_rep: 241 | KDE model: gaussian rot
2026-05-06 06:30:11,698 | INFO | Scenario: scenario_3___nu=3 | n_rep: 241 | KDE model: t-student rot df=3
2026-05-06 06:30:12,048 | INFO | Scenario: scenario_3___nu=3 | n_rep: 242 | KDE model: gaussian rot
2026-05-06 06:30:12,642 | INFO | Scenario: scenario_3___nu=3 | n_rep: 242 | KDE model: t-student rot df=3
2026-05-06 06:30:13,175 | INFO | Scenario: scenario_3___nu=3 | n_rep: 243 | KDE model: gaussian rot
2026-05-06 06:30:13,757 | INFO | Scenario: scenario_3___nu=3 | n_rep: 243 | KDE model: t-student rot df=3
2026-05-06 06:30:14,404 | INFO | Scenario: scenario_3___nu=3 | n_rep: 244 | KDE model: gaussian rot
2026-05-06 06:30:14,949 | INFO | Scenario: scenario_3___nu=3 | n_rep: 244 | KDE model: t-student rot df=3
2026-05-06 06:30:15,464 | INFO | Scenario: scenario_3___nu=3 | n_rep: 245 | KDE model: gaussian rot
2026-05-06 06:30:15,879 | INFO | Scenario: scenario_3___nu=3 | n_rep: 245 | KDE model: t-student rot df=3
2026-05-06 06:30:16,286 | INFO | Scenario: scenario_3___nu=3 | n_rep: 246 | KDE model: gaussian rot
2026-05-06 06:30:16,934 | INFO | Scenario: scenario_3___nu=3 | n_rep: 246 | KDE model: t-student rot df=3
2026-05-06 06:30:17,618 | INFO | Scenario: scenario_3___nu=3 | n_rep: 247 | KDE model: gaussian rot
2026-05-06 06:30:18,059 | INFO | Scenario: scenario_3___nu=3 | n_rep: 247 | KDE model: t-student rot df=3
2026-05-06 06:30:18,526 | INFO | Scenario: scenario_3___nu=3 | n_rep: 248 | KDE model: gaussian rot
2026-05-06 06:30:18,886 | INFO | Scenario: scenario_3___nu=3 | n_rep: 248 | KDE model: t-student rot df=3
2026-05-06 06:30:19,407 | INFO | Scenario: scenario_3___nu=3 | n_rep: 249 | KDE model: gaussian rot
2026-05-06 06:30:19,997 | INFO | Scenario: scenario_3___nu=3 | n_rep: 249 | KDE model: t-student rot df=3
2026-05-06 06:30:20,476 | INFO | Scenario: scenario_3___nu=3 | n_rep: 250 | KDE model: gaussian rot
2026-05-06 06:30:20,763 | INFO | Scenario: scenario_3___nu=3 | n_rep: 250 | KDE model: t-student rot df=3
2026-05-06 06:30:21,046 | INFO | Scenario: scenario_3___nu=3 | n_rep: 251 | KDE model: gaussian rot
2026-05-06 06:30:21,628 | INFO | Scenario: scenario_3___nu=3 | n_rep: 251 | KDE model: t-student rot df=3
2026-05-06 06:30:22,187 | INFO | Scenario: scenario_3___nu=3 | n_rep: 252 | KDE model: gaussian rot
2026-05-06 06:30:22,794 | INFO | Scenario: scenario_3___nu=3 | n_rep: 252 | KDE model: t-student rot df=3
2026-05-06 06:30:23,208 | INFO | Scenario: scenario_3___nu=3 | n_rep: 253 | KDE model: gaussian rot
2026-05-06 06:30:23,655 | INFO | Scenario: scenario_3___nu=3 | n_rep: 253 | KDE model: t-student rot df=3
2026-05-06 06:30:24,303 | INFO | Scenario: scenario_3___nu=3 | n_rep: 254 | KDE model: gaussian rot
2026-05-06 06:30:24,475 | INFO | Scenario: scenario_3___nu=3 | n_rep: 254 | KDE model: t-student rot df=3
2026-05-06 06:30:24,783 | INFO | Scenario: scenario_3___nu=3 | n_rep: 255 | KDE model: gaussian rot
2026-05-06 06:30:25,448 | INFO | Scenario: scenario_3___nu=3 | n_rep: 255 | KDE model: t-student rot df=3
2026-05-06 06:30:26,106 | INFO | Scenario: scenario_3___nu=3 | n_rep: 256 | KDE model: gaussian rot
2026-05-06 06:30:26,519 | INFO | Scenario: scenario_3___nu=3 | n_rep: 256 | KDE model: t-student rot df=3
2026-05-06 06:30:26,932 | INFO | Scenario: scenario_3___nu=3 | n_rep: 257 | KDE model: gaussian rot
2026-05-06 06:30:27,281 | INFO | Scenario: scenario_3___nu=3 | n_rep: 257 | KDE model: t-student rot df=3
2026-05-06 06:30:27,745 | INFO | Scenario: scenario_3___nu=3 | n_rep: 258 | KDE model: gaussian rot
2026-05-06 06:30:28,253 | INFO | Scenario: scenario_3___nu=3 | n_rep: 258 | KDE model: t-student rot df=3
2026-05-06 06:30:28,750 | INFO | Scenario: scenario_3___nu=3 | n_rep: 259 | KDE model: gaussian rot
2026-05-06 06:30:29,186 | INFO | Scenario: scenario_3___nu=3 | n_rep: 259 | KDE model: t-student rot df=3
2026-05-06 06:30:29,552 | INFO | Scenario: scenario_3___nu=3 | n_rep: 260 | KDE model: gaussian rot
2026-05-06 06:30:30,353 | INFO | Scenario: scenario_3___nu=3 | n_rep: 260 | KDE model: t-student rot df=3
2026-05-06 06:30:31,064 | INFO | Scenario: scenario_3___nu=3 | n_rep: 261 | KDE model: gaussian rot
2026-05-06 06:30:31,557 | INFO | Scenario: scenario_3___nu=3 | n_rep: 261 | KDE model: t-student rot df=3
2026-05-06 06:30:31,973 | INFO | Scenario: scenario_3___nu=3 | n_rep: 262 | KDE model: gaussian rot
2026-05-06 06:30:32,666 | INFO | Scenario: scenario_3___nu=3 | n_rep: 262 | KDE model: t-student rot df=3
2026-05-06 06:30:33,234 | INFO | Scenario: scenario_3___nu=3 | n_rep: 263 | KDE model: gaussian rot
2026-05-06 06:30:33,919 | INFO | Scenario: scenario_3___nu=3 | n_rep: 263 | KDE model: t-student rot df=3
2026-05-06 06:30:34,601 | INFO | Scenario: scenario_3___nu=3 | n_rep: 264 | KDE model: gaussian rot
2026-05-06 06:30:35,011 | INFO | Scenario: scenario_3___nu=3 | n_rep: 264 | KDE model: t-student rot df=3
2026-05-06 06:30:35,396 | INFO | Scenario: scenario_3___nu=3 | n_rep: 265 | KDE model: gaussian rot
2026-05-06 06:30:35,988 | INFO | Scenario: scenario_3___nu=3 | n_rep: 265 | KDE model: t-student rot df=3
2026-05-06 06:30:36,534 | INFO | Scenario: scenario_3___nu=3 | n_rep: 266 | KDE model: gaussian rot
2026-05-06 06:30:36,975 | INFO | Scenario: scenario_3___nu=3 | n_rep: 266 | KDE model: t-student rot df=3
2026-05-06 06:30:37,408 | INFO | Scenario: scenario_3___nu=3 | n_rep: 267 | KDE model: gaussian rot
2026-05-06 06:30:37,895 | INFO | Scenario: scenario_3___nu=3 | n_rep: 267 | KDE model: t-student rot df=3
2026-05-06 06:30:38,414 | INFO | Scenario: scenario_3___nu=3 | n_rep: 268 | KDE model: gaussian rot
2026-05-06 06:30:38,854 | INFO | Scenario: scenario_3___nu=3 | n_rep: 268 | KDE model: t-student rot df=3
2026-05-06 06:30:39,313 | INFO | Scenario: scenario_3___nu=3 | n_rep: 269 | KDE model: gaussian rot
2026-05-06 06:30:39,861 | INFO | Scenario: scenario_3___nu=3 | n_rep: 269 | KDE model: t-student rot df=3
2026-05-06 06:30:40,351 | INFO | Scenario: scenario_3___nu=3 | n_rep: 270 | KDE model: gaussian rot
2026-05-06 06:30:40,757 | INFO | Scenario: scenario_3___nu=3 | n_rep: 270 | KDE model: t-student rot df=3
2026-05-06 06:30:41,192 | INFO | Scenario: scenario_3___nu=3 | n_rep: 271 | KDE model: gaussian rot
2026-05-06 06:30:41,708 | INFO | Scenario: scenario_3___nu=3 | n_rep: 271 | KDE model: t-student rot df=3
2026-05-06 06:30:42,241 | INFO | Scenario: scenario_3___nu=3 | n_rep: 272 | KDE model: gaussian rot
2026-05-06 06:30:42,638 | INFO | Scenario: scenario_3___nu=3 | n_rep: 272 | KDE model: t-student rot df=3
2026-05-06 06:30:43,047 | INFO | Scenario: scenario_3___nu=3 | n_rep: 273 | KDE model: gaussian rot
2026-05-06 06:30:43,405 | INFO | Scenario: scenario_3___nu=3 | n_rep: 273 | KDE model: t-student rot df=3
2026-05-06 06:30:43,769 | INFO | Scenario: scenario_3___nu=3 | n_rep: 274 | KDE model: gaussian rot
2026-05-06 06:30:44,148 | INFO | Scenario: scenario_3___nu=3 | n_rep: 274 | KDE model: t-student rot df=3
2026-05-06 06:30:44,500 | INFO | Scenario: scenario_3___nu=3 | n_rep: 275 | KDE model: gaussian rot
2026-05-06 06:30:45,171 | INFO | Scenario: scenario_3___nu=3 | n_rep: 275 | KDE model: t-student rot df=3
2026-05-06 06:30:45,816 | INFO | Scenario: scenario_3___nu=3 | n_rep: 276 | KDE model: gaussian rot
2026-05-06 06:30:46,498 | INFO | Scenario: scenario_3___nu=3 | n_rep: 276 | KDE model: t-student rot df=3
2026-05-06 06:30:47,120 | INFO | Scenario: scenario_3___nu=3 | n_rep: 277 | KDE model: gaussian rot
2026-05-06 06:30:47,596 | INFO | Scenario: scenario_3___nu=3 | n_rep: 277 | KDE model: t-student rot df=3
2026-05-06 06:30:48,013 | INFO | Scenario: scenario_3___nu=3 | n_rep: 278 | KDE model: gaussian rot
2026-05-06 06:30:48,466 | INFO | Scenario: scenario_3___nu=3 | n_rep: 278 | KDE model: t-student rot df=3
2026-05-06 06:30:48,885 | INFO | Scenario: scenario_3___nu=3 | n_rep: 279 | KDE model: gaussian rot
2026-05-06 06:30:49,062 | INFO | Scenario: scenario_3___nu=3 | n_rep: 279 | KDE model: t-student rot df=3
2026-05-06 06:30:49,256 | INFO | Scenario: scenario_3___nu=3 | n_rep: 280 | KDE model: gaussian rot
2026-05-06 06:30:49,985 | INFO | Scenario: scenario_3___nu=3 | n_rep: 280 | KDE model: t-student rot df=3
2026-05-06 06:30:50,633 | INFO | Scenario: scenario_3___nu=3 | n_rep: 281 | KDE model: gaussian rot
2026-05-06 06:30:51,077 | INFO | Scenario: scenario_3___nu=3 | n_rep: 281 | KDE model: t-student rot df=3
2026-05-06 06:30:51,494 | INFO | Scenario: scenario_3___nu=3 | n_rep: 282 | KDE model: gaussian rot
2026-05-06 06:30:51,949 | INFO | Scenario: scenario_3___nu=3 | n_rep: 282 | KDE model: t-student rot df=3
2026-05-06 06:30:52,401 | INFO | Scenario: scenario_3___nu=3 | n_rep: 283 | KDE model: gaussian rot
2026-05-06 06:30:52,774 | INFO | Scenario: scenario_3___nu=3 | n_rep: 283 | KDE model: t-student rot df=3
2026-05-06 06:30:53,144 | INFO | Scenario: scenario_3___nu=3 | n_rep: 284 | KDE model: gaussian rot
2026-05-06 06:30:53,843 | INFO | Scenario: scenario_3___nu=3 | n_rep: 284 | KDE model: t-student rot df=3
2026-05-06 06:30:54,532 | INFO | Scenario: scenario_3___nu=3 | n_rep: 285 | KDE model: gaussian rot
2026-05-06 06:30:54,948 | INFO | Scenario: scenario_3___nu=3 | n_rep: 285 | KDE model: t-student rot df=3
2026-05-06 06:30:55,392 | INFO | Scenario: scenario_3___nu=3 | n_rep: 286 | KDE model: gaussian rot
2026-05-06 06:30:55,803 | INFO | Scenario: scenario_3___nu=3 | n_rep: 286 | KDE model: t-student rot df=3
2026-05-06 06:30:56,180 | INFO | Scenario: scenario_3___nu=3 | n_rep: 287 | KDE model: gaussian rot
2026-05-06 06:30:56,532 | INFO | Scenario: scenario_3___nu=3 | n_rep: 287 | KDE model: t-student rot df=3
2026-05-06 06:30:56,859 | INFO | Scenario: scenario_3___nu=3 | n_rep: 288 | KDE model: gaussian rot
2026-05-06 06:30:57,334 | INFO | Scenario: scenario_3___nu=3 | n_rep: 288 | KDE model: t-student rot df=3
2026-05-06 06:30:57,770 | INFO | Scenario: scenario_3___nu=3 | n_rep: 289 | KDE model: gaussian rot
2026-05-06 06:30:58,310 | INFO | Scenario: scenario_3___nu=3 | n_rep: 289 | KDE model: t-student rot df=3
2026-05-06 06:30:58,992 | INFO | Scenario: scenario_3___nu=3 | n_rep: 290 | KDE model: gaussian rot
2026-05-06 06:30:59,377 | INFO | Scenario: scenario_3___nu=3 | n_rep: 290 | KDE model: t-student rot df=3
2026-05-06 06:30:59,784 | INFO | Scenario: scenario_3___nu=3 | n_rep: 291 | KDE model: gaussian rot
2026-05-06 06:31:00,478 | INFO | Scenario: scenario_3___nu=3 | n_rep: 291 | KDE model: t-student rot df=3
2026-05-06 06:31:01,233 | INFO | Scenario: scenario_3___nu=3 | n_rep: 292 | KDE model: gaussian rot
2026-05-06 06:31:01,773 | INFO | Scenario: scenario_3___nu=3 | n_rep: 292 | KDE model: t-student rot df=3
2026-05-06 06:31:02,188 | INFO | Scenario: scenario_3___nu=3 | n_rep: 293 | KDE model: gaussian rot
2026-05-06 06:31:02,769 | INFO | Scenario: scenario_3___nu=3 | n_rep: 293 | KDE model: t-student rot df=3
2026-05-06 06:31:03,363 | INFO | Scenario: scenario_3___nu=3 | n_rep: 294 | KDE model: gaussian rot
2026-05-06 06:31:03,802 | INFO | Scenario: scenario_3___nu=3 | n_rep: 294 | KDE model: t-student rot df=3
2026-05-06 06:31:04,194 | INFO | Scenario: scenario_3___nu=3 | n_rep: 295 | KDE model: gaussian rot
2026-05-06 06:31:05,027 | INFO | Scenario: scenario_3___nu=3 | n_rep: 295 | KDE model: t-student rot df=3
2026-05-06 06:31:05,850 | INFO | Scenario: scenario_3___nu=3 | n_rep: 296 | KDE model: gaussian rot
2026-05-06 06:31:06,592 | INFO | Scenario: scenario_3___nu=3 | n_rep: 296 | KDE model: t-student rot df=3
2026-05-06 06:31:07,298 | INFO | Scenario: scenario_3___nu=3 | n_rep: 297 | KDE model: gaussian rot
2026-05-06 06:31:08,037 | INFO | Scenario: scenario_3___nu=3 | n_rep: 297 | KDE model: t-student rot df=3
2026-05-06 06:31:08,749 | INFO | Scenario: scenario_3___nu=3 | n_rep: 298 | KDE model: gaussian rot
2026-05-06 06:31:09,434 | INFO | Scenario: scenario_3___nu=3 | n_rep: 298 | KDE model: t-student rot df=3
2026-05-06 06:31:10,043 | INFO | Scenario: scenario_3___nu=3 | n_rep: 299 | KDE model: gaussian rot
2026-05-06 06:31:10,805 | INFO | Scenario: scenario_3___nu=3 | n_rep: 299 | KDE model: t-student rot df=3
2026-05-06 06:31:11,433 | INFO | Scenario: scenario_3___nu=3 | n_rep: 300 | KDE model: gaussian rot
2026-05-06 06:31:11,838 | INFO | Scenario: scenario_3___nu=3 | n_rep: 300 | KDE model: t-student rot df=3
2026-05-06 06:31:12,246 | INFO | Scenario: scenario_3___nu=3 | n_rep: 301 | KDE model: gaussian rot
2026-05-06 06:31:12,630 | INFO | Scenario: scenario_3___nu=3 | n_rep: 301 | KDE model: t-student rot df=3
2026-05-06 06:31:12,998 | INFO | Scenario: scenario_3___nu=3 | n_rep: 302 | KDE model: gaussian rot
2026-05-06 06:31:13,539 | INFO | Scenario: scenario_3___nu=3 | n_rep: 302 | KDE model: t-student rot df=3
2026-05-06 06:31:13,958 | INFO | Scenario: scenario_3___nu=3 | n_rep: 303 | KDE model: gaussian rot
2026-05-06 06:31:14,347 | INFO | Scenario: scenario_3___nu=3 | n_rep: 303 | KDE model: t-student rot df=3
2026-05-06 06:31:14,875 | INFO | Scenario: scenario_3___nu=3 | n_rep: 304 | KDE model: gaussian rot
2026-05-06 06:31:15,591 | INFO | Scenario: scenario_3___nu=3 | n_rep: 304 | KDE model: t-student rot df=3
2026-05-06 06:31:16,346 | INFO | Scenario: scenario_3___nu=3 | n_rep: 305 | KDE model: gaussian rot
2026-05-06 06:31:16,695 | INFO | Scenario: scenario_3___nu=3 | n_rep: 305 | KDE model: t-student rot df=3
2026-05-06 06:31:17,033 | INFO | Scenario: scenario_3___nu=3 | n_rep: 306 | KDE model: gaussian rot
2026-05-06 06:31:17,451 | INFO | Scenario: scenario_3___nu=3 | n_rep: 306 | KDE model: t-student rot df=3
2026-05-06 06:31:17,767 | INFO | Scenario: scenario_3___nu=3 | n_rep: 307 | KDE model: gaussian rot
2026-05-06 06:31:18,422 | INFO | Scenario: scenario_3___nu=3 | n_rep: 307 | KDE model: t-student rot df=3
2026-05-06 06:31:19,101 | INFO | Scenario: scenario_3___nu=3 | n_rep: 308 | KDE model: gaussian rot
2026-05-06 06:31:19,818 | INFO | Scenario: scenario_3___nu=3 | n_rep: 308 | KDE model: t-student rot df=3
2026-05-06 06:31:20,486 | INFO | Scenario: scenario_3___nu=3 | n_rep: 309 | KDE model: gaussian rot
2026-05-06 06:31:21,032 | INFO | Scenario: scenario_3___nu=3 | n_rep: 309 | KDE model: t-student rot df=3
2026-05-06 06:31:21,594 | INFO | Scenario: scenario_3___nu=3 | n_rep: 310 | KDE model: gaussian rot
2026-05-06 06:31:21,964 | INFO | Scenario: scenario_3___nu=3 | n_rep: 310 | KDE model: t-student rot df=3
2026-05-06 06:31:22,370 | INFO | Scenario: scenario_3___nu=3 | n_rep: 311 | KDE model: gaussian rot
2026-05-06 06:31:22,804 | INFO | Scenario: scenario_3___nu=3 | n_rep: 311 | KDE model: t-student rot df=3
2026-05-06 06:31:23,291 | INFO | Scenario: scenario_3___nu=3 | n_rep: 312 | KDE model: gaussian rot
2026-05-06 06:31:23,671 | INFO | Scenario: scenario_3___nu=3 | n_rep: 312 | KDE model: t-student rot df=3
2026-05-06 06:31:24,034 | INFO | Scenario: scenario_3___nu=3 | n_rep: 313 | KDE model: gaussian rot
2026-05-06 06:31:24,375 | INFO | Scenario: scenario_3___nu=3 | n_rep: 313 | KDE model: t-student rot df=3
2026-05-06 06:31:24,731 | INFO | Scenario: scenario_3___nu=3 | n_rep: 314 | KDE model: gaussian rot
2026-05-06 06:31:25,306 | INFO | Scenario: scenario_3___nu=3 | n_rep: 314 | KDE model: t-student rot df=3
2026-05-06 06:31:25,836 | INFO | Scenario: scenario_3___nu=3 | n_rep: 315 | KDE model: gaussian rot
2026-05-06 06:31:26,385 | INFO | Scenario: scenario_3___nu=3 | n_rep: 315 | KDE model: t-student rot df=3
2026-05-06 06:31:26,931 | INFO | Scenario: scenario_3___nu=3 | n_rep: 316 | KDE model: gaussian rot
2026-05-06 06:31:27,394 | INFO | Scenario: scenario_3___nu=3 | n_rep: 316 | KDE model: t-student rot df=3
2026-05-06 06:31:27,827 | INFO | Scenario: scenario_3___nu=3 | n_rep: 317 | KDE model: gaussian rot
2026-05-06 06:31:28,268 | INFO | Scenario: scenario_3___nu=3 | n_rep: 317 | KDE model: t-student rot df=3
2026-05-06 06:31:28,734 | INFO | Scenario: scenario_3___nu=3 | n_rep: 318 | KDE model: gaussian rot
2026-05-06 06:31:29,180 | INFO | Scenario: scenario_3___nu=3 | n_rep: 318 | KDE model: t-student rot df=3
2026-05-06 06:31:29,583 | INFO | Scenario: scenario_3___nu=3 | n_rep: 319 | KDE model: gaussian rot
2026-05-06 06:31:30,215 | INFO | Scenario: scenario_3___nu=3 | n_rep: 319 | KDE model: t-student rot df=3
2026-05-06 06:31:30,752 | INFO | Scenario: scenario_3___nu=3 | n_rep: 320 | KDE model: gaussian rot
2026-05-06 06:31:31,115 | INFO | Scenario: scenario_3___nu=3 | n_rep: 320 | KDE model: t-student rot df=3
2026-05-06 06:31:31,504 | INFO | Scenario: scenario_3___nu=3 | n_rep: 321 | KDE model: gaussian rot
2026-05-06 06:31:32,075 | INFO | Scenario: scenario_3___nu=3 | n_rep: 321 | KDE model: t-student rot df=3
2026-05-06 06:31:32,745 | INFO | Scenario: scenario_3___nu=3 | n_rep: 322 | KDE model: gaussian rot
2026-05-06 06:31:33,269 | INFO | Scenario: scenario_3___nu=3 | n_rep: 322 | KDE model: t-student rot df=3
2026-05-06 06:31:33,654 | INFO | Scenario: scenario_3___nu=3 | n_rep: 323 | KDE model: gaussian rot
2026-05-06 06:31:34,089 | INFO | Scenario: scenario_3___nu=3 | n_rep: 323 | KDE model: t-student rot df=3
2026-05-06 06:31:34,568 | INFO | Scenario: scenario_3___nu=3 | n_rep: 324 | KDE model: gaussian rot
2026-05-06 06:31:34,927 | INFO | Scenario: scenario_3___nu=3 | n_rep: 324 | KDE model: t-student rot df=3
2026-05-06 06:31:35,324 | INFO | Scenario: scenario_3___nu=3 | n_rep: 325 | KDE model: gaussian rot
2026-05-06 06:31:35,687 | INFO | Scenario: scenario_3___nu=3 | n_rep: 325 | KDE model: t-student rot df=3
2026-05-06 06:31:36,080 | INFO | Scenario: scenario_3___nu=3 | n_rep: 326 | KDE model: gaussian rot
2026-05-06 06:31:36,573 | INFO | Scenario: scenario_3___nu=3 | n_rep: 326 | KDE model: t-student rot df=3
2026-05-06 06:31:37,038 | INFO | Scenario: scenario_3___nu=3 | n_rep: 327 | KDE model: gaussian rot
2026-05-06 06:31:37,718 | INFO | Scenario: scenario_3___nu=3 | n_rep: 327 | KDE model: t-student rot df=3
2026-05-06 06:31:38,391 | INFO | Scenario: scenario_3___nu=3 | n_rep: 328 | KDE model: gaussian rot
2026-05-06 06:31:38,958 | INFO | Scenario: scenario_3___nu=3 | n_rep: 328 | KDE model: t-student rot df=3
2026-05-06 06:31:39,531 | INFO | Scenario: scenario_3___nu=3 | n_rep: 329 | KDE model: gaussian rot
2026-05-06 06:31:39,907 | INFO | Scenario: scenario_3___nu=3 | n_rep: 329 | KDE model: t-student rot df=3
2026-05-06 06:31:40,336 | INFO | Scenario: scenario_3___nu=3 | n_rep: 330 | KDE model: gaussian rot
2026-05-06 06:31:41,006 | INFO | Scenario: scenario_3___nu=3 | n_rep: 330 | KDE model: t-student rot df=3
2026-05-06 06:31:41,661 | INFO | Scenario: scenario_3___nu=3 | n_rep: 331 | KDE model: gaussian rot
2026-05-06 06:31:42,238 | INFO | Scenario: scenario_3___nu=3 | n_rep: 331 | KDE model: t-student rot df=3
2026-05-06 06:31:42,859 | INFO | Scenario: scenario_3___nu=3 | n_rep: 332 | KDE model: gaussian rot
2026-05-06 06:31:43,323 | INFO | Scenario: scenario_3___nu=3 | n_rep: 332 | KDE model: t-student rot df=3
2026-05-06 06:31:43,794 | INFO | Scenario: scenario_3___nu=3 | n_rep: 333 | KDE model: gaussian rot
2026-05-06 06:31:44,185 | INFO | Scenario: scenario_3___nu=3 | n_rep: 333 | KDE model: t-student rot df=3
2026-05-06 06:31:44,607 | INFO | Scenario: scenario_3___nu=3 | n_rep: 334 | KDE model: gaussian rot
2026-05-06 06:31:45,210 | INFO | Scenario: scenario_3___nu=3 | n_rep: 334 | KDE model: t-student rot df=3
2026-05-06 06:31:45,858 | INFO | Scenario: scenario_3___nu=3 | n_rep: 335 | KDE model: gaussian rot
2026-05-06 06:31:46,286 | INFO | Scenario: scenario_3___nu=3 | n_rep: 335 | KDE model: t-student rot df=3
2026-05-06 06:31:46,703 | INFO | Scenario: scenario_3___nu=3 | n_rep: 336 | KDE model: gaussian rot
2026-05-06 06:31:47,167 | INFO | Scenario: scenario_3___nu=3 | n_rep: 336 | KDE model: t-student rot df=3
2026-05-06 06:31:47,666 | INFO | Scenario: scenario_3___nu=3 | n_rep: 337 | KDE model: gaussian rot
2026-05-06 06:31:48,096 | INFO | Scenario: scenario_3___nu=3 | n_rep: 337 | KDE model: t-student rot df=3
2026-05-06 06:31:48,521 | INFO | Scenario: scenario_3___nu=3 | n_rep: 338 | KDE model: gaussian rot
2026-05-06 06:31:49,065 | INFO | Scenario: scenario_3___nu=3 | n_rep: 338 | KDE model: t-student rot df=3
2026-05-06 06:31:49,631 | INFO | Scenario: scenario_3___nu=3 | n_rep: 339 | KDE model: gaussian rot
2026-05-06 06:31:49,988 | INFO | Scenario: scenario_3___nu=3 | n_rep: 339 | KDE model: t-student rot df=3
2026-05-06 06:31:50,326 | INFO | Scenario: scenario_3___nu=3 | n_rep: 340 | KDE model: gaussian rot
2026-05-06 06:31:50,809 | INFO | Scenario: scenario_3___nu=3 | n_rep: 340 | KDE model: t-student rot df=3
2026-05-06 06:31:51,283 | INFO | Scenario: scenario_3___nu=3 | n_rep: 341 | KDE model: gaussian rot
2026-05-06 06:31:51,677 | INFO | Scenario: scenario_3___nu=3 | n_rep: 341 | KDE model: t-student rot df=3
2026-05-06 06:31:52,040 | INFO | Scenario: scenario_3___nu=3 | n_rep: 342 | KDE model: gaussian rot
2026-05-06 06:31:52,446 | INFO | Scenario: scenario_3___nu=3 | n_rep: 342 | KDE model: t-student rot df=3
2026-05-06 06:31:52,829 | INFO | Scenario: scenario_3___nu=3 | n_rep: 343 | KDE model: gaussian rot
2026-05-06 06:31:53,468 | INFO | Scenario: scenario_3___nu=3 | n_rep: 343 | KDE model: t-student rot df=3
2026-05-06 06:31:54,330 | INFO | Scenario: scenario_3___nu=3 | n_rep: 344 | KDE model: gaussian rot
2026-05-06 06:31:54,732 | INFO | Scenario: scenario_3___nu=3 | n_rep: 344 | KDE model: t-student rot df=3
2026-05-06 06:31:55,152 | INFO | Scenario: scenario_3___nu=3 | n_rep: 345 | KDE model: gaussian rot
2026-05-06 06:31:55,564 | INFO | Scenario: scenario_3___nu=3 | n_rep: 345 | KDE model: t-student rot df=3
2026-05-06 06:31:55,921 | INFO | Scenario: scenario_3___nu=3 | n_rep: 346 | KDE model: gaussian rot
2026-05-06 06:31:57,087 | INFO | Scenario: scenario_3___nu=3 | n_rep: 346 | KDE model: t-student rot df=3
2026-05-06 06:31:57,838 | INFO | Scenario: scenario_3___nu=3 | n_rep: 347 | KDE model: gaussian rot
2026-05-06 06:31:58,611 | INFO | Scenario: scenario_3___nu=3 | n_rep: 347 | KDE model: t-student rot df=3
2026-05-06 06:31:59,349 | INFO | Scenario: scenario_3___nu=3 | n_rep: 348 | KDE model: gaussian rot
2026-05-06 06:31:59,958 | INFO | Scenario: scenario_3___nu=3 | n_rep: 348 | KDE model: t-student rot df=3
2026-05-06 06:32:00,514 | INFO | Scenario: scenario_3___nu=3 | n_rep: 349 | KDE model: gaussian rot
2026-05-06 06:32:01,127 | INFO | Scenario: scenario_3___nu=3 | n_rep: 349 | KDE model: t-student rot df=3
2026-05-06 06:32:01,731 | INFO | Scenario: scenario_3___nu=3 | n_rep: 350 | KDE model: gaussian rot
2026-05-06 06:32:02,338 | INFO | Scenario: scenario_3___nu=3 | n_rep: 350 | KDE model: t-student rot df=3
2026-05-06 06:32:02,995 | INFO | Scenario: scenario_3___nu=3 | n_rep: 351 | KDE model: gaussian rot
2026-05-06 06:32:03,475 | INFO | Scenario: scenario_3___nu=3 | n_rep: 351 | KDE model: t-student rot df=3
2026-05-06 06:32:03,934 | INFO | Scenario: scenario_3___nu=3 | n_rep: 352 | KDE model: gaussian rot
2026-05-06 06:32:04,522 | INFO | Scenario: scenario_3___nu=3 | n_rep: 352 | KDE model: t-student rot df=3
2026-05-06 06:32:05,027 | INFO | Scenario: scenario_3___nu=3 | n_rep: 353 | KDE model: gaussian rot
2026-05-06 06:32:05,388 | INFO | Scenario: scenario_3___nu=3 | n_rep: 353 | KDE model: t-student rot df=3
2026-05-06 06:32:05,732 | INFO | Scenario: scenario_3___nu=3 | n_rep: 354 | KDE model: gaussian rot
2026-05-06 06:32:06,403 | INFO | Scenario: scenario_3___nu=3 | n_rep: 354 | KDE model: t-student rot df=3
2026-05-06 06:32:07,254 | INFO | Scenario: scenario_3___nu=3 | n_rep: 355 | KDE model: gaussian rot
2026-05-06 06:32:07,653 | INFO | Scenario: scenario_3___nu=3 | n_rep: 355 | KDE model: t-student rot df=3
2026-05-06 06:32:08,033 | INFO | Scenario: scenario_3___nu=3 | n_rep: 356 | KDE model: gaussian rot
2026-05-06 06:32:08,437 | INFO | Scenario: scenario_3___nu=3 | n_rep: 356 | KDE model: t-student rot df=3
2026-05-06 06:32:08,805 | INFO | Scenario: scenario_3___nu=3 | n_rep: 357 | KDE model: gaussian rot
2026-05-06 06:32:09,199 | INFO | Scenario: scenario_3___nu=3 | n_rep: 357 | KDE model: t-student rot df=3
2026-05-06 06:32:09,787 | INFO | Scenario: scenario_3___nu=3 | n_rep: 358 | KDE model: gaussian rot
2026-05-06 06:32:10,150 | INFO | Scenario: scenario_3___nu=3 | n_rep: 358 | KDE model: t-student rot df=3
2026-05-06 06:32:10,520 | INFO | Scenario: scenario_3___nu=3 | n_rep: 359 | KDE model: gaussian rot
2026-05-06 06:32:10,888 | INFO | Scenario: scenario_3___nu=3 | n_rep: 359 | KDE model: t-student rot df=3
2026-05-06 06:32:11,201 | INFO | Scenario: scenario_3___nu=3 | n_rep: 360 | KDE model: gaussian rot
2026-05-06 06:32:11,627 | INFO | Scenario: scenario_3___nu=3 | n_rep: 360 | KDE model: t-student rot df=3
2026-05-06 06:32:12,053 | INFO | Scenario: scenario_3___nu=3 | n_rep: 361 | KDE model: gaussian rot
2026-05-06 06:32:12,389 | INFO | Scenario: scenario_3___nu=3 | n_rep: 361 | KDE model: t-student rot df=3
2026-05-06 06:32:12,709 | INFO | Scenario: scenario_3___nu=3 | n_rep: 362 | KDE model: gaussian rot
2026-05-06 06:32:12,868 | INFO | Scenario: scenario_3___nu=3 | n_rep: 362 | KDE model: t-student rot df=3
2026-05-06 06:32:13,033 | INFO | Scenario: scenario_3___nu=3 | n_rep: 363 | KDE model: gaussian rot
2026-05-06 06:32:13,490 | INFO | Scenario: scenario_3___nu=3 | n_rep: 363 | KDE model: t-student rot df=3
2026-05-06 06:32:13,963 | INFO | Scenario: scenario_3___nu=3 | n_rep: 364 | KDE model: gaussian rot
2026-05-06 06:32:14,592 | INFO | Scenario: scenario_3___nu=3 | n_rep: 364 | KDE model: t-student rot df=3
2026-05-06 06:32:15,012 | INFO | Scenario: scenario_3___nu=3 | n_rep: 365 | KDE model: gaussian rot
2026-05-06 06:32:15,335 | INFO | Scenario: scenario_3___nu=3 | n_rep: 365 | KDE model: t-student rot df=3
2026-05-06 06:32:15,674 | INFO | Scenario: scenario_3___nu=3 | n_rep: 366 | KDE model: gaussian rot
2026-05-06 06:32:16,100 | INFO | Scenario: scenario_3___nu=3 | n_rep: 366 | KDE model: t-student rot df=3
2026-05-06 06:32:16,533 | INFO | Scenario: scenario_3___nu=3 | n_rep: 367 | KDE model: gaussian rot
2026-05-06 06:32:17,148 | INFO | Scenario: scenario_3___nu=3 | n_rep: 367 | KDE model: t-student rot df=3
2026-05-06 06:32:17,818 | INFO | Scenario: scenario_3___nu=3 | n_rep: 368 | KDE model: gaussian rot
2026-05-06 06:32:18,237 | INFO | Scenario: scenario_3___nu=3 | n_rep: 368 | KDE model: t-student rot df=3
2026-05-06 06:32:18,640 | INFO | Scenario: scenario_3___nu=3 | n_rep: 369 | KDE model: gaussian rot
2026-05-06 06:32:19,568 | INFO | Scenario: scenario_3___nu=3 | n_rep: 369 | KDE model: t-student rot df=3
2026-05-06 06:32:20,332 | INFO | Scenario: scenario_3___nu=3 | n_rep: 370 | KDE model: gaussian rot
2026-05-06 06:32:21,143 | INFO | Scenario: scenario_3___nu=3 | n_rep: 370 | KDE model: t-student rot df=3
2026-05-06 06:32:21,916 | INFO | Scenario: scenario_3___nu=3 | n_rep: 371 | KDE model: gaussian rot
2026-05-06 06:32:22,339 | INFO | Scenario: scenario_3___nu=3 | n_rep: 371 | KDE model: t-student rot df=3
2026-05-06 06:32:22,759 | INFO | Scenario: scenario_3___nu=3 | n_rep: 372 | KDE model: gaussian rot
2026-05-06 06:32:23,134 | INFO | Scenario: scenario_3___nu=3 | n_rep: 372 | KDE model: t-student rot df=3
2026-05-06 06:32:23,544 | INFO | Scenario: scenario_3___nu=3 | n_rep: 373 | KDE model: gaussian rot
2026-05-06 06:32:23,978 | INFO | Scenario: scenario_3___nu=3 | n_rep: 373 | KDE model: t-student rot df=3
2026-05-06 06:32:24,400 | INFO | Scenario: scenario_3___nu=3 | n_rep: 374 | KDE model: gaussian rot
2026-05-06 06:32:25,259 | INFO | Scenario: scenario_3___nu=3 | n_rep: 374 | KDE model: t-student rot df=3
2026-05-06 06:32:26,055 | INFO | Scenario: scenario_3___nu=3 | n_rep: 375 | KDE model: gaussian rot
2026-05-06 06:32:26,446 | INFO | Scenario: scenario_3___nu=3 | n_rep: 375 | KDE model: t-student rot df=3
2026-05-06 06:32:26,817 | INFO | Scenario: scenario_3___nu=3 | n_rep: 376 | KDE model: gaussian rot
2026-05-06 06:32:27,189 | INFO | Scenario: scenario_3___nu=3 | n_rep: 376 | KDE model: t-student rot df=3
2026-05-06 06:32:27,562 | INFO | Scenario: scenario_3___nu=3 | n_rep: 377 | KDE model: gaussian rot
2026-05-06 06:32:28,355 | INFO | Scenario: scenario_3___nu=3 | n_rep: 377 | KDE model: t-student rot df=3
2026-05-06 06:32:29,185 | INFO | Scenario: scenario_3___nu=3 | n_rep: 378 | KDE model: gaussian rot
2026-05-06 06:32:29,569 | INFO | Scenario: scenario_3___nu=3 | n_rep: 378 | KDE model: t-student rot df=3
2026-05-06 06:32:29,968 | INFO | Scenario: scenario_3___nu=3 | n_rep: 379 | KDE model: gaussian rot
2026-05-06 06:32:30,319 | INFO | Scenario: scenario_3___nu=3 | n_rep: 379 | KDE model: t-student rot df=3
2026-05-06 06:32:30,644 | INFO | Scenario: scenario_3___nu=3 | n_rep: 380 | KDE model: gaussian rot
2026-05-06 06:32:30,896 | INFO | Scenario: scenario_3___nu=3 | n_rep: 380 | KDE model: t-student rot df=3
2026-05-06 06:32:31,137 | INFO | Scenario: scenario_3___nu=3 | n_rep: 381 | KDE model: gaussian rot
2026-05-06 06:32:31,699 | INFO | Scenario: scenario_3___nu=3 | n_rep: 381 | KDE model: t-student rot df=3
2026-05-06 06:32:32,257 | INFO | Scenario: scenario_3___nu=3 | n_rep: 382 | KDE model: gaussian rot
2026-05-06 06:32:32,896 | INFO | Scenario: scenario_3___nu=3 | n_rep: 382 | KDE model: t-student rot df=3
2026-05-06 06:32:33,550 | INFO | Scenario: scenario_3___nu=3 | n_rep: 383 | KDE model: gaussian rot
2026-05-06 06:32:34,236 | INFO | Scenario: scenario_3___nu=3 | n_rep: 383 | KDE model: t-student rot df=3
2026-05-06 06:32:34,837 | INFO | Scenario: scenario_3___nu=3 | n_rep: 384 | KDE model: gaussian rot
2026-05-06 06:32:35,189 | INFO | Scenario: scenario_3___nu=3 | n_rep: 384 | KDE model: t-student rot df=3
2026-05-06 06:32:35,452 | INFO | Scenario: scenario_3___nu=3 | n_rep: 385 | KDE model: gaussian rot
2026-05-06 06:32:36,110 | INFO | Scenario: scenario_3___nu=3 | n_rep: 385 | KDE model: t-student rot df=3
2026-05-06 06:32:36,619 | INFO | Scenario: scenario_3___nu=3 | n_rep: 386 | KDE model: gaussian rot
2026-05-06 06:32:37,143 | INFO | Scenario: scenario_3___nu=3 | n_rep: 386 | KDE model: t-student rot df=3
2026-05-06 06:32:37,772 | INFO | Scenario: scenario_3___nu=3 | n_rep: 387 | KDE model: gaussian rot
2026-05-06 06:32:38,161 | INFO | Scenario: scenario_3___nu=3 | n_rep: 387 | KDE model: t-student rot df=3
2026-05-06 06:32:38,519 | INFO | Scenario: scenario_3___nu=3 | n_rep: 388 | KDE model: gaussian rot
2026-05-06 06:32:38,958 | INFO | Scenario: scenario_3___nu=3 | n_rep: 388 | KDE model: t-student rot df=3
2026-05-06 06:32:39,472 | INFO | Scenario: scenario_3___nu=3 | n_rep: 389 | KDE model: gaussian rot
2026-05-06 06:32:40,090 | INFO | Scenario: scenario_3___nu=3 | n_rep: 389 | KDE model: t-student rot df=3
2026-05-06 06:32:40,680 | INFO | Scenario: scenario_3___nu=3 | n_rep: 390 | KDE model: gaussian rot
2026-05-06 06:32:41,328 | INFO | Scenario: scenario_3___nu=3 | n_rep: 390 | KDE model: t-student rot df=3
2026-05-06 06:32:42,043 | INFO | Scenario: scenario_3___nu=3 | n_rep: 391 | KDE model: gaussian rot
2026-05-06 06:32:42,520 | INFO | Scenario: scenario_3___nu=3 | n_rep: 391 | KDE model: t-student rot df=3
2026-05-06 06:32:43,116 | INFO | Scenario: scenario_3___nu=3 | n_rep: 392 | KDE model: gaussian rot
2026-05-06 06:32:43,304 | INFO | Scenario: scenario_3___nu=3 | n_rep: 392 | KDE model: t-student rot df=3
2026-05-06 06:32:43,521 | INFO | Scenario: scenario_3___nu=3 | n_rep: 393 | KDE model: gaussian rot
2026-05-06 06:32:44,163 | INFO | Scenario: scenario_3___nu=3 | n_rep: 393 | KDE model: t-student rot df=3
2026-05-06 06:32:44,776 | INFO | Scenario: scenario_3___nu=3 | n_rep: 394 | KDE model: gaussian rot
2026-05-06 06:32:45,159 | INFO | Scenario: scenario_3___nu=3 | n_rep: 394 | KDE model: t-student rot df=3
2026-05-06 06:32:45,584 | INFO | Scenario: scenario_3___nu=3 | n_rep: 395 | KDE model: gaussian rot
2026-05-06 06:32:46,008 | INFO | Scenario: scenario_3___nu=3 | n_rep: 395 | KDE model: t-student rot df=3
2026-05-06 06:32:46,375 | INFO | Scenario: scenario_3___nu=3 | n_rep: 396 | KDE model: gaussian rot
2026-05-06 06:32:46,730 | INFO | Scenario: scenario_3___nu=3 | n_rep: 396 | KDE model: t-student rot df=3
2026-05-06 06:32:47,039 | INFO | Scenario: scenario_3___nu=3 | n_rep: 397 | KDE model: gaussian rot
2026-05-06 06:32:47,529 | INFO | Scenario: scenario_3___nu=3 | n_rep: 397 | KDE model: t-student rot df=3
2026-05-06 06:32:47,963 | INFO | Scenario: scenario_3___nu=3 | n_rep: 398 | KDE model: gaussian rot
2026-05-06 06:32:48,371 | INFO | Scenario: scenario_3___nu=3 | n_rep: 398 | KDE model: t-student rot df=3
2026-05-06 06:32:48,769 | INFO | Scenario: scenario_3___nu=3 | n_rep: 399 | KDE model: gaussian rot
2026-05-06 06:32:49,124 | INFO | Scenario: scenario_3___nu=3 | n_rep: 399 | KDE model: t-student rot df=3
2026-05-06 06:32:49,451 | INFO | Scenario: scenario_3___nu=3 | n_rep: 400 | KDE model: gaussian rot
2026-05-06 06:32:49,853 | INFO | Scenario: scenario_3___nu=3 | n_rep: 400 | KDE model: t-student rot df=3
2026-05-06 06:32:50,299 | INFO | Scenario: scenario_3___nu=3 | n_rep: 401 | KDE model: gaussian rot
2026-05-06 06:32:51,045 | INFO | Scenario: scenario_3___nu=3 | n_rep: 401 | KDE model: t-student rot df=3
2026-05-06 06:32:51,745 | INFO | Scenario: scenario_3___nu=3 | n_rep: 402 | KDE model: gaussian rot
2026-05-06 06:32:52,336 | INFO | Scenario: scenario_3___nu=3 | n_rep: 402 | KDE model: t-student rot df=3
2026-05-06 06:32:52,960 | INFO | Scenario: scenario_3___nu=3 | n_rep: 403 | KDE model: gaussian rot
2026-05-06 06:32:53,626 | INFO | Scenario: scenario_3___nu=3 | n_rep: 403 | KDE model: t-student rot df=3
2026-05-06 06:32:54,357 | INFO | Scenario: scenario_3___nu=3 | n_rep: 404 | KDE model: gaussian rot
2026-05-06 06:32:54,807 | INFO | Scenario: scenario_3___nu=3 | n_rep: 404 | KDE model: t-student rot df=3
2026-05-06 06:32:55,212 | INFO | Scenario: scenario_3___nu=3 | n_rep: 405 | KDE model: gaussian rot
2026-05-06 06:32:55,894 | INFO | Scenario: scenario_3___nu=3 | n_rep: 405 | KDE model: t-student rot df=3
2026-05-06 06:32:56,590 | INFO | Scenario: scenario_3___nu=3 | n_rep: 406 | KDE model: gaussian rot
2026-05-06 06:32:57,051 | INFO | Scenario: scenario_3___nu=3 | n_rep: 406 | KDE model: t-student rot df=3
2026-05-06 06:32:57,543 | INFO | Scenario: scenario_3___nu=3 | n_rep: 407 | KDE model: gaussian rot
2026-05-06 06:32:58,577 | INFO | Scenario: scenario_3___nu=3 | n_rep: 407 | KDE model: t-student rot df=3
2026-05-06 06:32:59,663 | INFO | Scenario: scenario_3___nu=3 | n_rep: 408 | KDE model: gaussian rot
2026-05-06 06:33:00,241 | INFO | Scenario: scenario_3___nu=3 | n_rep: 408 | KDE model: t-student rot df=3
2026-05-06 06:33:00,839 | INFO | Scenario: scenario_3___nu=3 | n_rep: 409 | KDE model: gaussian rot
2026-05-06 06:33:01,198 | INFO | Scenario: scenario_3___nu=3 | n_rep: 409 | KDE model: t-student rot df=3
2026-05-06 06:33:01,819 | INFO | Scenario: scenario_3___nu=3 | n_rep: 410 | KDE model: gaussian rot
2026-05-06 06:33:02,146 | INFO | Scenario: scenario_3___nu=3 | n_rep: 410 | KDE model: t-student rot df=3
2026-05-06 06:33:02,523 | INFO | Scenario: scenario_3___nu=3 | n_rep: 411 | KDE model: gaussian rot
2026-05-06 06:33:03,240 | INFO | Scenario: scenario_3___nu=3 | n_rep: 411 | KDE model: t-student rot df=3
2026-05-06 06:33:03,992 | INFO | Scenario: scenario_3___nu=3 | n_rep: 412 | KDE model: gaussian rot
2026-05-06 06:33:04,595 | INFO | Scenario: scenario_3___nu=3 | n_rep: 412 | KDE model: t-student rot df=3
2026-05-06 06:33:05,180 | INFO | Scenario: scenario_3___nu=3 | n_rep: 413 | KDE model: gaussian rot
2026-05-06 06:33:05,597 | INFO | Scenario: scenario_3___nu=3 | n_rep: 413 | KDE model: t-student rot df=3
2026-05-06 06:33:06,007 | INFO | Scenario: scenario_3___nu=3 | n_rep: 414 | KDE model: gaussian rot
2026-05-06 06:33:06,411 | INFO | Scenario: scenario_3___nu=3 | n_rep: 414 | KDE model: t-student rot df=3
2026-05-06 06:33:06,772 | INFO | Scenario: scenario_3___nu=3 | n_rep: 415 | KDE model: gaussian rot
2026-05-06 06:33:07,396 | INFO | Scenario: scenario_3___nu=3 | n_rep: 415 | KDE model: t-student rot df=3
2026-05-06 06:33:08,018 | INFO | Scenario: scenario_3___nu=3 | n_rep: 416 | KDE model: gaussian rot
2026-05-06 06:33:08,465 | INFO | Scenario: scenario_3___nu=3 | n_rep: 416 | KDE model: t-student rot df=3
2026-05-06 06:33:08,978 | INFO | Scenario: scenario_3___nu=3 | n_rep: 417 | KDE model: gaussian rot
2026-05-06 06:33:09,368 | INFO | Scenario: scenario_3___nu=3 | n_rep: 417 | KDE model: t-student rot df=3
2026-05-06 06:33:09,790 | INFO | Scenario: scenario_3___nu=3 | n_rep: 418 | KDE model: gaussian rot
2026-05-06 06:33:10,123 | INFO | Scenario: scenario_3___nu=3 | n_rep: 418 | KDE model: t-student rot df=3
2026-05-06 06:33:10,448 | INFO | Scenario: scenario_3___nu=3 | n_rep: 419 | KDE model: gaussian rot
2026-05-06 06:33:10,840 | INFO | Scenario: scenario_3___nu=3 | n_rep: 419 | KDE model: t-student rot df=3
2026-05-06 06:33:11,426 | INFO | Scenario: scenario_3___nu=3 | n_rep: 420 | KDE model: gaussian rot
2026-05-06 06:33:11,864 | INFO | Scenario: scenario_3___nu=3 | n_rep: 420 | KDE model: t-student rot df=3
2026-05-06 06:33:12,317 | INFO | Scenario: scenario_3___nu=3 | n_rep: 421 | KDE model: gaussian rot
2026-05-06 06:33:13,059 | INFO | Scenario: scenario_3___nu=3 | n_rep: 421 | KDE model: t-student rot df=3
2026-05-06 06:33:13,791 | INFO | Scenario: scenario_3___nu=3 | n_rep: 422 | KDE model: gaussian rot
2026-05-06 06:33:14,431 | INFO | Scenario: scenario_3___nu=3 | n_rep: 422 | KDE model: t-student rot df=3
2026-05-06 06:33:15,036 | INFO | Scenario: scenario_3___nu=3 | n_rep: 423 | KDE model: gaussian rot
2026-05-06 06:33:15,676 | INFO | Scenario: scenario_3___nu=3 | n_rep: 423 | KDE model: t-student rot df=3
2026-05-06 06:33:16,270 | INFO | Scenario: scenario_3___nu=3 | n_rep: 424 | KDE model: gaussian rot
2026-05-06 06:33:16,698 | INFO | Scenario: scenario_3___nu=3 | n_rep: 424 | KDE model: t-student rot df=3
2026-05-06 06:33:17,099 | INFO | Scenario: scenario_3___nu=3 | n_rep: 425 | KDE model: gaussian rot
2026-05-06 06:33:17,471 | INFO | Scenario: scenario_3___nu=3 | n_rep: 425 | KDE model: t-student rot df=3
2026-05-06 06:33:17,863 | INFO | Scenario: scenario_3___nu=3 | n_rep: 426 | KDE model: gaussian rot
2026-05-06 06:33:18,507 | INFO | Scenario: scenario_3___nu=3 | n_rep: 426 | KDE model: t-student rot df=3
2026-05-06 06:33:19,203 | INFO | Scenario: scenario_3___nu=3 | n_rep: 427 | KDE model: gaussian rot
2026-05-06 06:33:20,017 | INFO | Scenario: scenario_3___nu=3 | n_rep: 427 | KDE model: t-student rot df=3
2026-05-06 06:33:20,847 | INFO | Scenario: scenario_3___nu=3 | n_rep: 428 | KDE model: gaussian rot
2026-05-06 06:33:21,263 | INFO | Scenario: scenario_3___nu=3 | n_rep: 428 | KDE model: t-student rot df=3
2026-05-06 06:33:21,652 | INFO | Scenario: scenario_3___nu=3 | n_rep: 429 | KDE model: gaussian rot
2026-05-06 06:33:22,404 | INFO | Scenario: scenario_3___nu=3 | n_rep: 429 | KDE model: t-student rot df=3
2026-05-06 06:33:23,178 | INFO | Scenario: scenario_3___nu=3 | n_rep: 430 | KDE model: gaussian rot
2026-05-06 06:33:23,592 | INFO | Scenario: scenario_3___nu=3 | n_rep: 430 | KDE model: t-student rot df=3
2026-05-06 06:33:24,005 | INFO | Scenario: scenario_3___nu=3 | n_rep: 431 | KDE model: gaussian rot
2026-05-06 06:33:24,477 | INFO | Scenario: scenario_3___nu=3 | n_rep: 431 | KDE model: t-student rot df=3
2026-05-06 06:33:24,939 | INFO | Scenario: scenario_3___nu=3 | n_rep: 432 | KDE model: gaussian rot
2026-05-06 06:33:25,360 | INFO | Scenario: scenario_3___nu=3 | n_rep: 432 | KDE model: t-student rot df=3
2026-05-06 06:33:25,736 | INFO | Scenario: scenario_3___nu=3 | n_rep: 433 | KDE model: gaussian rot
2026-05-06 06:33:26,195 | INFO | Scenario: scenario_3___nu=3 | n_rep: 433 | KDE model: t-student rot df=3
2026-05-06 06:33:26,638 | INFO | Scenario: scenario_3___nu=3 | n_rep: 434 | KDE model: gaussian rot
2026-05-06 06:33:27,094 | INFO | Scenario: scenario_3___nu=3 | n_rep: 434 | KDE model: t-student rot df=3
2026-05-06 06:33:27,519 | INFO | Scenario: scenario_3___nu=3 | n_rep: 435 | KDE model: gaussian rot
2026-05-06 06:33:27,969 | INFO | Scenario: scenario_3___nu=3 | n_rep: 435 | KDE model: t-student rot df=3
2026-05-06 06:33:28,423 | INFO | Scenario: scenario_3___nu=3 | n_rep: 436 | KDE model: gaussian rot
2026-05-06 06:33:28,863 | INFO | Scenario: scenario_3___nu=3 | n_rep: 436 | KDE model: t-student rot df=3
2026-05-06 06:33:29,252 | INFO | Scenario: scenario_3___nu=3 | n_rep: 437 | KDE model: gaussian rot
2026-05-06 06:33:29,845 | INFO | Scenario: scenario_3___nu=3 | n_rep: 437 | KDE model: t-student rot df=3
2026-05-06 06:33:30,404 | INFO | Scenario: scenario_3___nu=3 | n_rep: 438 | KDE model: gaussian rot
2026-05-06 06:33:30,851 | INFO | Scenario: scenario_3___nu=3 | n_rep: 438 | KDE model: t-student rot df=3
2026-05-06 06:33:31,236 | INFO | Scenario: scenario_3___nu=3 | n_rep: 439 | KDE model: gaussian rot
2026-05-06 06:33:31,644 | INFO | Scenario: scenario_3___nu=3 | n_rep: 439 | KDE model: t-student rot df=3
2026-05-06 06:33:31,989 | INFO | Scenario: scenario_3___nu=3 | n_rep: 440 | KDE model: gaussian rot
2026-05-06 06:33:32,517 | INFO | Scenario: scenario_3___nu=3 | n_rep: 440 | KDE model: t-student rot df=3
2026-05-06 06:33:33,181 | INFO | Scenario: scenario_3___nu=3 | n_rep: 441 | KDE model: gaussian rot
2026-05-06 06:33:33,613 | INFO | Scenario: scenario_3___nu=3 | n_rep: 441 | KDE model: t-student rot df=3
2026-05-06 06:33:34,057 | INFO | Scenario: scenario_3___nu=3 | n_rep: 442 | KDE model: gaussian rot
2026-05-06 06:33:34,738 | INFO | Scenario: scenario_3___nu=3 | n_rep: 442 | KDE model: t-student rot df=3
2026-05-06 06:33:35,338 | INFO | Scenario: scenario_3___nu=3 | n_rep: 443 | KDE model: gaussian rot
2026-05-06 06:33:35,913 | INFO | Scenario: scenario_3___nu=3 | n_rep: 443 | KDE model: t-student rot df=3
2026-05-06 06:33:36,476 | INFO | Scenario: scenario_3___nu=3 | n_rep: 444 | KDE model: gaussian rot
2026-05-06 06:33:37,051 | INFO | Scenario: scenario_3___nu=3 | n_rep: 444 | KDE model: t-student rot df=3
2026-05-06 06:33:37,755 | INFO | Scenario: scenario_3___nu=3 | n_rep: 445 | KDE model: gaussian rot
2026-05-06 06:33:38,399 | INFO | Scenario: scenario_3___nu=3 | n_rep: 445 | KDE model: t-student rot df=3
2026-05-06 06:33:39,086 | INFO | Scenario: scenario_3___nu=3 | n_rep: 446 | KDE model: gaussian rot
2026-05-06 06:33:39,465 | INFO | Scenario: scenario_3___nu=3 | n_rep: 446 | KDE model: t-student rot df=3
2026-05-06 06:33:39,862 | INFO | Scenario: scenario_3___nu=3 | n_rep: 447 | KDE model: gaussian rot
2026-05-06 06:33:40,482 | INFO | Scenario: scenario_3___nu=3 | n_rep: 447 | KDE model: t-student rot df=3
2026-05-06 06:33:40,999 | INFO | Scenario: scenario_3___nu=3 | n_rep: 448 | KDE model: gaussian rot
2026-05-06 06:33:41,553 | INFO | Scenario: scenario_3___nu=3 | n_rep: 448 | KDE model: t-student rot df=3
2026-05-06 06:33:42,148 | INFO | Scenario: scenario_3___nu=3 | n_rep: 449 | KDE model: gaussian rot
2026-05-06 06:33:42,920 | INFO | Scenario: scenario_3___nu=3 | n_rep: 449 | KDE model: t-student rot df=3
2026-05-06 06:33:43,727 | INFO | Scenario: scenario_3___nu=3 | n_rep: 450 | KDE model: gaussian rot
2026-05-06 06:33:44,635 | INFO | Scenario: scenario_3___nu=3 | n_rep: 450 | KDE model: t-student rot df=3
2026-05-06 06:33:45,086 | INFO | Scenario: scenario_3___nu=3 | n_rep: 451 | KDE model: gaussian rot
2026-05-06 06:33:45,631 | INFO | Scenario: scenario_3___nu=3 | n_rep: 451 | KDE model: t-student rot df=3
2026-05-06 06:33:46,058 | INFO | Scenario: scenario_3___nu=3 | n_rep: 452 | KDE model: gaussian rot
2026-05-06 06:33:46,568 | INFO | Scenario: scenario_3___nu=3 | n_rep: 452 | KDE model: t-student rot df=3
2026-05-06 06:33:47,021 | INFO | Scenario: scenario_3___nu=3 | n_rep: 453 | KDE model: gaussian rot
2026-05-06 06:33:47,629 | INFO | Scenario: scenario_3___nu=3 | n_rep: 453 | KDE model: t-student rot df=3
2026-05-06 06:33:48,241 | INFO | Scenario: scenario_3___nu=3 | n_rep: 454 | KDE model: gaussian rot
2026-05-06 06:33:48,771 | INFO | Scenario: scenario_3___nu=3 | n_rep: 454 | KDE model: t-student rot df=3
2026-05-06 06:33:49,304 | INFO | Scenario: scenario_3___nu=3 | n_rep: 455 | KDE model: gaussian rot
2026-05-06 06:33:49,730 | INFO | Scenario: scenario_3___nu=3 | n_rep: 455 | KDE model: t-student rot df=3
2026-05-06 06:33:50,183 | INFO | Scenario: scenario_3___nu=3 | n_rep: 456 | KDE model: gaussian rot
2026-05-06 06:33:50,671 | INFO | Scenario: scenario_3___nu=3 | n_rep: 456 | KDE model: t-student rot df=3
2026-05-06 06:33:51,088 | INFO | Scenario: scenario_3___nu=3 | n_rep: 457 | KDE model: gaussian rot
2026-05-06 06:33:51,755 | INFO | Scenario: scenario_3___nu=3 | n_rep: 457 | KDE model: t-student rot df=3
2026-05-06 06:33:52,313 | INFO | Scenario: scenario_3___nu=3 | n_rep: 458 | KDE model: gaussian rot
2026-05-06 06:33:52,563 | INFO | Scenario: scenario_3___nu=3 | n_rep: 458 | KDE model: t-student rot df=3
2026-05-06 06:33:53,252 | INFO | Scenario: scenario_3___nu=3 | n_rep: 459 | KDE model: gaussian rot
2026-05-06 06:33:53,670 | INFO | Scenario: scenario_3___nu=3 | n_rep: 459 | KDE model: t-student rot df=3
2026-05-06 06:33:54,088 | INFO | Scenario: scenario_3___nu=3 | n_rep: 460 | KDE model: gaussian rot
2026-05-06 06:33:54,444 | INFO | Scenario: scenario_3___nu=3 | n_rep: 460 | KDE model: t-student rot df=3
2026-05-06 06:33:54,968 | INFO | Scenario: scenario_3___nu=3 | n_rep: 461 | KDE model: gaussian rot
2026-05-06 06:33:55,409 | INFO | Scenario: scenario_3___nu=3 | n_rep: 461 | KDE model: t-student rot df=3
2026-05-06 06:33:55,807 | INFO | Scenario: scenario_3___nu=3 | n_rep: 462 | KDE model: gaussian rot
2026-05-06 06:33:56,257 | INFO | Scenario: scenario_3___nu=3 | n_rep: 462 | KDE model: t-student rot df=3
2026-05-06 06:33:56,763 | INFO | Scenario: scenario_3___nu=3 | n_rep: 463 | KDE model: gaussian rot
2026-05-06 06:33:57,177 | INFO | Scenario: scenario_3___nu=3 | n_rep: 463 | KDE model: t-student rot df=3
2026-05-06 06:33:57,571 | INFO | Scenario: scenario_3___nu=3 | n_rep: 464 | KDE model: gaussian rot
2026-05-06 06:33:57,953 | INFO | Scenario: scenario_3___nu=3 | n_rep: 464 | KDE model: t-student rot df=3
2026-05-06 06:33:58,313 | INFO | Scenario: scenario_3___nu=3 | n_rep: 465 | KDE model: gaussian rot
2026-05-06 06:33:59,584 | INFO | Scenario: scenario_3___nu=3 | n_rep: 465 | KDE model: t-student rot df=3
2026-05-06 06:34:00,780 | INFO | Scenario: scenario_3___nu=3 | n_rep: 466 | KDE model: gaussian rot
2026-05-06 06:34:01,718 | INFO | Scenario: scenario_3___nu=3 | n_rep: 466 | KDE model: t-student rot df=3
2026-05-06 06:34:02,596 | INFO | Scenario: scenario_3___nu=3 | n_rep: 467 | KDE model: gaussian rot
2026-05-06 06:34:03,327 | INFO | Scenario: scenario_3___nu=3 | n_rep: 467 | KDE model: t-student rot df=3
2026-05-06 06:34:04,070 | INFO | Scenario: scenario_3___nu=3 | n_rep: 468 | KDE model: gaussian rot
2026-05-06 06:34:04,447 | INFO | Scenario: scenario_3___nu=3 | n_rep: 468 | KDE model: t-student rot df=3
2026-05-06 06:34:04,787 | INFO | Scenario: scenario_3___nu=3 | n_rep: 469 | KDE model: gaussian rot
2026-05-06 06:34:05,482 | INFO | Scenario: scenario_3___nu=3 | n_rep: 469 | KDE model: t-student rot df=3
2026-05-06 06:34:06,039 | INFO | Scenario: scenario_3___nu=3 | n_rep: 470 | KDE model: gaussian rot
2026-05-06 06:34:06,780 | INFO | Scenario: scenario_3___nu=3 | n_rep: 470 | KDE model: t-student rot df=3
2026-05-06 06:34:07,459 | INFO | Scenario: scenario_3___nu=3 | n_rep: 471 | KDE model: gaussian rot
2026-05-06 06:34:07,665 | INFO | Scenario: scenario_3___nu=3 | n_rep: 471 | KDE model: t-student rot df=3
2026-05-06 06:34:07,878 | INFO | Scenario: scenario_3___nu=3 | n_rep: 472 | KDE model: gaussian rot
2026-05-06 06:34:08,295 | INFO | Scenario: scenario_3___nu=3 | n_rep: 472 | KDE model: t-student rot df=3
2026-05-06 06:34:08,676 | INFO | Scenario: scenario_3___nu=3 | n_rep: 473 | KDE model: gaussian rot
2026-05-06 06:34:09,070 | INFO | Scenario: scenario_3___nu=3 | n_rep: 473 | KDE model: t-student rot df=3
2026-05-06 06:34:09,506 | INFO | Scenario: scenario_3___nu=3 | n_rep: 474 | KDE model: gaussian rot
2026-05-06 06:34:09,941 | INFO | Scenario: scenario_3___nu=3 | n_rep: 474 | KDE model: t-student rot df=3
2026-05-06 06:34:10,283 | INFO | Scenario: scenario_3___nu=3 | n_rep: 475 | KDE model: gaussian rot
2026-05-06 06:34:10,693 | INFO | Scenario: scenario_3___nu=3 | n_rep: 475 | KDE model: t-student rot df=3
2026-05-06 06:34:11,085 | INFO | Scenario: scenario_3___nu=3 | n_rep: 476 | KDE model: gaussian rot
2026-05-06 06:34:11,529 | INFO | Scenario: scenario_3___nu=3 | n_rep: 476 | KDE model: t-student rot df=3
2026-05-06 06:34:11,999 | INFO | Scenario: scenario_3___nu=3 | n_rep: 477 | KDE model: gaussian rot
2026-05-06 06:34:12,557 | INFO | Scenario: scenario_3___nu=3 | n_rep: 477 | KDE model: t-student rot df=3
2026-05-06 06:34:13,096 | INFO | Scenario: scenario_3___nu=3 | n_rep: 478 | KDE model: gaussian rot
2026-05-06 06:34:13,496 | INFO | Scenario: scenario_3___nu=3 | n_rep: 478 | KDE model: t-student rot df=3
2026-05-06 06:34:13,926 | INFO | Scenario: scenario_3___nu=3 | n_rep: 479 | KDE model: gaussian rot
2026-05-06 06:34:14,323 | INFO | Scenario: scenario_3___nu=3 | n_rep: 479 | KDE model: t-student rot df=3
2026-05-06 06:34:14,694 | INFO | Scenario: scenario_3___nu=3 | n_rep: 480 | KDE model: gaussian rot
2026-05-06 06:34:15,427 | INFO | Scenario: scenario_3___nu=3 | n_rep: 480 | KDE model: t-student rot df=3
2026-05-06 06:34:15,821 | INFO | Scenario: scenario_3___nu=3 | n_rep: 481 | KDE model: gaussian rot
2026-05-06 06:34:16,242 | INFO | Scenario: scenario_3___nu=3 | n_rep: 481 | KDE model: t-student rot df=3
2026-05-06 06:34:16,662 | INFO | Scenario: scenario_3___nu=3 | n_rep: 482 | KDE model: gaussian rot
2026-05-06 06:34:17,031 | INFO | Scenario: scenario_3___nu=3 | n_rep: 482 | KDE model: t-student rot df=3
2026-05-06 06:34:17,378 | INFO | Scenario: scenario_3___nu=3 | n_rep: 483 | KDE model: gaussian rot
2026-05-06 06:34:17,997 | INFO | Scenario: scenario_3___nu=3 | n_rep: 483 | KDE model: t-student rot df=3
2026-05-06 06:34:18,729 | INFO | Scenario: scenario_3___nu=3 | n_rep: 484 | KDE model: gaussian rot
2026-05-06 06:34:19,107 | INFO | Scenario: scenario_3___nu=3 | n_rep: 484 | KDE model: t-student rot df=3
2026-05-06 06:34:19,535 | INFO | Scenario: scenario_3___nu=3 | n_rep: 485 | KDE model: gaussian rot
2026-05-06 06:34:20,145 | INFO | Scenario: scenario_3___nu=3 | n_rep: 485 | KDE model: t-student rot df=3
2026-05-06 06:34:20,780 | INFO | Scenario: scenario_3___nu=3 | n_rep: 486 | KDE model: gaussian rot
2026-05-06 06:34:21,415 | INFO | Scenario: scenario_3___nu=3 | n_rep: 486 | KDE model: t-student rot df=3
2026-05-06 06:34:22,006 | INFO | Scenario: scenario_3___nu=3 | n_rep: 487 | KDE model: gaussian rot
2026-05-06 06:34:22,659 | INFO | Scenario: scenario_3___nu=3 | n_rep: 487 | KDE model: t-student rot df=3
2026-05-06 06:34:23,264 | INFO | Scenario: scenario_3___nu=3 | n_rep: 488 | KDE model: gaussian rot
2026-05-06 06:34:23,637 | INFO | Scenario: scenario_3___nu=3 | n_rep: 488 | KDE model: t-student rot df=3
2026-05-06 06:34:24,021 | INFO | Scenario: scenario_3___nu=3 | n_rep: 489 | KDE model: gaussian rot
2026-05-06 06:34:24,760 | INFO | Scenario: scenario_3___nu=3 | n_rep: 489 | KDE model: t-student rot df=3
2026-05-06 06:34:25,528 | INFO | Scenario: scenario_3___nu=3 | n_rep: 490 | KDE model: gaussian rot
2026-05-06 06:34:26,212 | INFO | Scenario: scenario_3___nu=3 | n_rep: 490 | KDE model: t-student rot df=3
2026-05-06 06:34:26,964 | INFO | Scenario: scenario_3___nu=3 | n_rep: 491 | KDE model: gaussian rot
2026-05-06 06:34:27,356 | INFO | Scenario: scenario_3___nu=3 | n_rep: 491 | KDE model: t-student rot df=3
2026-05-06 06:34:27,739 | INFO | Scenario: scenario_3___nu=3 | n_rep: 492 | KDE model: gaussian rot
2026-05-06 06:34:28,220 | INFO | Scenario: scenario_3___nu=3 | n_rep: 492 | KDE model: t-student rot df=3
2026-05-06 06:34:28,759 | INFO | Scenario: scenario_3___nu=3 | n_rep: 493 | KDE model: gaussian rot
2026-05-06 06:34:29,199 | INFO | Scenario: scenario_3___nu=3 | n_rep: 493 | KDE model: t-student rot df=3
2026-05-06 06:34:29,671 | INFO | Scenario: scenario_3___nu=3 | n_rep: 494 | KDE model: gaussian rot
2026-05-06 06:34:30,078 | INFO | Scenario: scenario_3___nu=3 | n_rep: 494 | KDE model: t-student rot df=3
2026-05-06 06:34:30,506 | INFO | Scenario: scenario_3___nu=3 | n_rep: 495 | KDE model: gaussian rot
2026-05-06 06:34:31,096 | INFO | Scenario: scenario_3___nu=3 | n_rep: 495 | KDE model: t-student rot df=3
2026-05-06 06:34:31,634 | INFO | Scenario: scenario_3___nu=3 | n_rep: 496 | KDE model: gaussian rot
2026-05-06 06:34:32,066 | INFO | Scenario: scenario_3___nu=3 | n_rep: 496 | KDE model: t-student rot df=3
2026-05-06 06:34:32,477 | INFO | Scenario: scenario_3___nu=3 | n_rep: 497 | KDE model: gaussian rot
2026-05-06 06:34:32,859 | INFO | Scenario: scenario_3___nu=3 | n_rep: 497 | KDE model: t-student rot df=3
2026-05-06 06:34:33,202 | INFO | Scenario: scenario_3___nu=3 | n_rep: 498 | KDE model: gaussian rot
2026-05-06 06:34:33,641 | INFO | Scenario: scenario_3___nu=3 | n_rep: 498 | KDE model: t-student rot df=3
2026-05-06 06:34:34,055 | INFO | Scenario: scenario_3___nu=3 | n_rep: 499 | KDE model: gaussian rot
2026-05-06 06:34:34,439 | INFO | Scenario: scenario_3___nu=3 | n_rep: 499 | KDE model: t-student rot df=3
2026-05-06 06:34:34,848 | INFO | Scenario: scenario_3___nu=8 | n_rep: 0 | KDE model: gaussian rot
2026-05-06 06:34:35,340 | INFO | Scenario: scenario_3___nu=8 | n_rep: 0 | KDE model: t-student rot df=3
2026-05-06 06:34:35,742 | INFO | Scenario: scenario_3___nu=8 | n_rep: 1 | KDE model: gaussian rot
2026-05-06 06:34:36,436 | INFO | Scenario: scenario_3___nu=8 | n_rep: 1 | KDE model: t-student rot df=3
2026-05-06 06:34:37,041 | INFO | Scenario: scenario_3___nu=8 | n_rep: 2 | KDE model: gaussian rot
2026-05-06 06:34:37,755 | INFO | Scenario: scenario_3___nu=8 | n_rep: 2 | KDE model: t-student rot df=3
2026-05-06 06:34:38,446 | INFO | Scenario: scenario_3___nu=8 | n_rep: 3 | KDE model: gaussian rot
2026-05-06 06:34:39,613 | INFO | Scenario: scenario_3___nu=8 | n_rep: 3 | KDE model: t-student rot df=3
2026-05-06 06:34:40,525 | INFO | Scenario: scenario_3___nu=8 | n_rep: 4 | KDE model: gaussian rot
2026-05-06 06:34:40,996 | INFO | Scenario: scenario_3___nu=8 | n_rep: 4 | KDE model: t-student rot df=3
2026-05-06 06:34:41,459 | INFO | Scenario: scenario_3___nu=8 | n_rep: 5 | KDE model: gaussian rot
2026-05-06 06:34:41,782 | INFO | Scenario: scenario_3___nu=8 | n_rep: 5 | KDE model: t-student rot df=3
2026-05-06 06:34:42,114 | INFO | Scenario: scenario_3___nu=8 | n_rep: 6 | KDE model: gaussian rot
2026-05-06 06:34:42,710 | INFO | Scenario: scenario_3___nu=8 | n_rep: 6 | KDE model: t-student rot df=3
2026-05-06 06:34:43,317 | INFO | Scenario: scenario_3___nu=8 | n_rep: 7 | KDE model: gaussian rot
2026-05-06 06:34:43,770 | INFO | Scenario: scenario_3___nu=8 | n_rep: 7 | KDE model: t-student rot df=3
2026-05-06 06:34:44,255 | INFO | Scenario: scenario_3___nu=8 | n_rep: 8 | KDE model: gaussian rot
2026-05-06 06:34:45,034 | INFO | Scenario: scenario_3___nu=8 | n_rep: 8 | KDE model: t-student rot df=3
2026-05-06 06:34:45,369 | INFO | Scenario: scenario_3___nu=8 | n_rep: 9 | KDE model: gaussian rot
2026-05-06 06:34:46,113 | INFO | Scenario: scenario_3___nu=8 | n_rep: 9 | KDE model: t-student rot df=3
2026-05-06 06:34:46,746 | INFO | Scenario: scenario_3___nu=8 | n_rep: 10 | KDE model: gaussian rot
2026-05-06 06:34:47,329 | INFO | Scenario: scenario_3___nu=8 | n_rep: 10 | KDE model: t-student rot df=3
2026-05-06 06:34:47,986 | INFO | Scenario: scenario_3___nu=8 | n_rep: 11 | KDE model: gaussian rot
2026-05-06 06:34:48,564 | INFO | Scenario: scenario_3___nu=8 | n_rep: 11 | KDE model: t-student rot df=3
2026-05-06 06:34:49,210 | INFO | Scenario: scenario_3___nu=8 | n_rep: 12 | KDE model: gaussian rot
2026-05-06 06:34:49,642 | INFO | Scenario: scenario_3___nu=8 | n_rep: 12 | KDE model: t-student rot df=3
2026-05-06 06:34:50,089 | INFO | Scenario: scenario_3___nu=8 | n_rep: 13 | KDE model: gaussian rot
2026-05-06 06:34:50,789 | INFO | Scenario: scenario_3___nu=8 | n_rep: 13 | KDE model: t-student rot df=3
2026-05-06 06:34:51,254 | INFO | Scenario: scenario_3___nu=8 | n_rep: 14 | KDE model: gaussian rot
2026-05-06 06:34:51,732 | INFO | Scenario: scenario_3___nu=8 | n_rep: 14 | KDE model: t-student rot df=3
2026-05-06 06:34:52,167 | INFO | Scenario: scenario_3___nu=8 | n_rep: 15 | KDE model: gaussian rot
2026-05-06 06:34:52,662 | INFO | Scenario: scenario_3___nu=8 | n_rep: 15 | KDE model: t-student rot df=3
2026-05-06 06:34:53,085 | INFO | Scenario: scenario_3___nu=8 | n_rep: 16 | KDE model: gaussian rot
2026-05-06 06:34:54,194 | INFO | Scenario: scenario_3___nu=8 | n_rep: 16 | KDE model: t-student rot df=3
2026-05-06 06:34:55,173 | INFO | Scenario: scenario_3___nu=8 | n_rep: 17 | KDE model: gaussian rot
2026-05-06 06:34:55,621 | INFO | Scenario: scenario_3___nu=8 | n_rep: 17 | KDE model: t-student rot df=3
2026-05-06 06:34:56,076 | INFO | Scenario: scenario_3___nu=8 | n_rep: 18 | KDE model: gaussian rot
2026-05-06 06:34:56,644 | INFO | Scenario: scenario_3___nu=8 | n_rep: 18 | KDE model: t-student rot df=3
2026-05-06 06:34:57,139 | INFO | Scenario: scenario_3___nu=8 | n_rep: 19 | KDE model: gaussian rot
2026-05-06 06:34:57,525 | INFO | Scenario: scenario_3___nu=8 | n_rep: 19 | KDE model: t-student rot df=3
2026-05-06 06:34:57,952 | INFO | Scenario: scenario_3___nu=8 | n_rep: 20 | KDE model: gaussian rot
2026-05-06 06:34:58,685 | INFO | Scenario: scenario_3___nu=8 | n_rep: 20 | KDE model: t-student rot df=3
2026-05-06 06:34:59,599 | INFO | Scenario: scenario_3___nu=8 | n_rep: 21 | KDE model: gaussian rot
2026-05-06 06:35:00,041 | INFO | Scenario: scenario_3___nu=8 | n_rep: 21 | KDE model: t-student rot df=3
2026-05-06 06:35:00,428 | INFO | Scenario: scenario_3___nu=8 | n_rep: 22 | KDE model: gaussian rot
2026-05-06 06:35:00,917 | INFO | Scenario: scenario_3___nu=8 | n_rep: 22 | KDE model: t-student rot df=3
2026-05-06 06:35:01,414 | INFO | Scenario: scenario_3___nu=8 | n_rep: 23 | KDE model: gaussian rot
2026-05-06 06:35:01,882 | INFO | Scenario: scenario_3___nu=8 | n_rep: 23 | KDE model: t-student rot df=3
2026-05-06 06:35:02,446 | INFO | Scenario: scenario_3___nu=8 | n_rep: 24 | KDE model: gaussian rot
2026-05-06 06:35:03,149 | INFO | Scenario: scenario_3___nu=8 | n_rep: 24 | KDE model: t-student rot df=3
2026-05-06 06:35:03,841 | INFO | Scenario: scenario_3___nu=8 | n_rep: 25 | KDE model: gaussian rot
2026-05-06 06:35:04,235 | INFO | Scenario: scenario_3___nu=8 | n_rep: 25 | KDE model: t-student rot df=3
2026-05-06 06:35:04,592 | INFO | Scenario: scenario_3___nu=8 | n_rep: 26 | KDE model: gaussian rot
2026-05-06 06:35:05,322 | INFO | Scenario: scenario_3___nu=8 | n_rep: 26 | KDE model: t-student rot df=3
2026-05-06 06:35:05,690 | INFO | Scenario: scenario_3___nu=8 | n_rep: 27 | KDE model: gaussian rot
2026-05-06 06:35:06,601 | INFO | Scenario: scenario_3___nu=8 | n_rep: 27 | KDE model: t-student rot df=3
2026-05-06 06:35:07,351 | INFO | Scenario: scenario_3___nu=8 | n_rep: 28 | KDE model: gaussian rot
2026-05-06 06:35:07,870 | INFO | Scenario: scenario_3___nu=8 | n_rep: 28 | KDE model: t-student rot df=3
2026-05-06 06:35:08,382 | INFO | Scenario: scenario_3___nu=8 | n_rep: 29 | KDE model: gaussian rot
2026-05-06 06:35:08,772 | INFO | Scenario: scenario_3___nu=8 | n_rep: 29 | KDE model: t-student rot df=3
2026-05-06 06:35:09,187 | INFO | Scenario: scenario_3___nu=8 | n_rep: 30 | KDE model: gaussian rot
2026-05-06 06:35:09,626 | INFO | Scenario: scenario_3___nu=8 | n_rep: 30 | KDE model: t-student rot df=3
2026-05-06 06:35:10,057 | INFO | Scenario: scenario_3___nu=8 | n_rep: 31 | KDE model: gaussian rot
2026-05-06 06:35:10,542 | INFO | Scenario: scenario_3___nu=8 | n_rep: 31 | KDE model: t-student rot df=3
2026-05-06 06:35:10,954 | INFO | Scenario: scenario_3___nu=8 | n_rep: 32 | KDE model: gaussian rot
2026-05-06 06:35:12,321 | INFO | Scenario: scenario_3___nu=8 | n_rep: 32 | KDE model: t-student rot df=3
2026-05-06 06:35:13,180 | INFO | Scenario: scenario_3___nu=8 | n_rep: 33 | KDE model: gaussian rot
2026-05-06 06:35:13,845 | INFO | Scenario: scenario_3___nu=8 | n_rep: 33 | KDE model: t-student rot df=3
2026-05-06 06:35:14,465 | INFO | Scenario: scenario_3___nu=8 | n_rep: 34 | KDE model: gaussian rot
2026-05-06 06:35:14,798 | INFO | Scenario: scenario_3___nu=8 | n_rep: 34 | KDE model: t-student rot df=3
2026-05-06 06:35:15,193 | INFO | Scenario: scenario_3___nu=8 | n_rep: 35 | KDE model: gaussian rot
2026-05-06 06:35:15,749 | INFO | Scenario: scenario_3___nu=8 | n_rep: 35 | KDE model: t-student rot df=3
2026-05-06 06:35:16,260 | INFO | Scenario: scenario_3___nu=8 | n_rep: 36 | KDE model: gaussian rot
2026-05-06 06:35:16,670 | INFO | Scenario: scenario_3___nu=8 | n_rep: 36 | KDE model: t-student rot df=3
2026-05-06 06:35:17,366 | INFO | Scenario: scenario_3___nu=8 | n_rep: 37 | KDE model: gaussian rot
2026-05-06 06:35:17,825 | INFO | Scenario: scenario_3___nu=8 | n_rep: 37 | KDE model: t-student rot df=3
2026-05-06 06:35:18,484 | INFO | Scenario: scenario_3___nu=8 | n_rep: 38 | KDE model: gaussian rot
2026-05-06 06:35:18,915 | INFO | Scenario: scenario_3___nu=8 | n_rep: 38 | KDE model: t-student rot df=3
2026-05-06 06:35:19,310 | INFO | Scenario: scenario_3___nu=8 | n_rep: 39 | KDE model: gaussian rot
2026-05-06 06:35:20,140 | INFO | Scenario: scenario_3___nu=8 | n_rep: 39 | KDE model: t-student rot df=3
2026-05-06 06:35:20,913 | INFO | Scenario: scenario_3___nu=8 | n_rep: 40 | KDE model: gaussian rot
2026-05-06 06:35:21,911 | INFO | Scenario: scenario_3___nu=8 | n_rep: 40 | KDE model: t-student rot df=3
2026-05-06 06:35:22,719 | INFO | Scenario: scenario_3___nu=8 | n_rep: 41 | KDE model: gaussian rot
2026-05-06 06:35:23,493 | INFO | Scenario: scenario_3___nu=8 | n_rep: 41 | KDE model: t-student rot df=3
2026-05-06 06:35:24,247 | INFO | Scenario: scenario_3___nu=8 | n_rep: 42 | KDE model: gaussian rot
2026-05-06 06:35:25,231 | INFO | Scenario: scenario_3___nu=8 | n_rep: 42 | KDE model: t-student rot df=3
2026-05-06 06:35:26,099 | INFO | Scenario: scenario_3___nu=8 | n_rep: 43 | KDE model: gaussian rot
2026-05-06 06:35:26,924 | INFO | Scenario: scenario_3___nu=8 | n_rep: 43 | KDE model: t-student rot df=3
2026-05-06 06:35:27,415 | INFO | Scenario: scenario_3___nu=8 | n_rep: 44 | KDE model: gaussian rot
2026-05-06 06:35:28,174 | INFO | Scenario: scenario_3___nu=8 | n_rep: 44 | KDE model: t-student rot df=3
2026-05-06 06:35:28,942 | INFO | Scenario: scenario_3___nu=8 | n_rep: 45 | KDE model: gaussian rot
2026-05-06 06:35:29,350 | INFO | Scenario: scenario_3___nu=8 | n_rep: 45 | KDE model: t-student rot df=3
2026-05-06 06:35:29,779 | INFO | Scenario: scenario_3___nu=8 | n_rep: 46 | KDE model: gaussian rot
2026-05-06 06:35:30,199 | INFO | Scenario: scenario_3___nu=8 | n_rep: 46 | KDE model: t-student rot df=3
2026-05-06 06:35:30,614 | INFO | Scenario: scenario_3___nu=8 | n_rep: 47 | KDE model: gaussian rot
2026-05-06 06:35:31,059 | INFO | Scenario: scenario_3___nu=8 | n_rep: 47 | KDE model: t-student rot df=3
2026-05-06 06:35:31,507 | INFO | Scenario: scenario_3___nu=8 | n_rep: 48 | KDE model: gaussian rot
2026-05-06 06:35:31,890 | INFO | Scenario: scenario_3___nu=8 | n_rep: 48 | KDE model: t-student rot df=3
2026-05-06 06:35:32,243 | INFO | Scenario: scenario_3___nu=8 | n_rep: 49 | KDE model: gaussian rot
2026-05-06 06:35:32,874 | INFO | Scenario: scenario_3___nu=8 | n_rep: 49 | KDE model: t-student rot df=3
2026-05-06 06:35:33,580 | INFO | Scenario: scenario_3___nu=8 | n_rep: 50 | KDE model: gaussian rot
2026-05-06 06:35:33,957 | INFO | Scenario: scenario_3___nu=8 | n_rep: 50 | KDE model: t-student rot df=3
2026-05-06 06:35:34,233 | INFO | Scenario: scenario_3___nu=8 | n_rep: 51 | KDE model: gaussian rot
2026-05-06 06:35:34,639 | INFO | Scenario: scenario_3___nu=8 | n_rep: 51 | KDE model: t-student rot df=3
2026-05-06 06:35:35,319 | INFO | Scenario: scenario_3___nu=8 | n_rep: 52 | KDE model: gaussian rot
2026-05-06 06:35:36,026 | INFO | Scenario: scenario_3___nu=8 | n_rep: 52 | KDE model: t-student rot df=3
2026-05-06 06:35:36,534 | INFO | Scenario: scenario_3___nu=8 | n_rep: 53 | KDE model: gaussian rot
2026-05-06 06:35:37,158 | INFO | Scenario: scenario_3___nu=8 | n_rep: 53 | KDE model: t-student rot df=3
2026-05-06 06:35:37,665 | INFO | Scenario: scenario_3___nu=8 | n_rep: 54 | KDE model: gaussian rot
2026-05-06 06:35:38,382 | INFO | Scenario: scenario_3___nu=8 | n_rep: 54 | KDE model: t-student rot df=3
2026-05-06 06:35:39,054 | INFO | Scenario: scenario_3___nu=8 | n_rep: 55 | KDE model: gaussian rot
2026-05-06 06:35:39,508 | INFO | Scenario: scenario_3___nu=8 | n_rep: 55 | KDE model: t-student rot df=3
2026-05-06 06:35:39,939 | INFO | Scenario: scenario_3___nu=8 | n_rep: 56 | KDE model: gaussian rot
2026-05-06 06:35:40,543 | INFO | Scenario: scenario_3___nu=8 | n_rep: 56 | KDE model: t-student rot df=3
2026-05-06 06:35:40,963 | INFO | Scenario: scenario_3___nu=8 | n_rep: 57 | KDE model: gaussian rot
2026-05-06 06:35:41,400 | INFO | Scenario: scenario_3___nu=8 | n_rep: 57 | KDE model: t-student rot df=3
2026-05-06 06:35:41,830 | INFO | Scenario: scenario_3___nu=8 | n_rep: 58 | KDE model: gaussian rot
2026-05-06 06:35:42,536 | INFO | Scenario: scenario_3___nu=8 | n_rep: 58 | KDE model: t-student rot df=3
2026-05-06 06:35:43,142 | INFO | Scenario: scenario_3___nu=8 | n_rep: 59 | KDE model: gaussian rot
2026-05-06 06:35:43,677 | INFO | Scenario: scenario_3___nu=8 | n_rep: 59 | KDE model: t-student rot df=3
2026-05-06 06:35:44,217 | INFO | Scenario: scenario_3___nu=8 | n_rep: 60 | KDE model: gaussian rot
2026-05-06 06:35:45,109 | INFO | Scenario: scenario_3___nu=8 | n_rep: 60 | KDE model: t-student rot df=3
2026-05-06 06:35:45,896 | INFO | Scenario: scenario_3___nu=8 | n_rep: 61 | KDE model: gaussian rot
2026-05-06 06:35:46,429 | INFO | Scenario: scenario_3___nu=8 | n_rep: 61 | KDE model: t-student rot df=3
2026-05-06 06:35:46,925 | INFO | Scenario: scenario_3___nu=8 | n_rep: 62 | KDE model: gaussian rot
2026-05-06 06:35:47,640 | INFO | Scenario: scenario_3___nu=8 | n_rep: 62 | KDE model: t-student rot df=3
2026-05-06 06:35:48,047 | INFO | Scenario: scenario_3___nu=8 | n_rep: 63 | KDE model: gaussian rot
2026-05-06 06:35:48,765 | INFO | Scenario: scenario_3___nu=8 | n_rep: 63 | KDE model: t-student rot df=3
2026-05-06 06:35:49,504 | INFO | Scenario: scenario_3___nu=8 | n_rep: 64 | KDE model: gaussian rot
2026-05-06 06:35:50,022 | INFO | Scenario: scenario_3___nu=8 | n_rep: 64 | KDE model: t-student rot df=3
2026-05-06 06:35:50,444 | INFO | Scenario: scenario_3___nu=8 | n_rep: 65 | KDE model: gaussian rot
2026-05-06 06:35:50,911 | INFO | Scenario: scenario_3___nu=8 | n_rep: 65 | KDE model: t-student rot df=3
2026-05-06 06:35:51,345 | INFO | Scenario: scenario_3___nu=8 | n_rep: 66 | KDE model: gaussian rot
2026-05-06 06:35:52,150 | INFO | Scenario: scenario_3___nu=8 | n_rep: 66 | KDE model: t-student rot df=3
2026-05-06 06:35:52,807 | INFO | Scenario: scenario_3___nu=8 | n_rep: 67 | KDE model: gaussian rot
2026-05-06 06:35:53,196 | INFO | Scenario: scenario_3___nu=8 | n_rep: 67 | KDE model: t-student rot df=3
2026-05-06 06:35:53,622 | INFO | Scenario: scenario_3___nu=8 | n_rep: 68 | KDE model: gaussian rot
2026-05-06 06:35:54,074 | INFO | Scenario: scenario_3___nu=8 | n_rep: 68 | KDE model: t-student rot df=3
2026-05-06 06:35:54,508 | INFO | Scenario: scenario_3___nu=8 | n_rep: 69 | KDE model: gaussian rot
2026-05-06 06:35:54,958 | INFO | Scenario: scenario_3___nu=8 | n_rep: 69 | KDE model: t-student rot df=3
2026-05-06 06:35:55,420 | INFO | Scenario: scenario_3___nu=8 | n_rep: 70 | KDE model: gaussian rot
2026-05-06 06:35:56,159 | INFO | Scenario: scenario_3___nu=8 | n_rep: 70 | KDE model: t-student rot df=3
2026-05-06 06:35:56,836 | INFO | Scenario: scenario_3___nu=8 | n_rep: 71 | KDE model: gaussian rot
2026-05-06 06:35:57,420 | INFO | Scenario: scenario_3___nu=8 | n_rep: 71 | KDE model: t-student rot df=3
2026-05-06 06:35:57,876 | INFO | Scenario: scenario_3___nu=8 | n_rep: 72 | KDE model: gaussian rot
2026-05-06 06:35:58,306 | INFO | Scenario: scenario_3___nu=8 | n_rep: 72 | KDE model: t-student rot df=3
2026-05-06 06:35:58,775 | INFO | Scenario: scenario_3___nu=8 | n_rep: 73 | KDE model: gaussian rot
2026-05-06 06:35:59,278 | INFO | Scenario: scenario_3___nu=8 | n_rep: 73 | KDE model: t-student rot df=3
2026-05-06 06:35:59,694 | INFO | Scenario: scenario_3___nu=8 | n_rep: 74 | KDE model: gaussian rot
2026-05-06 06:36:00,445 | INFO | Scenario: scenario_3___nu=8 | n_rep: 74 | KDE model: t-student rot df=3
2026-05-06 06:36:01,221 | INFO | Scenario: scenario_3___nu=8 | n_rep: 75 | KDE model: gaussian rot
2026-05-06 06:36:01,697 | INFO | Scenario: scenario_3___nu=8 | n_rep: 75 | KDE model: t-student rot df=3
2026-05-06 06:36:02,399 | INFO | Scenario: scenario_3___nu=8 | n_rep: 76 | KDE model: gaussian rot
2026-05-06 06:36:02,776 | INFO | Scenario: scenario_3___nu=8 | n_rep: 76 | KDE model: t-student rot df=3
2026-05-06 06:36:03,168 | INFO | Scenario: scenario_3___nu=8 | n_rep: 77 | KDE model: gaussian rot
2026-05-06 06:36:03,714 | INFO | Scenario: scenario_3___nu=8 | n_rep: 77 | KDE model: t-student rot df=3
2026-05-06 06:36:04,252 | INFO | Scenario: scenario_3___nu=8 | n_rep: 78 | KDE model: gaussian rot
2026-05-06 06:36:04,665 | INFO | Scenario: scenario_3___nu=8 | n_rep: 78 | KDE model: t-student rot df=3
2026-05-06 06:36:05,079 | INFO | Scenario: scenario_3___nu=8 | n_rep: 79 | KDE model: gaussian rot
2026-05-06 06:36:05,646 | INFO | Scenario: scenario_3___nu=8 | n_rep: 79 | KDE model: t-student rot df=3
2026-05-06 06:36:06,169 | INFO | Scenario: scenario_3___nu=8 | n_rep: 80 | KDE model: gaussian rot
2026-05-06 06:36:06,622 | INFO | Scenario: scenario_3___nu=8 | n_rep: 80 | KDE model: t-student rot df=3
2026-05-06 06:36:06,992 | INFO | Scenario: scenario_3___nu=8 | n_rep: 81 | KDE model: gaussian rot
2026-05-06 06:36:07,711 | INFO | Scenario: scenario_3___nu=8 | n_rep: 81 | KDE model: t-student rot df=3
2026-05-06 06:36:08,378 | INFO | Scenario: scenario_3___nu=8 | n_rep: 82 | KDE model: gaussian rot
2026-05-06 06:36:09,101 | INFO | Scenario: scenario_3___nu=8 | n_rep: 82 | KDE model: t-student rot df=3
2026-05-06 06:36:09,501 | INFO | Scenario: scenario_3___nu=8 | n_rep: 83 | KDE model: gaussian rot
2026-05-06 06:36:09,953 | INFO | Scenario: scenario_3___nu=8 | n_rep: 83 | KDE model: t-student rot df=3
2026-05-06 06:36:10,398 | INFO | Scenario: scenario_3___nu=8 | n_rep: 84 | KDE model: gaussian rot
2026-05-06 06:36:10,946 | INFO | Scenario: scenario_3___nu=8 | n_rep: 84 | KDE model: t-student rot df=3
2026-05-06 06:36:11,428 | INFO | Scenario: scenario_3___nu=8 | n_rep: 85 | KDE model: gaussian rot
2026-05-06 06:36:11,970 | INFO | Scenario: scenario_3___nu=8 | n_rep: 85 | KDE model: t-student rot df=3
2026-05-06 06:36:12,398 | INFO | Scenario: scenario_3___nu=8 | n_rep: 86 | KDE model: gaussian rot
2026-05-06 06:36:12,999 | INFO | Scenario: scenario_3___nu=8 | n_rep: 86 | KDE model: t-student rot df=3
2026-05-06 06:36:13,688 | INFO | Scenario: scenario_3___nu=8 | n_rep: 87 | KDE model: gaussian rot
2026-05-06 06:36:14,191 | INFO | Scenario: scenario_3___nu=8 | n_rep: 87 | KDE model: t-student rot df=3
2026-05-06 06:36:14,845 | INFO | Scenario: scenario_3___nu=8 | n_rep: 88 | KDE model: gaussian rot
2026-05-06 06:36:15,221 | INFO | Scenario: scenario_3___nu=8 | n_rep: 88 | KDE model: t-student rot df=3
2026-05-06 06:36:15,609 | INFO | Scenario: scenario_3___nu=8 | n_rep: 89 | KDE model: gaussian rot
2026-05-06 06:36:16,074 | INFO | Scenario: scenario_3___nu=8 | n_rep: 89 | KDE model: t-student rot df=3
2026-05-06 06:36:16,480 | INFO | Scenario: scenario_3___nu=8 | n_rep: 90 | KDE model: gaussian rot
2026-05-06 06:36:17,111 | INFO | Scenario: scenario_3___nu=8 | n_rep: 90 | KDE model: t-student rot df=3
2026-05-06 06:36:17,777 | INFO | Scenario: scenario_3___nu=8 | n_rep: 91 | KDE model: gaussian rot
2026-05-06 06:36:18,477 | INFO | Scenario: scenario_3___nu=8 | n_rep: 91 | KDE model: t-student rot df=3
2026-05-06 06:36:19,091 | INFO | Scenario: scenario_3___nu=8 | n_rep: 92 | KDE model: gaussian rot
2026-05-06 06:36:19,547 | INFO | Scenario: scenario_3___nu=8 | n_rep: 92 | KDE model: t-student rot df=3
2026-05-06 06:36:19,976 | INFO | Scenario: scenario_3___nu=8 | n_rep: 93 | KDE model: gaussian rot
2026-05-06 06:36:20,437 | INFO | Scenario: scenario_3___nu=8 | n_rep: 93 | KDE model: t-student rot df=3
2026-05-06 06:36:20,885 | INFO | Scenario: scenario_3___nu=8 | n_rep: 94 | KDE model: gaussian rot
2026-05-06 06:36:21,616 | INFO | Scenario: scenario_3___nu=8 | n_rep: 94 | KDE model: t-student rot df=3
2026-05-06 06:36:22,232 | INFO | Scenario: scenario_3___nu=8 | n_rep: 95 | KDE model: gaussian rot
2026-05-06 06:36:22,976 | INFO | Scenario: scenario_3___nu=8 | n_rep: 95 | KDE model: t-student rot df=3
2026-05-06 06:36:23,590 | INFO | Scenario: scenario_3___nu=8 | n_rep: 96 | KDE model: gaussian rot
2026-05-06 06:36:24,281 | INFO | Scenario: scenario_3___nu=8 | n_rep: 96 | KDE model: t-student rot df=3
2026-05-06 06:36:24,888 | INFO | Scenario: scenario_3___nu=8 | n_rep: 97 | KDE model: gaussian rot
2026-05-06 06:36:25,303 | INFO | Scenario: scenario_3___nu=8 | n_rep: 97 | KDE model: t-student rot df=3
2026-05-06 06:36:25,721 | INFO | Scenario: scenario_3___nu=8 | n_rep: 98 | KDE model: gaussian rot
2026-05-06 06:36:26,432 | INFO | Scenario: scenario_3___nu=8 | n_rep: 98 | KDE model: t-student rot df=3
2026-05-06 06:36:27,072 | INFO | Scenario: scenario_3___nu=8 | n_rep: 99 | KDE model: gaussian rot
2026-05-06 06:36:27,482 | INFO | Scenario: scenario_3___nu=8 | n_rep: 99 | KDE model: t-student rot df=3
2026-05-06 06:36:27,826 | INFO | Scenario: scenario_3___nu=8 | n_rep: 100 | KDE model: gaussian rot
2026-05-06 06:36:28,190 | INFO | Scenario: scenario_3___nu=8 | n_rep: 100 | KDE model: t-student rot df=3
2026-05-06 06:36:28,538 | INFO | Scenario: scenario_3___nu=8 | n_rep: 101 | KDE model: gaussian rot
2026-05-06 06:36:28,914 | INFO | Scenario: scenario_3___nu=8 | n_rep: 101 | KDE model: t-student rot df=3
2026-05-06 06:36:29,309 | INFO | Scenario: scenario_3___nu=8 | n_rep: 102 | KDE model: gaussian rot
2026-05-06 06:36:29,989 | INFO | Scenario: scenario_3___nu=8 | n_rep: 102 | KDE model: t-student rot df=3
2026-05-06 06:36:30,464 | INFO | Scenario: scenario_3___nu=8 | n_rep: 103 | KDE model: gaussian rot
2026-05-06 06:36:31,147 | INFO | Scenario: scenario_3___nu=8 | n_rep: 103 | KDE model: t-student rot df=3
2026-05-06 06:36:31,706 | INFO | Scenario: scenario_3___nu=8 | n_rep: 104 | KDE model: gaussian rot
2026-05-06 06:36:32,117 | INFO | Scenario: scenario_3___nu=8 | n_rep: 104 | KDE model: t-student rot df=3
2026-05-06 06:36:32,559 | INFO | Scenario: scenario_3___nu=8 | n_rep: 105 | KDE model: gaussian rot
2026-05-06 06:36:33,127 | INFO | Scenario: scenario_3___nu=8 | n_rep: 105 | KDE model: t-student rot df=3
2026-05-06 06:36:33,631 | INFO | Scenario: scenario_3___nu=8 | n_rep: 106 | KDE model: gaussian rot
2026-05-06 06:36:34,176 | INFO | Scenario: scenario_3___nu=8 | n_rep: 106 | KDE model: t-student rot df=3
2026-05-06 06:36:34,921 | INFO | Scenario: scenario_3___nu=8 | n_rep: 107 | KDE model: gaussian rot
2026-05-06 06:36:35,378 | INFO | Scenario: scenario_3___nu=8 | n_rep: 107 | KDE model: t-student rot df=3
2026-05-06 06:36:35,816 | INFO | Scenario: scenario_3___nu=8 | n_rep: 108 | KDE model: gaussian rot
2026-05-06 06:36:36,436 | INFO | Scenario: scenario_3___nu=8 | n_rep: 108 | KDE model: t-student rot df=3
2026-05-06 06:36:36,918 | INFO | Scenario: scenario_3___nu=8 | n_rep: 109 | KDE model: gaussian rot
2026-05-06 06:36:37,558 | INFO | Scenario: scenario_3___nu=8 | n_rep: 109 | KDE model: t-student rot df=3
2026-05-06 06:36:38,182 | INFO | Scenario: scenario_3___nu=8 | n_rep: 110 | KDE model: gaussian rot
2026-05-06 06:36:38,618 | INFO | Scenario: scenario_3___nu=8 | n_rep: 110 | KDE model: t-student rot df=3
2026-05-06 06:36:39,095 | INFO | Scenario: scenario_3___nu=8 | n_rep: 111 | KDE model: gaussian rot
2026-05-06 06:36:40,014 | INFO | Scenario: scenario_3___nu=8 | n_rep: 111 | KDE model: t-student rot df=3
2026-05-06 06:36:40,978 | INFO | Scenario: scenario_3___nu=8 | n_rep: 112 | KDE model: gaussian rot
2026-05-06 06:36:41,397 | INFO | Scenario: scenario_3___nu=8 | n_rep: 112 | KDE model: t-student rot df=3
2026-05-06 06:36:41,823 | INFO | Scenario: scenario_3___nu=8 | n_rep: 113 | KDE model: gaussian rot
2026-05-06 06:36:42,572 | INFO | Scenario: scenario_3___nu=8 | n_rep: 113 | KDE model: t-student rot df=3
2026-05-06 06:36:43,197 | INFO | Scenario: scenario_3___nu=8 | n_rep: 114 | KDE model: gaussian rot
2026-05-06 06:36:44,001 | INFO | Scenario: scenario_3___nu=8 | n_rep: 114 | KDE model: t-student rot df=3
2026-05-06 06:36:44,726 | INFO | Scenario: scenario_3___nu=8 | n_rep: 115 | KDE model: gaussian rot
2026-05-06 06:36:45,150 | INFO | Scenario: scenario_3___nu=8 | n_rep: 115 | KDE model: t-student rot df=3
2026-05-06 06:36:45,561 | INFO | Scenario: scenario_3___nu=8 | n_rep: 116 | KDE model: gaussian rot
2026-05-06 06:36:46,049 | INFO | Scenario: scenario_3___nu=8 | n_rep: 116 | KDE model: t-student rot df=3
2026-05-06 06:36:46,592 | INFO | Scenario: scenario_3___nu=8 | n_rep: 117 | KDE model: gaussian rot
2026-05-06 06:36:47,447 | INFO | Scenario: scenario_3___nu=8 | n_rep: 117 | KDE model: t-student rot df=3
2026-05-06 06:36:48,159 | INFO | Scenario: scenario_3___nu=8 | n_rep: 118 | KDE model: gaussian rot
2026-05-06 06:36:48,614 | INFO | Scenario: scenario_3___nu=8 | n_rep: 118 | KDE model: t-student rot df=3
2026-05-06 06:36:49,057 | INFO | Scenario: scenario_3___nu=8 | n_rep: 119 | KDE model: gaussian rot
2026-05-06 06:36:49,569 | INFO | Scenario: scenario_3___nu=8 | n_rep: 119 | KDE model: t-student rot df=3
2026-05-06 06:36:50,332 | INFO | Scenario: scenario_3___nu=8 | n_rep: 120 | KDE model: gaussian rot
2026-05-06 06:36:50,908 | INFO | Scenario: scenario_3___nu=8 | n_rep: 120 | KDE model: t-student rot df=3
2026-05-06 06:36:51,346 | INFO | Scenario: scenario_3___nu=8 | n_rep: 121 | KDE model: gaussian rot
2026-05-06 06:36:51,836 | INFO | Scenario: scenario_3___nu=8 | n_rep: 121 | KDE model: t-student rot df=3
2026-05-06 06:36:52,251 | INFO | Scenario: scenario_3___nu=8 | n_rep: 122 | KDE model: gaussian rot
2026-05-06 06:36:52,850 | INFO | Scenario: scenario_3___nu=8 | n_rep: 122 | KDE model: t-student rot df=3
2026-05-06 06:36:53,346 | INFO | Scenario: scenario_3___nu=8 | n_rep: 123 | KDE model: gaussian rot
2026-05-06 06:36:53,991 | INFO | Scenario: scenario_3___nu=8 | n_rep: 123 | KDE model: t-student rot df=3
2026-05-06 06:36:54,699 | INFO | Scenario: scenario_3___nu=8 | n_rep: 124 | KDE model: gaussian rot
2026-05-06 06:36:55,165 | INFO | Scenario: scenario_3___nu=8 | n_rep: 124 | KDE model: t-student rot df=3
2026-05-06 06:36:55,556 | INFO | Scenario: scenario_3___nu=8 | n_rep: 125 | KDE model: gaussian rot
2026-05-06 06:36:56,081 | INFO | Scenario: scenario_3___nu=8 | n_rep: 125 | KDE model: t-student rot df=3
2026-05-06 06:36:56,574 | INFO | Scenario: scenario_3___nu=8 | n_rep: 126 | KDE model: gaussian rot
2026-05-06 06:36:57,266 | INFO | Scenario: scenario_3___nu=8 | n_rep: 126 | KDE model: t-student rot df=3
2026-05-06 06:36:57,773 | INFO | Scenario: scenario_3___nu=8 | n_rep: 127 | KDE model: gaussian rot
2026-05-06 06:36:58,163 | INFO | Scenario: scenario_3___nu=8 | n_rep: 127 | KDE model: t-student rot df=3
2026-05-06 06:36:58,539 | INFO | Scenario: scenario_3___nu=8 | n_rep: 128 | KDE model: gaussian rot
2026-05-06 06:36:59,092 | INFO | Scenario: scenario_3___nu=8 | n_rep: 128 | KDE model: t-student rot df=3
2026-05-06 06:36:59,535 | INFO | Scenario: scenario_3___nu=8 | n_rep: 129 | KDE model: gaussian rot
2026-05-06 06:37:00,238 | INFO | Scenario: scenario_3___nu=8 | n_rep: 129 | KDE model: t-student rot df=3
2026-05-06 06:37:00,901 | INFO | Scenario: scenario_3___nu=8 | n_rep: 130 | KDE model: gaussian rot
2026-05-06 06:37:01,746 | INFO | Scenario: scenario_3___nu=8 | n_rep: 130 | KDE model: t-student rot df=3
2026-05-06 06:37:02,867 | INFO | Scenario: scenario_3___nu=8 | n_rep: 131 | KDE model: gaussian rot
2026-05-06 06:37:03,303 | INFO | Scenario: scenario_3___nu=8 | n_rep: 131 | KDE model: t-student rot df=3
2026-05-06 06:37:03,853 | INFO | Scenario: scenario_3___nu=8 | n_rep: 132 | KDE model: gaussian rot
2026-05-06 06:37:04,491 | INFO | Scenario: scenario_3___nu=8 | n_rep: 132 | KDE model: t-student rot df=3
2026-05-06 06:37:05,168 | INFO | Scenario: scenario_3___nu=8 | n_rep: 133 | KDE model: gaussian rot
2026-05-06 06:37:05,655 | INFO | Scenario: scenario_3___nu=8 | n_rep: 133 | KDE model: t-student rot df=3
2026-05-06 06:37:06,094 | INFO | Scenario: scenario_3___nu=8 | n_rep: 134 | KDE model: gaussian rot
2026-05-06 06:37:06,678 | INFO | Scenario: scenario_3___nu=8 | n_rep: 134 | KDE model: t-student rot df=3
2026-05-06 06:37:07,321 | INFO | Scenario: scenario_3___nu=8 | n_rep: 135 | KDE model: gaussian rot
2026-05-06 06:37:08,121 | INFO | Scenario: scenario_3___nu=8 | n_rep: 135 | KDE model: t-student rot df=3
2026-05-06 06:37:08,776 | INFO | Scenario: scenario_3___nu=8 | n_rep: 136 | KDE model: gaussian rot
2026-05-06 06:37:09,203 | INFO | Scenario: scenario_3___nu=8 | n_rep: 136 | KDE model: t-student rot df=3
2026-05-06 06:37:09,656 | INFO | Scenario: scenario_3___nu=8 | n_rep: 137 | KDE model: gaussian rot
2026-05-06 06:37:10,089 | INFO | Scenario: scenario_3___nu=8 | n_rep: 137 | KDE model: t-student rot df=3
2026-05-06 06:37:10,488 | INFO | Scenario: scenario_3___nu=8 | n_rep: 138 | KDE model: gaussian rot
2026-05-06 06:37:11,036 | INFO | Scenario: scenario_3___nu=8 | n_rep: 138 | KDE model: t-student rot df=3
2026-05-06 06:37:11,478 | INFO | Scenario: scenario_3___nu=8 | n_rep: 139 | KDE model: gaussian rot
2026-05-06 06:37:12,184 | INFO | Scenario: scenario_3___nu=8 | n_rep: 139 | KDE model: t-student rot df=3
2026-05-06 06:37:12,871 | INFO | Scenario: scenario_3___nu=8 | n_rep: 140 | KDE model: gaussian rot
2026-05-06 06:37:13,532 | INFO | Scenario: scenario_3___nu=8 | n_rep: 140 | KDE model: t-student rot df=3
2026-05-06 06:37:14,205 | INFO | Scenario: scenario_3___nu=8 | n_rep: 141 | KDE model: gaussian rot
2026-05-06 06:37:14,959 | INFO | Scenario: scenario_3___nu=8 | n_rep: 141 | KDE model: t-student rot df=3
2026-05-06 06:37:15,692 | INFO | Scenario: scenario_3___nu=8 | n_rep: 142 | KDE model: gaussian rot
2026-05-06 06:37:16,400 | INFO | Scenario: scenario_3___nu=8 | n_rep: 142 | KDE model: t-student rot df=3
2026-05-06 06:37:16,787 | INFO | Scenario: scenario_3___nu=8 | n_rep: 143 | KDE model: gaussian rot
2026-05-06 06:37:17,256 | INFO | Scenario: scenario_3___nu=8 | n_rep: 143 | KDE model: t-student rot df=3
2026-05-06 06:37:17,758 | INFO | Scenario: scenario_3___nu=8 | n_rep: 144 | KDE model: gaussian rot
2026-05-06 06:37:18,349 | INFO | Scenario: scenario_3___nu=8 | n_rep: 144 | KDE model: t-student rot df=3
2026-05-06 06:37:18,913 | INFO | Scenario: scenario_3___nu=8 | n_rep: 145 | KDE model: gaussian rot
2026-05-06 06:37:19,422 | INFO | Scenario: scenario_3___nu=8 | n_rep: 145 | KDE model: t-student rot df=3
2026-05-06 06:37:19,840 | INFO | Scenario: scenario_3___nu=8 | n_rep: 146 | KDE model: gaussian rot
2026-05-06 06:37:20,680 | INFO | Scenario: scenario_3___nu=8 | n_rep: 146 | KDE model: t-student rot df=3
2026-05-06 06:37:21,465 | INFO | Scenario: scenario_3___nu=8 | n_rep: 147 | KDE model: gaussian rot
2026-05-06 06:37:21,933 | INFO | Scenario: scenario_3___nu=8 | n_rep: 147 | KDE model: t-student rot df=3
2026-05-06 06:37:22,385 | INFO | Scenario: scenario_3___nu=8 | n_rep: 148 | KDE model: gaussian rot
2026-05-06 06:37:22,680 | INFO | Scenario: scenario_3___nu=8 | n_rep: 148 | KDE model: t-student rot df=3
2026-05-06 06:37:22,989 | INFO | Scenario: scenario_3___nu=8 | n_rep: 149 | KDE model: gaussian rot
2026-05-06 06:37:23,453 | INFO | Scenario: scenario_3___nu=8 | n_rep: 149 | KDE model: t-student rot df=3
2026-05-06 06:37:23,884 | INFO | Scenario: scenario_3___nu=8 | n_rep: 150 | KDE model: gaussian rot
2026-05-06 06:37:24,287 | INFO | Scenario: scenario_3___nu=8 | n_rep: 150 | KDE model: t-student rot df=3
2026-05-06 06:37:24,739 | INFO | Scenario: scenario_3___nu=8 | n_rep: 151 | KDE model: gaussian rot
2026-05-06 06:37:25,138 | INFO | Scenario: scenario_3___nu=8 | n_rep: 151 | KDE model: t-student rot df=3
2026-05-06 06:37:25,557 | INFO | Scenario: scenario_3___nu=8 | n_rep: 152 | KDE model: gaussian rot
2026-05-06 06:37:26,386 | INFO | Scenario: scenario_3___nu=8 | n_rep: 152 | KDE model: t-student rot df=3
2026-05-06 06:37:27,201 | INFO | Scenario: scenario_3___nu=8 | n_rep: 153 | KDE model: gaussian rot
2026-05-06 06:37:27,742 | INFO | Scenario: scenario_3___nu=8 | n_rep: 153 | KDE model: t-student rot df=3
2026-05-06 06:37:28,264 | INFO | Scenario: scenario_3___nu=8 | n_rep: 154 | KDE model: gaussian rot
2026-05-06 06:37:28,682 | INFO | Scenario: scenario_3___nu=8 | n_rep: 154 | KDE model: t-student rot df=3
2026-05-06 06:37:29,363 | INFO | Scenario: scenario_3___nu=8 | n_rep: 155 | KDE model: gaussian rot
2026-05-06 06:37:29,701 | INFO | Scenario: scenario_3___nu=8 | n_rep: 155 | KDE model: t-student rot df=3
2026-05-06 06:37:30,278 | INFO | Scenario: scenario_3___nu=8 | n_rep: 156 | KDE model: gaussian rot
2026-05-06 06:37:30,801 | INFO | Scenario: scenario_3___nu=8 | n_rep: 156 | KDE model: t-student rot df=3
2026-05-06 06:37:31,264 | INFO | Scenario: scenario_3___nu=8 | n_rep: 157 | KDE model: gaussian rot
2026-05-06 06:37:31,712 | INFO | Scenario: scenario_3___nu=8 | n_rep: 157 | KDE model: t-student rot df=3
2026-05-06 06:37:32,090 | INFO | Scenario: scenario_3___nu=8 | n_rep: 158 | KDE model: gaussian rot
2026-05-06 06:37:32,745 | INFO | Scenario: scenario_3___nu=8 | n_rep: 158 | KDE model: t-student rot df=3
2026-05-06 06:37:33,389 | INFO | Scenario: scenario_3___nu=8 | n_rep: 159 | KDE model: gaussian rot
2026-05-06 06:37:33,917 | INFO | Scenario: scenario_3___nu=8 | n_rep: 159 | KDE model: t-student rot df=3
2026-05-06 06:37:34,526 | INFO | Scenario: scenario_3___nu=8 | n_rep: 160 | KDE model: gaussian rot
2026-05-06 06:37:35,141 | INFO | Scenario: scenario_3___nu=8 | n_rep: 160 | KDE model: t-student rot df=3
2026-05-06 06:37:35,703 | INFO | Scenario: scenario_3___nu=8 | n_rep: 161 | KDE model: gaussian rot
2026-05-06 06:37:36,342 | INFO | Scenario: scenario_3___nu=8 | n_rep: 161 | KDE model: t-student rot df=3
2026-05-06 06:37:36,988 | INFO | Scenario: scenario_3___nu=8 | n_rep: 162 | KDE model: gaussian rot
2026-05-06 06:37:37,370 | INFO | Scenario: scenario_3___nu=8 | n_rep: 162 | KDE model: t-student rot df=3
2026-05-06 06:37:38,064 | INFO | Scenario: scenario_3___nu=8 | n_rep: 163 | KDE model: gaussian rot
2026-05-06 06:37:38,444 | INFO | Scenario: scenario_3___nu=8 | n_rep: 163 | KDE model: t-student rot df=3
2026-05-06 06:37:38,897 | INFO | Scenario: scenario_3___nu=8 | n_rep: 164 | KDE model: gaussian rot
2026-05-06 06:37:39,328 | INFO | Scenario: scenario_3___nu=8 | n_rep: 164 | KDE model: t-student rot df=3
2026-05-06 06:37:39,710 | INFO | Scenario: scenario_3___nu=8 | n_rep: 165 | KDE model: gaussian rot
2026-05-06 06:37:40,421 | INFO | Scenario: scenario_3___nu=8 | n_rep: 165 | KDE model: t-student rot df=3
2026-05-06 06:37:41,096 | INFO | Scenario: scenario_3___nu=8 | n_rep: 166 | KDE model: gaussian rot
2026-05-06 06:37:41,590 | INFO | Scenario: scenario_3___nu=8 | n_rep: 166 | KDE model: t-student rot df=3
2026-05-06 06:37:42,030 | INFO | Scenario: scenario_3___nu=8 | n_rep: 167 | KDE model: gaussian rot
2026-05-06 06:37:42,391 | INFO | Scenario: scenario_3___nu=8 | n_rep: 167 | KDE model: t-student rot df=3
2026-05-06 06:37:42,731 | INFO | Scenario: scenario_3___nu=8 | n_rep: 168 | KDE model: gaussian rot
2026-05-06 06:37:43,434 | INFO | Scenario: scenario_3___nu=8 | n_rep: 168 | KDE model: t-student rot df=3
2026-05-06 06:37:44,144 | INFO | Scenario: scenario_3___nu=8 | n_rep: 169 | KDE model: gaussian rot
2026-05-06 06:37:45,535 | INFO | Scenario: scenario_3___nu=8 | n_rep: 169 | KDE model: t-student rot df=3
2026-05-06 06:37:46,837 | INFO | Scenario: scenario_3___nu=8 | n_rep: 170 | KDE model: gaussian rot
2026-05-06 06:37:47,442 | INFO | Scenario: scenario_3___nu=8 | n_rep: 170 | KDE model: t-student rot df=3
2026-05-06 06:37:47,921 | INFO | Scenario: scenario_3___nu=8 | n_rep: 171 | KDE model: gaussian rot
2026-05-06 06:37:48,476 | INFO | Scenario: scenario_3___nu=8 | n_rep: 171 | KDE model: t-student rot df=3
2026-05-06 06:37:49,004 | INFO | Scenario: scenario_3___nu=8 | n_rep: 172 | KDE model: gaussian rot
2026-05-06 06:37:49,560 | INFO | Scenario: scenario_3___nu=8 | n_rep: 172 | KDE model: t-student rot df=3
2026-05-06 06:37:49,989 | INFO | Scenario: scenario_3___nu=8 | n_rep: 173 | KDE model: gaussian rot
2026-05-06 06:37:50,737 | INFO | Scenario: scenario_3___nu=8 | n_rep: 173 | KDE model: t-student rot df=3
2026-05-06 06:37:51,432 | INFO | Scenario: scenario_3___nu=8 | n_rep: 174 | KDE model: gaussian rot
2026-05-06 06:37:51,923 | INFO | Scenario: scenario_3___nu=8 | n_rep: 174 | KDE model: t-student rot df=3
2026-05-06 06:37:52,400 | INFO | Scenario: scenario_3___nu=8 | n_rep: 175 | KDE model: gaussian rot
2026-05-06 06:37:52,809 | INFO | Scenario: scenario_3___nu=8 | n_rep: 175 | KDE model: t-student rot df=3
2026-05-06 06:37:53,199 | INFO | Scenario: scenario_3___nu=8 | n_rep: 176 | KDE model: gaussian rot
2026-05-06 06:37:53,681 | INFO | Scenario: scenario_3___nu=8 | n_rep: 176 | KDE model: t-student rot df=3
2026-05-06 06:37:54,086 | INFO | Scenario: scenario_3___nu=8 | n_rep: 177 | KDE model: gaussian rot
2026-05-06 06:37:54,535 | INFO | Scenario: scenario_3___nu=8 | n_rep: 177 | KDE model: t-student rot df=3
2026-05-06 06:37:54,943 | INFO | Scenario: scenario_3___nu=8 | n_rep: 178 | KDE model: gaussian rot
2026-05-06 06:37:55,362 | INFO | Scenario: scenario_3___nu=8 | n_rep: 178 | KDE model: t-student rot df=3
2026-05-06 06:37:55,821 | INFO | Scenario: scenario_3___nu=8 | n_rep: 179 | KDE model: gaussian rot
2026-05-06 06:37:56,510 | INFO | Scenario: scenario_3___nu=8 | n_rep: 179 | KDE model: t-student rot df=3
2026-05-06 06:37:57,184 | INFO | Scenario: scenario_3___nu=8 | n_rep: 180 | KDE model: gaussian rot
2026-05-06 06:37:57,635 | INFO | Scenario: scenario_3___nu=8 | n_rep: 180 | KDE model: t-student rot df=3
2026-05-06 06:37:58,013 | INFO | Scenario: scenario_3___nu=8 | n_rep: 181 | KDE model: gaussian rot
2026-05-06 06:37:58,494 | INFO | Scenario: scenario_3___nu=8 | n_rep: 181 | KDE model: t-student rot df=3
2026-05-06 06:37:58,927 | INFO | Scenario: scenario_3___nu=8 | n_rep: 182 | KDE model: gaussian rot
2026-05-06 06:37:59,296 | INFO | Scenario: scenario_3___nu=8 | n_rep: 182 | KDE model: t-student rot df=3
2026-05-06 06:37:59,616 | INFO | Scenario: scenario_3___nu=8 | n_rep: 183 | KDE model: gaussian rot
2026-05-06 06:38:00,212 | INFO | Scenario: scenario_3___nu=8 | n_rep: 183 | KDE model: t-student rot df=3
2026-05-06 06:38:00,739 | INFO | Scenario: scenario_3___nu=8 | n_rep: 184 | KDE model: gaussian rot
2026-05-06 06:38:01,141 | INFO | Scenario: scenario_3___nu=8 | n_rep: 184 | KDE model: t-student rot df=3
2026-05-06 06:38:01,544 | INFO | Scenario: scenario_3___nu=8 | n_rep: 185 | KDE model: gaussian rot
2026-05-06 06:38:02,188 | INFO | Scenario: scenario_3___nu=8 | n_rep: 185 | KDE model: t-student rot df=3
2026-05-06 06:38:02,697 | INFO | Scenario: scenario_3___nu=8 | n_rep: 186 | KDE model: gaussian rot
2026-05-06 06:38:03,140 | INFO | Scenario: scenario_3___nu=8 | n_rep: 186 | KDE model: t-student rot df=3
2026-05-06 06:38:03,658 | INFO | Scenario: scenario_3___nu=8 | n_rep: 187 | KDE model: gaussian rot
2026-05-06 06:38:04,135 | INFO | Scenario: scenario_3___nu=8 | n_rep: 187 | KDE model: t-student rot df=3
2026-05-06 06:38:04,610 | INFO | Scenario: scenario_3___nu=8 | n_rep: 188 | KDE model: gaussian rot
2026-05-06 06:38:05,082 | INFO | Scenario: scenario_3___nu=8 | n_rep: 188 | KDE model: t-student rot df=3
2026-05-06 06:38:05,567 | INFO | Scenario: scenario_3___nu=8 | n_rep: 189 | KDE model: gaussian rot
2026-05-06 06:38:06,117 | INFO | Scenario: scenario_3___nu=8 | n_rep: 189 | KDE model: t-student rot df=3
2026-05-06 06:38:06,648 | INFO | Scenario: scenario_3___nu=8 | n_rep: 190 | KDE model: gaussian rot
2026-05-06 06:38:07,305 | INFO | Scenario: scenario_3___nu=8 | n_rep: 190 | KDE model: t-student rot df=3
2026-05-06 06:38:07,799 | INFO | Scenario: scenario_3___nu=8 | n_rep: 191 | KDE model: gaussian rot
2026-05-06 06:38:08,540 | INFO | Scenario: scenario_3___nu=8 | n_rep: 191 | KDE model: t-student rot df=3
2026-05-06 06:38:09,215 | INFO | Scenario: scenario_3___nu=8 | n_rep: 192 | KDE model: gaussian rot
2026-05-06 06:38:09,676 | INFO | Scenario: scenario_3___nu=8 | n_rep: 192 | KDE model: t-student rot df=3
2026-05-06 06:38:10,104 | INFO | Scenario: scenario_3___nu=8 | n_rep: 193 | KDE model: gaussian rot
2026-05-06 06:38:10,551 | INFO | Scenario: scenario_3___nu=8 | n_rep: 193 | KDE model: t-student rot df=3
2026-05-06 06:38:10,992 | INFO | Scenario: scenario_3___nu=8 | n_rep: 194 | KDE model: gaussian rot
2026-05-06 06:38:11,649 | INFO | Scenario: scenario_3___nu=8 | n_rep: 194 | KDE model: t-student rot df=3
2026-05-06 06:38:12,346 | INFO | Scenario: scenario_3___nu=8 | n_rep: 195 | KDE model: gaussian rot
2026-05-06 06:38:12,780 | INFO | Scenario: scenario_3___nu=8 | n_rep: 195 | KDE model: t-student rot df=3
2026-05-06 06:38:13,181 | INFO | Scenario: scenario_3___nu=8 | n_rep: 196 | KDE model: gaussian rot
2026-05-06 06:38:13,827 | INFO | Scenario: scenario_3___nu=8 | n_rep: 196 | KDE model: t-student rot df=3
2026-05-06 06:38:14,421 | INFO | Scenario: scenario_3___nu=8 | n_rep: 197 | KDE model: gaussian rot
2026-05-06 06:38:14,918 | INFO | Scenario: scenario_3___nu=8 | n_rep: 197 | KDE model: t-student rot df=3
2026-05-06 06:38:15,445 | INFO | Scenario: scenario_3___nu=8 | n_rep: 198 | KDE model: gaussian rot
2026-05-06 06:38:16,156 | INFO | Scenario: scenario_3___nu=8 | n_rep: 198 | KDE model: t-student rot df=3
2026-05-06 06:38:16,839 | INFO | Scenario: scenario_3___nu=8 | n_rep: 199 | KDE model: gaussian rot
2026-05-06 06:38:17,415 | INFO | Scenario: scenario_3___nu=8 | n_rep: 199 | KDE model: t-student rot df=3
2026-05-06 06:38:17,999 | INFO | Scenario: scenario_3___nu=8 | n_rep: 200 | KDE model: gaussian rot
2026-05-06 06:38:18,499 | INFO | Scenario: scenario_3___nu=8 | n_rep: 200 | KDE model: t-student rot df=3
2026-05-06 06:38:19,025 | INFO | Scenario: scenario_3___nu=8 | n_rep: 201 | KDE model: gaussian rot
2026-05-06 06:38:19,589 | INFO | Scenario: scenario_3___nu=8 | n_rep: 201 | KDE model: t-student rot df=3
2026-05-06 06:38:20,178 | INFO | Scenario: scenario_3___nu=8 | n_rep: 202 | KDE model: gaussian rot
2026-05-06 06:38:20,641 | INFO | Scenario: scenario_3___nu=8 | n_rep: 202 | KDE model: t-student rot df=3
2026-05-06 06:38:21,327 | INFO | Scenario: scenario_3___nu=8 | n_rep: 203 | KDE model: gaussian rot
2026-05-06 06:38:21,869 | INFO | Scenario: scenario_3___nu=8 | n_rep: 203 | KDE model: t-student rot df=3
2026-05-06 06:38:22,426 | INFO | Scenario: scenario_3___nu=8 | n_rep: 204 | KDE model: gaussian rot
2026-05-06 06:38:22,880 | INFO | Scenario: scenario_3___nu=8 | n_rep: 204 | KDE model: t-student rot df=3
2026-05-06 06:38:23,278 | INFO | Scenario: scenario_3___nu=8 | n_rep: 205 | KDE model: gaussian rot
2026-05-06 06:38:23,783 | INFO | Scenario: scenario_3___nu=8 | n_rep: 205 | KDE model: t-student rot df=3
2026-05-06 06:38:24,125 | INFO | Scenario: scenario_3___nu=8 | n_rep: 206 | KDE model: gaussian rot
2026-05-06 06:38:24,556 | INFO | Scenario: scenario_3___nu=8 | n_rep: 206 | KDE model: t-student rot df=3
2026-05-06 06:38:24,942 | INFO | Scenario: scenario_3___nu=8 | n_rep: 207 | KDE model: gaussian rot
2026-05-06 06:38:25,371 | INFO | Scenario: scenario_3___nu=8 | n_rep: 207 | KDE model: t-student rot df=3
2026-05-06 06:38:25,735 | INFO | Scenario: scenario_3___nu=8 | n_rep: 208 | KDE model: gaussian rot
2026-05-06 06:38:26,456 | INFO | Scenario: scenario_3___nu=8 | n_rep: 208 | KDE model: t-student rot df=3
2026-05-06 06:38:27,159 | INFO | Scenario: scenario_3___nu=8 | n_rep: 209 | KDE model: gaussian rot
2026-05-06 06:38:27,578 | INFO | Scenario: scenario_3___nu=8 | n_rep: 209 | KDE model: t-student rot df=3
2026-05-06 06:38:27,918 | INFO | Scenario: scenario_3___nu=8 | n_rep: 210 | KDE model: gaussian rot
2026-05-06 06:38:28,457 | INFO | Scenario: scenario_3___nu=8 | n_rep: 210 | KDE model: t-student rot df=3
2026-05-06 06:38:28,956 | INFO | Scenario: scenario_3___nu=8 | n_rep: 211 | KDE model: gaussian rot
2026-05-06 06:38:29,406 | INFO | Scenario: scenario_3___nu=8 | n_rep: 211 | KDE model: t-student rot df=3
2026-05-06 06:38:29,801 | INFO | Scenario: scenario_3___nu=8 | n_rep: 212 | KDE model: gaussian rot
2026-05-06 06:38:30,491 | INFO | Scenario: scenario_3___nu=8 | n_rep: 212 | KDE model: t-student rot df=3
2026-05-06 06:38:31,273 | INFO | Scenario: scenario_3___nu=8 | n_rep: 213 | KDE model: gaussian rot
2026-05-06 06:38:31,615 | INFO | Scenario: scenario_3___nu=8 | n_rep: 213 | KDE model: t-student rot df=3
2026-05-06 06:38:31,949 | INFO | Scenario: scenario_3___nu=8 | n_rep: 214 | KDE model: gaussian rot
2026-05-06 06:38:32,750 | INFO | Scenario: scenario_3___nu=8 | n_rep: 214 | KDE model: t-student rot df=3
2026-05-06 06:38:33,493 | INFO | Scenario: scenario_3___nu=8 | n_rep: 215 | KDE model: gaussian rot
2026-05-06 06:38:34,035 | INFO | Scenario: scenario_3___nu=8 | n_rep: 215 | KDE model: t-student rot df=3
2026-05-06 06:38:34,603 | INFO | Scenario: scenario_3___nu=8 | n_rep: 216 | KDE model: gaussian rot
2026-05-06 06:38:35,190 | INFO | Scenario: scenario_3___nu=8 | n_rep: 216 | KDE model: t-student rot df=3
2026-05-06 06:38:35,775 | INFO | Scenario: scenario_3___nu=8 | n_rep: 217 | KDE model: gaussian rot
2026-05-06 06:38:36,282 | INFO | Scenario: scenario_3___nu=8 | n_rep: 217 | KDE model: t-student rot df=3
2026-05-06 06:38:36,717 | INFO | Scenario: scenario_3___nu=8 | n_rep: 218 | KDE model: gaussian rot
2026-05-06 06:38:37,392 | INFO | Scenario: scenario_3___nu=8 | n_rep: 218 | KDE model: t-student rot df=3
2026-05-06 06:38:38,092 | INFO | Scenario: scenario_3___nu=8 | n_rep: 219 | KDE model: gaussian rot
2026-05-06 06:38:38,531 | INFO | Scenario: scenario_3___nu=8 | n_rep: 219 | KDE model: t-student rot df=3
2026-05-06 06:38:38,926 | INFO | Scenario: scenario_3___nu=8 | n_rep: 220 | KDE model: gaussian rot
2026-05-06 06:38:39,443 | INFO | Scenario: scenario_3___nu=8 | n_rep: 220 | KDE model: t-student rot df=3
2026-05-06 06:38:39,953 | INFO | Scenario: scenario_3___nu=8 | n_rep: 221 | KDE model: gaussian rot
2026-05-06 06:38:40,466 | INFO | Scenario: scenario_3___nu=8 | n_rep: 221 | KDE model: t-student rot df=3
2026-05-06 06:38:40,971 | INFO | Scenario: scenario_3___nu=8 | n_rep: 222 | KDE model: gaussian rot
2026-05-06 06:38:41,685 | INFO | Scenario: scenario_3___nu=8 | n_rep: 222 | KDE model: t-student rot df=3
2026-05-06 06:38:42,402 | INFO | Scenario: scenario_3___nu=8 | n_rep: 223 | KDE model: gaussian rot
2026-05-06 06:38:42,802 | INFO | Scenario: scenario_3___nu=8 | n_rep: 223 | KDE model: t-student rot df=3
2026-05-06 06:38:43,194 | INFO | Scenario: scenario_3___nu=8 | n_rep: 224 | KDE model: gaussian rot
2026-05-06 06:38:43,613 | INFO | Scenario: scenario_3___nu=8 | n_rep: 224 | KDE model: t-student rot df=3
2026-05-06 06:38:44,024 | INFO | Scenario: scenario_3___nu=8 | n_rep: 225 | KDE model: gaussian rot
2026-05-06 06:38:44,454 | INFO | Scenario: scenario_3___nu=8 | n_rep: 225 | KDE model: t-student rot df=3
2026-05-06 06:38:44,848 | INFO | Scenario: scenario_3___nu=8 | n_rep: 226 | KDE model: gaussian rot
2026-05-06 06:38:45,282 | INFO | Scenario: scenario_3___nu=8 | n_rep: 226 | KDE model: t-student rot df=3
2026-05-06 06:38:45,815 | INFO | Scenario: scenario_3___nu=8 | n_rep: 227 | KDE model: gaussian rot
2026-05-06 06:38:46,196 | INFO | Scenario: scenario_3___nu=8 | n_rep: 227 | KDE model: t-student rot df=3
2026-05-06 06:38:46,551 | INFO | Scenario: scenario_3___nu=8 | n_rep: 228 | KDE model: gaussian rot
2026-05-06 06:38:46,982 | INFO | Scenario: scenario_3___nu=8 | n_rep: 228 | KDE model: t-student rot df=3
2026-05-06 06:38:47,397 | INFO | Scenario: scenario_3___nu=8 | n_rep: 229 | KDE model: gaussian rot
2026-05-06 06:38:47,862 | INFO | Scenario: scenario_3___nu=8 | n_rep: 229 | KDE model: t-student rot df=3
2026-05-06 06:38:48,317 | INFO | Scenario: scenario_3___nu=8 | n_rep: 230 | KDE model: gaussian rot
2026-05-06 06:38:48,739 | INFO | Scenario: scenario_3___nu=8 | n_rep: 230 | KDE model: t-student rot df=3
2026-05-06 06:38:49,174 | INFO | Scenario: scenario_3___nu=8 | n_rep: 231 | KDE model: gaussian rot
2026-05-06 06:38:50,119 | INFO | Scenario: scenario_3___nu=8 | n_rep: 231 | KDE model: t-student rot df=3
2026-05-06 06:38:50,898 | INFO | Scenario: scenario_3___nu=8 | n_rep: 232 | KDE model: gaussian rot
2026-05-06 06:38:51,783 | INFO | Scenario: scenario_3___nu=8 | n_rep: 232 | KDE model: t-student rot df=3
2026-05-06 06:38:52,630 | INFO | Scenario: scenario_3___nu=8 | n_rep: 233 | KDE model: gaussian rot
2026-05-06 06:38:53,024 | INFO | Scenario: scenario_3___nu=8 | n_rep: 233 | KDE model: t-student rot df=3
2026-05-06 06:38:53,398 | INFO | Scenario: scenario_3___nu=8 | n_rep: 234 | KDE model: gaussian rot
2026-05-06 06:38:53,990 | INFO | Scenario: scenario_3___nu=8 | n_rep: 234 | KDE model: t-student rot df=3
2026-05-06 06:38:54,627 | INFO | Scenario: scenario_3___nu=8 | n_rep: 235 | KDE model: gaussian rot
2026-05-06 06:38:55,338 | INFO | Scenario: scenario_3___nu=8 | n_rep: 235 | KDE model: t-student rot df=3
2026-05-06 06:38:56,079 | INFO | Scenario: scenario_3___nu=8 | n_rep: 236 | KDE model: gaussian rot
2026-05-06 06:38:56,712 | INFO | Scenario: scenario_3___nu=8 | n_rep: 236 | KDE model: t-student rot df=3
2026-05-06 06:38:57,179 | INFO | Scenario: scenario_3___nu=8 | n_rep: 237 | KDE model: gaussian rot
2026-05-06 06:38:57,694 | INFO | Scenario: scenario_3___nu=8 | n_rep: 237 | KDE model: t-student rot df=3
2026-05-06 06:38:58,199 | INFO | Scenario: scenario_3___nu=8 | n_rep: 238 | KDE model: gaussian rot
2026-05-06 06:38:58,554 | INFO | Scenario: scenario_3___nu=8 | n_rep: 238 | KDE model: t-student rot df=3
2026-05-06 06:38:58,888 | INFO | Scenario: scenario_3___nu=8 | n_rep: 239 | KDE model: gaussian rot
2026-05-06 06:38:59,354 | INFO | Scenario: scenario_3___nu=8 | n_rep: 239 | KDE model: t-student rot df=3
2026-05-06 06:38:59,824 | INFO | Scenario: scenario_3___nu=8 | n_rep: 240 | KDE model: gaussian rot
2026-05-06 06:39:00,540 | INFO | Scenario: scenario_3___nu=8 | n_rep: 240 | KDE model: t-student rot df=3
2026-05-06 06:39:01,194 | INFO | Scenario: scenario_3___nu=8 | n_rep: 241 | KDE model: gaussian rot
2026-05-06 06:39:01,951 | INFO | Scenario: scenario_3___nu=8 | n_rep: 241 | KDE model: t-student rot df=3
2026-05-06 06:39:02,649 | INFO | Scenario: scenario_3___nu=8 | n_rep: 242 | KDE model: gaussian rot
2026-05-06 06:39:03,144 | INFO | Scenario: scenario_3___nu=8 | n_rep: 242 | KDE model: t-student rot df=3
2026-05-06 06:39:03,683 | INFO | Scenario: scenario_3___nu=8 | n_rep: 243 | KDE model: gaussian rot
2026-05-06 06:39:04,308 | INFO | Scenario: scenario_3___nu=8 | n_rep: 243 | KDE model: t-student rot df=3
2026-05-06 06:39:04,781 | INFO | Scenario: scenario_3___nu=8 | n_rep: 244 | KDE model: gaussian rot
2026-05-06 06:39:05,229 | INFO | Scenario: scenario_3___nu=8 | n_rep: 244 | KDE model: t-student rot df=3
2026-05-06 06:39:05,724 | INFO | Scenario: scenario_3___nu=8 | n_rep: 245 | KDE model: gaussian rot
2026-05-06 06:39:06,182 | INFO | Scenario: scenario_3___nu=8 | n_rep: 245 | KDE model: t-student rot df=3
2026-05-06 06:39:06,626 | INFO | Scenario: scenario_3___nu=8 | n_rep: 246 | KDE model: gaussian rot
2026-05-06 06:39:07,036 | INFO | Scenario: scenario_3___nu=8 | n_rep: 246 | KDE model: t-student rot df=3
2026-05-06 06:39:07,479 | INFO | Scenario: scenario_3___nu=8 | n_rep: 247 | KDE model: gaussian rot
2026-05-06 06:39:08,034 | INFO | Scenario: scenario_3___nu=8 | n_rep: 247 | KDE model: t-student rot df=3
2026-05-06 06:39:08,587 | INFO | Scenario: scenario_3___nu=8 | n_rep: 248 | KDE model: gaussian rot
2026-05-06 06:39:09,069 | INFO | Scenario: scenario_3___nu=8 | n_rep: 248 | KDE model: t-student rot df=3
2026-05-06 06:39:09,687 | INFO | Scenario: scenario_3___nu=8 | n_rep: 249 | KDE model: gaussian rot
2026-05-06 06:39:10,420 | INFO | Scenario: scenario_3___nu=8 | n_rep: 249 | KDE model: t-student rot df=3
2026-05-06 06:39:10,943 | INFO | Scenario: scenario_3___nu=8 | n_rep: 250 | KDE model: gaussian rot
2026-05-06 06:39:11,440 | INFO | Scenario: scenario_3___nu=8 | n_rep: 250 | KDE model: t-student rot df=3
2026-05-06 06:39:11,836 | INFO | Scenario: scenario_3___nu=8 | n_rep: 251 | KDE model: gaussian rot
2026-05-06 06:39:12,232 | INFO | Scenario: scenario_3___nu=8 | n_rep: 251 | KDE model: t-student rot df=3
2026-05-06 06:39:12,665 | INFO | Scenario: scenario_3___nu=8 | n_rep: 252 | KDE model: gaussian rot
2026-05-06 06:39:13,265 | INFO | Scenario: scenario_3___nu=8 | n_rep: 252 | KDE model: t-student rot df=3
2026-05-06 06:39:13,831 | INFO | Scenario: scenario_3___nu=8 | n_rep: 253 | KDE model: gaussian rot
2026-05-06 06:39:14,317 | INFO | Scenario: scenario_3___nu=8 | n_rep: 253 | KDE model: t-student rot df=3
2026-05-06 06:39:14,867 | INFO | Scenario: scenario_3___nu=8 | n_rep: 254 | KDE model: gaussian rot
2026-05-06 06:39:15,492 | INFO | Scenario: scenario_3___nu=8 | n_rep: 254 | KDE model: t-student rot df=3
2026-05-06 06:39:16,214 | INFO | Scenario: scenario_3___nu=8 | n_rep: 255 | KDE model: gaussian rot
2026-05-06 06:39:16,632 | INFO | Scenario: scenario_3___nu=8 | n_rep: 255 | KDE model: t-student rot df=3
2026-05-06 06:39:17,060 | INFO | Scenario: scenario_3___nu=8 | n_rep: 256 | KDE model: gaussian rot
2026-05-06 06:39:17,479 | INFO | Scenario: scenario_3___nu=8 | n_rep: 256 | KDE model: t-student rot df=3
2026-05-06 06:39:17,888 | INFO | Scenario: scenario_3___nu=8 | n_rep: 257 | KDE model: gaussian rot
2026-05-06 06:39:18,524 | INFO | Scenario: scenario_3___nu=8 | n_rep: 257 | KDE model: t-student rot df=3
2026-05-06 06:39:19,228 | INFO | Scenario: scenario_3___nu=8 | n_rep: 258 | KDE model: gaussian rot
2026-05-06 06:39:19,948 | INFO | Scenario: scenario_3___nu=8 | n_rep: 258 | KDE model: t-student rot df=3
2026-05-06 06:39:20,563 | INFO | Scenario: scenario_3___nu=8 | n_rep: 259 | KDE model: gaussian rot
2026-05-06 06:39:21,298 | INFO | Scenario: scenario_3___nu=8 | n_rep: 259 | KDE model: t-student rot df=3
2026-05-06 06:39:21,983 | INFO | Scenario: scenario_3___nu=8 | n_rep: 260 | KDE model: gaussian rot
2026-05-06 06:39:22,365 | INFO | Scenario: scenario_3___nu=8 | n_rep: 260 | KDE model: t-student rot df=3
2026-05-06 06:39:22,734 | INFO | Scenario: scenario_3___nu=8 | n_rep: 261 | KDE model: gaussian rot
2026-05-06 06:39:23,524 | INFO | Scenario: scenario_3___nu=8 | n_rep: 261 | KDE model: t-student rot df=3
2026-05-06 06:39:24,050 | INFO | Scenario: scenario_3___nu=8 | n_rep: 262 | KDE model: gaussian rot
2026-05-06 06:39:24,568 | INFO | Scenario: scenario_3___nu=8 | n_rep: 262 | KDE model: t-student rot df=3
2026-05-06 06:39:25,074 | INFO | Scenario: scenario_3___nu=8 | n_rep: 263 | KDE model: gaussian rot
2026-05-06 06:39:25,601 | INFO | Scenario: scenario_3___nu=8 | n_rep: 263 | KDE model: t-student rot df=3
2026-05-06 06:39:26,102 | INFO | Scenario: scenario_3___nu=8 | n_rep: 264 | KDE model: gaussian rot
2026-05-06 06:39:26,836 | INFO | Scenario: scenario_3___nu=8 | n_rep: 264 | KDE model: t-student rot df=3
2026-05-06 06:39:27,659 | INFO | Scenario: scenario_3___nu=8 | n_rep: 265 | KDE model: gaussian rot
2026-05-06 06:39:28,115 | INFO | Scenario: scenario_3___nu=8 | n_rep: 265 | KDE model: t-student rot df=3
2026-05-06 06:39:28,498 | INFO | Scenario: scenario_3___nu=8 | n_rep: 266 | KDE model: gaussian rot
2026-05-06 06:39:28,896 | INFO | Scenario: scenario_3___nu=8 | n_rep: 266 | KDE model: t-student rot df=3
2026-05-06 06:39:29,265 | INFO | Scenario: scenario_3___nu=8 | n_rep: 267 | KDE model: gaussian rot
2026-05-06 06:39:29,770 | INFO | Scenario: scenario_3___nu=8 | n_rep: 267 | KDE model: t-student rot df=3
2026-05-06 06:39:30,239 | INFO | Scenario: scenario_3___nu=8 | n_rep: 268 | KDE model: gaussian rot
2026-05-06 06:39:30,871 | INFO | Scenario: scenario_3___nu=8 | n_rep: 268 | KDE model: t-student rot df=3
2026-05-06 06:39:31,558 | INFO | Scenario: scenario_3___nu=8 | n_rep: 269 | KDE model: gaussian rot
2026-05-06 06:39:32,066 | INFO | Scenario: scenario_3___nu=8 | n_rep: 269 | KDE model: t-student rot df=3
2026-05-06 06:39:32,672 | INFO | Scenario: scenario_3___nu=8 | n_rep: 270 | KDE model: gaussian rot
2026-05-06 06:39:33,364 | INFO | Scenario: scenario_3___nu=8 | n_rep: 270 | KDE model: t-student rot df=3
2026-05-06 06:39:33,903 | INFO | Scenario: scenario_3___nu=8 | n_rep: 271 | KDE model: gaussian rot
2026-05-06 06:39:34,673 | INFO | Scenario: scenario_3___nu=8 | n_rep: 271 | KDE model: t-student rot df=3
2026-05-06 06:39:35,559 | INFO | Scenario: scenario_3___nu=8 | n_rep: 272 | KDE model: gaussian rot
2026-05-06 06:39:36,009 | INFO | Scenario: scenario_3___nu=8 | n_rep: 272 | KDE model: t-student rot df=3
2026-05-06 06:39:36,494 | INFO | Scenario: scenario_3___nu=8 | n_rep: 273 | KDE model: gaussian rot
2026-05-06 06:39:37,243 | INFO | Scenario: scenario_3___nu=8 | n_rep: 273 | KDE model: t-student rot df=3
2026-05-06 06:39:37,886 | INFO | Scenario: scenario_3___nu=8 | n_rep: 274 | KDE model: gaussian rot
2026-05-06 06:39:38,579 | INFO | Scenario: scenario_3___nu=8 | n_rep: 274 | KDE model: t-student rot df=3
2026-05-06 06:39:39,344 | INFO | Scenario: scenario_3___nu=8 | n_rep: 275 | KDE model: gaussian rot
2026-05-06 06:39:39,796 | INFO | Scenario: scenario_3___nu=8 | n_rep: 275 | KDE model: t-student rot df=3
2026-05-06 06:39:40,240 | INFO | Scenario: scenario_3___nu=8 | n_rep: 276 | KDE model: gaussian rot
2026-05-06 06:39:41,450 | INFO | Scenario: scenario_3___nu=8 | n_rep: 276 | KDE model: t-student rot df=3
2026-05-06 06:39:42,175 | INFO | Scenario: scenario_3___nu=8 | n_rep: 277 | KDE model: gaussian rot
2026-05-06 06:39:42,725 | INFO | Scenario: scenario_3___nu=8 | n_rep: 277 | KDE model: t-student rot df=3
2026-05-06 06:39:43,230 | INFO | Scenario: scenario_3___nu=8 | n_rep: 278 | KDE model: gaussian rot
2026-05-06 06:39:43,712 | INFO | Scenario: scenario_3___nu=8 | n_rep: 278 | KDE model: t-student rot df=3
2026-05-06 06:39:44,265 | INFO | Scenario: scenario_3___nu=8 | n_rep: 279 | KDE model: gaussian rot
2026-05-06 06:39:45,011 | INFO | Scenario: scenario_3___nu=8 | n_rep: 279 | KDE model: t-student rot df=3
2026-05-06 06:39:45,623 | INFO | Scenario: scenario_3___nu=8 | n_rep: 280 | KDE model: gaussian rot
2026-05-06 06:39:46,022 | INFO | Scenario: scenario_3___nu=8 | n_rep: 280 | KDE model: t-student rot df=3
2026-05-06 06:39:46,422 | INFO | Scenario: scenario_3___nu=8 | n_rep: 281 | KDE model: gaussian rot
2026-05-06 06:39:46,912 | INFO | Scenario: scenario_3___nu=8 | n_rep: 281 | KDE model: t-student rot df=3
2026-05-06 06:39:47,401 | INFO | Scenario: scenario_3___nu=8 | n_rep: 282 | KDE model: gaussian rot
2026-05-06 06:39:48,105 | INFO | Scenario: scenario_3___nu=8 | n_rep: 282 | KDE model: t-student rot df=3
2026-05-06 06:39:48,725 | INFO | Scenario: scenario_3___nu=8 | n_rep: 283 | KDE model: gaussian rot
2026-05-06 06:39:49,177 | INFO | Scenario: scenario_3___nu=8 | n_rep: 283 | KDE model: t-student rot df=3
2026-05-06 06:39:49,652 | INFO | Scenario: scenario_3___nu=8 | n_rep: 284 | KDE model: gaussian rot
2026-05-06 06:39:50,668 | INFO | Scenario: scenario_3___nu=8 | n_rep: 284 | KDE model: t-student rot df=3
2026-05-06 06:39:51,161 | INFO | Scenario: scenario_3___nu=8 | n_rep: 285 | KDE model: gaussian rot
2026-05-06 06:39:51,559 | INFO | Scenario: scenario_3___nu=8 | n_rep: 285 | KDE model: t-student rot df=3
2026-05-06 06:39:52,005 | INFO | Scenario: scenario_3___nu=8 | n_rep: 286 | KDE model: gaussian rot
2026-05-06 06:39:52,393 | INFO | Scenario: scenario_3___nu=8 | n_rep: 286 | KDE model: t-student rot df=3
2026-05-06 06:39:52,838 | INFO | Scenario: scenario_3___nu=8 | n_rep: 287 | KDE model: gaussian rot
2026-05-06 06:39:53,327 | INFO | Scenario: scenario_3___nu=8 | n_rep: 287 | KDE model: t-student rot df=3
2026-05-06 06:39:53,759 | INFO | Scenario: scenario_3___nu=8 | n_rep: 288 | KDE model: gaussian rot
2026-05-06 06:39:54,472 | INFO | Scenario: scenario_3___nu=8 | n_rep: 288 | KDE model: t-student rot df=3
2026-05-06 06:39:55,150 | INFO | Scenario: scenario_3___nu=8 | n_rep: 289 | KDE model: gaussian rot
2026-05-06 06:39:55,806 | INFO | Scenario: scenario_3___nu=8 | n_rep: 289 | KDE model: t-student rot df=3
2026-05-06 06:39:56,520 | INFO | Scenario: scenario_3___nu=8 | n_rep: 290 | KDE model: gaussian rot
2026-05-06 06:39:56,872 | INFO | Scenario: scenario_3___nu=8 | n_rep: 290 | KDE model: t-student rot df=3
2026-05-06 06:39:57,179 | INFO | Scenario: scenario_3___nu=8 | n_rep: 291 | KDE model: gaussian rot
2026-05-06 06:39:57,657 | INFO | Scenario: scenario_3___nu=8 | n_rep: 291 | KDE model: t-student rot df=3
2026-05-06 06:39:58,081 | INFO | Scenario: scenario_3___nu=8 | n_rep: 292 | KDE model: gaussian rot
2026-05-06 06:39:58,590 | INFO | Scenario: scenario_3___nu=8 | n_rep: 292 | KDE model: t-student rot df=3
2026-05-06 06:39:58,954 | INFO | Scenario: scenario_3___nu=8 | n_rep: 293 | KDE model: gaussian rot
2026-05-06 06:39:59,387 | INFO | Scenario: scenario_3___nu=8 | n_rep: 293 | KDE model: t-student rot df=3
2026-05-06 06:39:59,768 | INFO | Scenario: scenario_3___nu=8 | n_rep: 294 | KDE model: gaussian rot
2026-05-06 06:40:00,233 | INFO | Scenario: scenario_3___nu=8 | n_rep: 294 | KDE model: t-student rot df=3
2026-05-06 06:40:00,709 | INFO | Scenario: scenario_3___nu=8 | n_rep: 295 | KDE model: gaussian rot
2026-05-06 06:40:01,207 | INFO | Scenario: scenario_3___nu=8 | n_rep: 295 | KDE model: t-student rot df=3
2026-05-06 06:40:01,720 | INFO | Scenario: scenario_3___nu=8 | n_rep: 296 | KDE model: gaussian rot
2026-05-06 06:40:02,176 | INFO | Scenario: scenario_3___nu=8 | n_rep: 296 | KDE model: t-student rot df=3
2026-05-06 06:40:02,626 | INFO | Scenario: scenario_3___nu=8 | n_rep: 297 | KDE model: gaussian rot
2026-05-06 06:40:03,139 | INFO | Scenario: scenario_3___nu=8 | n_rep: 297 | KDE model: t-student rot df=3
2026-05-06 06:40:03,604 | INFO | Scenario: scenario_3___nu=8 | n_rep: 298 | KDE model: gaussian rot
2026-05-06 06:40:04,320 | INFO | Scenario: scenario_3___nu=8 | n_rep: 298 | KDE model: t-student rot df=3
2026-05-06 06:40:04,978 | INFO | Scenario: scenario_3___nu=8 | n_rep: 299 | KDE model: gaussian rot
2026-05-06 06:40:05,506 | INFO | Scenario: scenario_3___nu=8 | n_rep: 299 | KDE model: t-student rot df=3
2026-05-06 06:40:05,984 | INFO | Scenario: scenario_3___nu=8 | n_rep: 300 | KDE model: gaussian rot
2026-05-06 06:40:06,546 | INFO | Scenario: scenario_3___nu=8 | n_rep: 300 | KDE model: t-student rot df=3
2026-05-06 06:40:07,323 | INFO | Scenario: scenario_3___nu=8 | n_rep: 301 | KDE model: gaussian rot
2026-05-06 06:40:07,881 | INFO | Scenario: scenario_3___nu=8 | n_rep: 301 | KDE model: t-student rot df=3
2026-05-06 06:40:08,450 | INFO | Scenario: scenario_3___nu=8 | n_rep: 302 | KDE model: gaussian rot
2026-05-06 06:40:08,971 | INFO | Scenario: scenario_3___nu=8 | n_rep: 302 | KDE model: t-student rot df=3
2026-05-06 06:40:09,578 | INFO | Scenario: scenario_3___nu=8 | n_rep: 303 | KDE model: gaussian rot
2026-05-06 06:40:10,076 | INFO | Scenario: scenario_3___nu=8 | n_rep: 303 | KDE model: t-student rot df=3
2026-05-06 06:40:10,485 | INFO | Scenario: scenario_3___nu=8 | n_rep: 304 | KDE model: gaussian rot
2026-05-06 06:40:11,029 | INFO | Scenario: scenario_3___nu=8 | n_rep: 304 | KDE model: t-student rot df=3
2026-05-06 06:40:11,549 | INFO | Scenario: scenario_3___nu=8 | n_rep: 305 | KDE model: gaussian rot
2026-05-06 06:40:12,249 | INFO | Scenario: scenario_3___nu=8 | n_rep: 305 | KDE model: t-student rot df=3
2026-05-06 06:40:12,981 | INFO | Scenario: scenario_3___nu=8 | n_rep: 306 | KDE model: gaussian rot
2026-05-06 06:40:13,436 | INFO | Scenario: scenario_3___nu=8 | n_rep: 306 | KDE model: t-student rot df=3
2026-05-06 06:40:13,824 | INFO | Scenario: scenario_3___nu=8 | n_rep: 307 | KDE model: gaussian rot
2026-05-06 06:40:14,354 | INFO | Scenario: scenario_3___nu=8 | n_rep: 307 | KDE model: t-student rot df=3
2026-05-06 06:40:14,872 | INFO | Scenario: scenario_3___nu=8 | n_rep: 308 | KDE model: gaussian rot
2026-05-06 06:40:15,509 | INFO | Scenario: scenario_3___nu=8 | n_rep: 308 | KDE model: t-student rot df=3
2026-05-06 06:40:16,004 | INFO | Scenario: scenario_3___nu=8 | n_rep: 309 | KDE model: gaussian rot
2026-05-06 06:40:16,691 | INFO | Scenario: scenario_3___nu=8 | n_rep: 309 | KDE model: t-student rot df=3
2026-05-06 06:40:17,435 | INFO | Scenario: scenario_3___nu=8 | n_rep: 310 | KDE model: gaussian rot
2026-05-06 06:40:18,215 | INFO | Scenario: scenario_3___nu=8 | n_rep: 310 | KDE model: t-student rot df=3
2026-05-06 06:40:18,995 | INFO | Scenario: scenario_3___nu=8 | n_rep: 311 | KDE model: gaussian rot
2026-05-06 06:40:19,788 | INFO | Scenario: scenario_3___nu=8 | n_rep: 311 | KDE model: t-student rot df=3
2026-05-06 06:40:20,493 | INFO | Scenario: scenario_3___nu=8 | n_rep: 312 | KDE model: gaussian rot
2026-05-06 06:40:21,194 | INFO | Scenario: scenario_3___nu=8 | n_rep: 312 | KDE model: t-student rot df=3
2026-05-06 06:40:21,809 | INFO | Scenario: scenario_3___nu=8 | n_rep: 313 | KDE model: gaussian rot
2026-05-06 06:40:22,204 | INFO | Scenario: scenario_3___nu=8 | n_rep: 313 | KDE model: t-student rot df=3
2026-05-06 06:40:23,152 | INFO | Scenario: scenario_3___nu=8 | n_rep: 314 | KDE model: gaussian rot
2026-05-06 06:40:23,592 | INFO | Scenario: scenario_3___nu=8 | n_rep: 314 | KDE model: t-student rot df=3
2026-05-06 06:40:23,981 | INFO | Scenario: scenario_3___nu=8 | n_rep: 315 | KDE model: gaussian rot
2026-05-06 06:40:24,692 | INFO | Scenario: scenario_3___nu=8 | n_rep: 315 | KDE model: t-student rot df=3
2026-05-06 06:40:25,386 | INFO | Scenario: scenario_3___nu=8 | n_rep: 316 | KDE model: gaussian rot
2026-05-06 06:40:25,786 | INFO | Scenario: scenario_3___nu=8 | n_rep: 316 | KDE model: t-student rot df=3
2026-05-06 06:40:26,175 | INFO | Scenario: scenario_3___nu=8 | n_rep: 317 | KDE model: gaussian rot
2026-05-06 06:40:26,921 | INFO | Scenario: scenario_3___nu=8 | n_rep: 317 | KDE model: t-student rot df=3
2026-05-06 06:40:27,643 | INFO | Scenario: scenario_3___nu=8 | n_rep: 318 | KDE model: gaussian rot
2026-05-06 06:40:28,394 | INFO | Scenario: scenario_3___nu=8 | n_rep: 318 | KDE model: t-student rot df=3
2026-05-06 06:40:29,135 | INFO | Scenario: scenario_3___nu=8 | n_rep: 319 | KDE model: gaussian rot
2026-05-06 06:40:29,827 | INFO | Scenario: scenario_3___nu=8 | n_rep: 319 | KDE model: t-student rot df=3
2026-05-06 06:40:30,396 | INFO | Scenario: scenario_3___nu=8 | n_rep: 320 | KDE model: gaussian rot
2026-05-06 06:40:30,870 | INFO | Scenario: scenario_3___nu=8 | n_rep: 320 | KDE model: t-student rot df=3
2026-05-06 06:40:31,374 | INFO | Scenario: scenario_3___nu=8 | n_rep: 321 | KDE model: gaussian rot
2026-05-06 06:40:32,096 | INFO | Scenario: scenario_3___nu=8 | n_rep: 321 | KDE model: t-student rot df=3
2026-05-06 06:40:32,733 | INFO | Scenario: scenario_3___nu=8 | n_rep: 322 | KDE model: gaussian rot
2026-05-06 06:40:33,136 | INFO | Scenario: scenario_3___nu=8 | n_rep: 322 | KDE model: t-student rot df=3
2026-05-06 06:40:33,555 | INFO | Scenario: scenario_3___nu=8 | n_rep: 323 | KDE model: gaussian rot
2026-05-06 06:40:34,043 | INFO | Scenario: scenario_3___nu=8 | n_rep: 323 | KDE model: t-student rot df=3
2026-05-06 06:40:34,509 | INFO | Scenario: scenario_3___nu=8 | n_rep: 324 | KDE model: gaussian rot
2026-05-06 06:40:35,046 | INFO | Scenario: scenario_3___nu=8 | n_rep: 324 | KDE model: t-student rot df=3
2026-05-06 06:40:35,581 | INFO | Scenario: scenario_3___nu=8 | n_rep: 325 | KDE model: gaussian rot
2026-05-06 06:40:36,435 | INFO | Scenario: scenario_3___nu=8 | n_rep: 325 | KDE model: t-student rot df=3
2026-05-06 06:40:37,061 | INFO | Scenario: scenario_3___nu=8 | n_rep: 326 | KDE model: gaussian rot
2026-05-06 06:40:37,705 | INFO | Scenario: scenario_3___nu=8 | n_rep: 326 | KDE model: t-student rot df=3
2026-05-06 06:40:38,347 | INFO | Scenario: scenario_3___nu=8 | n_rep: 327 | KDE model: gaussian rot
2026-05-06 06:40:39,107 | INFO | Scenario: scenario_3___nu=8 | n_rep: 327 | KDE model: t-student rot df=3
2026-05-06 06:40:39,817 | INFO | Scenario: scenario_3___nu=8 | n_rep: 328 | KDE model: gaussian rot
2026-05-06 06:40:40,271 | INFO | Scenario: scenario_3___nu=8 | n_rep: 328 | KDE model: t-student rot df=3
2026-05-06 06:40:40,668 | INFO | Scenario: scenario_3___nu=8 | n_rep: 329 | KDE model: gaussian rot
2026-05-06 06:40:41,131 | INFO | Scenario: scenario_3___nu=8 | n_rep: 329 | KDE model: t-student rot df=3
2026-05-06 06:40:41,588 | INFO | Scenario: scenario_3___nu=8 | n_rep: 330 | KDE model: gaussian rot
2026-05-06 06:40:42,321 | INFO | Scenario: scenario_3___nu=8 | n_rep: 330 | KDE model: t-student rot df=3
2026-05-06 06:40:43,072 | INFO | Scenario: scenario_3___nu=8 | n_rep: 331 | KDE model: gaussian rot
2026-05-06 06:40:43,521 | INFO | Scenario: scenario_3___nu=8 | n_rep: 331 | KDE model: t-student rot df=3
2026-05-06 06:40:43,936 | INFO | Scenario: scenario_3___nu=8 | n_rep: 332 | KDE model: gaussian rot
2026-05-06 06:40:44,379 | INFO | Scenario: scenario_3___nu=8 | n_rep: 332 | KDE model: t-student rot df=3
2026-05-06 06:40:44,899 | INFO | Scenario: scenario_3___nu=8 | n_rep: 333 | KDE model: gaussian rot
2026-05-06 06:40:45,798 | INFO | Scenario: scenario_3___nu=8 | n_rep: 333 | KDE model: t-student rot df=3
2026-05-06 06:40:46,501 | INFO | Scenario: scenario_3___nu=8 | n_rep: 334 | KDE model: gaussian rot
2026-05-06 06:40:47,001 | INFO | Scenario: scenario_3___nu=8 | n_rep: 334 | KDE model: t-student rot df=3
2026-05-06 06:40:47,450 | INFO | Scenario: scenario_3___nu=8 | n_rep: 335 | KDE model: gaussian rot
2026-05-06 06:40:48,081 | INFO | Scenario: scenario_3___nu=8 | n_rep: 335 | KDE model: t-student rot df=3
2026-05-06 06:40:48,749 | INFO | Scenario: scenario_3___nu=8 | n_rep: 336 | KDE model: gaussian rot
2026-05-06 06:40:49,206 | INFO | Scenario: scenario_3___nu=8 | n_rep: 336 | KDE model: t-student rot df=3
2026-05-06 06:40:49,652 | INFO | Scenario: scenario_3___nu=8 | n_rep: 337 | KDE model: gaussian rot
2026-05-06 06:40:50,096 | INFO | Scenario: scenario_3___nu=8 | n_rep: 337 | KDE model: t-student rot df=3
2026-05-06 06:40:50,512 | INFO | Scenario: scenario_3___nu=8 | n_rep: 338 | KDE model: gaussian rot
2026-05-06 06:40:51,289 | INFO | Scenario: scenario_3___nu=8 | n_rep: 338 | KDE model: t-student rot df=3
2026-05-06 06:40:51,952 | INFO | Scenario: scenario_3___nu=8 | n_rep: 339 | KDE model: gaussian rot
2026-05-06 06:40:52,525 | INFO | Scenario: scenario_3___nu=8 | n_rep: 339 | KDE model: t-student rot df=3
2026-05-06 06:40:53,026 | INFO | Scenario: scenario_3___nu=8 | n_rep: 340 | KDE model: gaussian rot
2026-05-06 06:40:53,700 | INFO | Scenario: scenario_3___nu=8 | n_rep: 340 | KDE model: t-student rot df=3
2026-05-06 06:40:54,442 | INFO | Scenario: scenario_3___nu=8 | n_rep: 341 | KDE model: gaussian rot
2026-05-06 06:40:54,990 | INFO | Scenario: scenario_3___nu=8 | n_rep: 341 | KDE model: t-student rot df=3
2026-05-06 06:40:55,429 | INFO | Scenario: scenario_3___nu=8 | n_rep: 342 | KDE model: gaussian rot
2026-05-06 06:40:55,882 | INFO | Scenario: scenario_3___nu=8 | n_rep: 342 | KDE model: t-student rot df=3
2026-05-06 06:40:56,677 | INFO | Scenario: scenario_3___nu=8 | n_rep: 343 | KDE model: gaussian rot
2026-05-06 06:40:57,392 | INFO | Scenario: scenario_3___nu=8 | n_rep: 343 | KDE model: t-student rot df=3
2026-05-06 06:40:58,017 | INFO | Scenario: scenario_3___nu=8 | n_rep: 344 | KDE model: gaussian rot
2026-05-06 06:40:58,765 | INFO | Scenario: scenario_3___nu=8 | n_rep: 344 | KDE model: t-student rot df=3
2026-05-06 06:40:59,477 | INFO | Scenario: scenario_3___nu=8 | n_rep: 345 | KDE model: gaussian rot
2026-05-06 06:40:59,984 | INFO | Scenario: scenario_3___nu=8 | n_rep: 345 | KDE model: t-student rot df=3
2026-05-06 06:41:00,452 | INFO | Scenario: scenario_3___nu=8 | n_rep: 346 | KDE model: gaussian rot
2026-05-06 06:41:01,034 | INFO | Scenario: scenario_3___nu=8 | n_rep: 346 | KDE model: t-student rot df=3
2026-05-06 06:41:01,639 | INFO | Scenario: scenario_3___nu=8 | n_rep: 347 | KDE model: gaussian rot
2026-05-06 06:41:02,119 | INFO | Scenario: scenario_3___nu=8 | n_rep: 347 | KDE model: t-student rot df=3
2026-05-06 06:41:02,649 | INFO | Scenario: scenario_3___nu=8 | n_rep: 348 | KDE model: gaussian rot
2026-05-06 06:41:03,307 | INFO | Scenario: scenario_3___nu=8 | n_rep: 348 | KDE model: t-student rot df=3
2026-05-06 06:41:03,868 | INFO | Scenario: scenario_3___nu=8 | n_rep: 349 | KDE model: gaussian rot
2026-05-06 06:41:04,336 | INFO | Scenario: scenario_3___nu=8 | n_rep: 349 | KDE model: t-student rot df=3
2026-05-06 06:41:04,777 | INFO | Scenario: scenario_3___nu=8 | n_rep: 350 | KDE model: gaussian rot
2026-05-06 06:41:05,317 | INFO | Scenario: scenario_3___nu=8 | n_rep: 350 | KDE model: t-student rot df=3
2026-05-06 06:41:05,907 | INFO | Scenario: scenario_3___nu=8 | n_rep: 351 | KDE model: gaussian rot
2026-05-06 06:41:06,564 | INFO | Scenario: scenario_3___nu=8 | n_rep: 351 | KDE model: t-student rot df=3
2026-05-06 06:41:07,251 | INFO | Scenario: scenario_3___nu=8 | n_rep: 352 | KDE model: gaussian rot
2026-05-06 06:41:07,756 | INFO | Scenario: scenario_3___nu=8 | n_rep: 352 | KDE model: t-student rot df=3
2026-05-06 06:41:08,241 | INFO | Scenario: scenario_3___nu=8 | n_rep: 353 | KDE model: gaussian rot
2026-05-06 06:41:08,654 | INFO | Scenario: scenario_3___nu=8 | n_rep: 353 | KDE model: t-student rot df=3
2026-05-06 06:41:09,079 | INFO | Scenario: scenario_3___nu=8 | n_rep: 354 | KDE model: gaussian rot
2026-05-06 06:41:09,565 | INFO | Scenario: scenario_3___nu=8 | n_rep: 354 | KDE model: t-student rot df=3
2026-05-06 06:41:10,052 | INFO | Scenario: scenario_3___nu=8 | n_rep: 355 | KDE model: gaussian rot
2026-05-06 06:41:10,466 | INFO | Scenario: scenario_3___nu=8 | n_rep: 355 | KDE model: t-student rot df=3
2026-05-06 06:41:10,871 | INFO | Scenario: scenario_3___nu=8 | n_rep: 356 | KDE model: gaussian rot
2026-05-06 06:41:11,270 | INFO | Scenario: scenario_3___nu=8 | n_rep: 356 | KDE model: t-student rot df=3
2026-05-06 06:41:11,646 | INFO | Scenario: scenario_3___nu=8 | n_rep: 357 | KDE model: gaussian rot
2026-05-06 06:41:12,070 | INFO | Scenario: scenario_3___nu=8 | n_rep: 357 | KDE model: t-student rot df=3
2026-05-06 06:41:12,470 | INFO | Scenario: scenario_3___nu=8 | n_rep: 358 | KDE model: gaussian rot
2026-05-06 06:41:12,868 | INFO | Scenario: scenario_3___nu=8 | n_rep: 358 | KDE model: t-student rot df=3
2026-05-06 06:41:13,201 | INFO | Scenario: scenario_3___nu=8 | n_rep: 359 | KDE model: gaussian rot
2026-05-06 06:41:13,742 | INFO | Scenario: scenario_3___nu=8 | n_rep: 359 | KDE model: t-student rot df=3
2026-05-06 06:41:14,500 | INFO | Scenario: scenario_3___nu=8 | n_rep: 360 | KDE model: gaussian rot
2026-05-06 06:41:14,900 | INFO | Scenario: scenario_3___nu=8 | n_rep: 360 | KDE model: t-student rot df=3
2026-05-06 06:41:15,246 | INFO | Scenario: scenario_3___nu=8 | n_rep: 361 | KDE model: gaussian rot
2026-05-06 06:41:15,914 | INFO | Scenario: scenario_3___nu=8 | n_rep: 361 | KDE model: t-student rot df=3
2026-05-06 06:41:16,610 | INFO | Scenario: scenario_3___nu=8 | n_rep: 362 | KDE model: gaussian rot
2026-05-06 06:41:17,059 | INFO | Scenario: scenario_3___nu=8 | n_rep: 362 | KDE model: t-student rot df=3
2026-05-06 06:41:17,532 | INFO | Scenario: scenario_3___nu=8 | n_rep: 363 | KDE model: gaussian rot
2026-05-06 06:41:17,950 | INFO | Scenario: scenario_3___nu=8 | n_rep: 363 | KDE model: t-student rot df=3
2026-05-06 06:41:18,401 | INFO | Scenario: scenario_3___nu=8 | n_rep: 364 | KDE model: gaussian rot
2026-05-06 06:41:18,821 | INFO | Scenario: scenario_3___nu=8 | n_rep: 364 | KDE model: t-student rot df=3
2026-05-06 06:41:19,249 | INFO | Scenario: scenario_3___nu=8 | n_rep: 365 | KDE model: gaussian rot
2026-05-06 06:41:19,827 | INFO | Scenario: scenario_3___nu=8 | n_rep: 365 | KDE model: t-student rot df=3
2026-05-06 06:41:20,408 | INFO | Scenario: scenario_3___nu=8 | n_rep: 366 | KDE model: gaussian rot
2026-05-06 06:41:20,987 | INFO | Scenario: scenario_3___nu=8 | n_rep: 366 | KDE model: t-student rot df=3
2026-05-06 06:41:21,528 | INFO | Scenario: scenario_3___nu=8 | n_rep: 367 | KDE model: gaussian rot
2026-05-06 06:41:22,301 | INFO | Scenario: scenario_3___nu=8 | n_rep: 367 | KDE model: t-student rot df=3
2026-05-06 06:41:23,043 | INFO | Scenario: scenario_3___nu=8 | n_rep: 368 | KDE model: gaussian rot
2026-05-06 06:41:23,617 | INFO | Scenario: scenario_3___nu=8 | n_rep: 368 | KDE model: t-student rot df=3
2026-05-06 06:41:24,180 | INFO | Scenario: scenario_3___nu=8 | n_rep: 369 | KDE model: gaussian rot
2026-05-06 06:41:24,599 | INFO | Scenario: scenario_3___nu=8 | n_rep: 369 | KDE model: t-student rot df=3
2026-05-06 06:41:25,033 | INFO | Scenario: scenario_3___nu=8 | n_rep: 370 | KDE model: gaussian rot
2026-05-06 06:41:25,543 | INFO | Scenario: scenario_3___nu=8 | n_rep: 370 | KDE model: t-student rot df=3
2026-05-06 06:41:25,977 | INFO | Scenario: scenario_3___nu=8 | n_rep: 371 | KDE model: gaussian rot
2026-05-06 06:41:26,694 | INFO | Scenario: scenario_3___nu=8 | n_rep: 371 | KDE model: t-student rot df=3
2026-05-06 06:41:27,323 | INFO | Scenario: scenario_3___nu=8 | n_rep: 372 | KDE model: gaussian rot
2026-05-06 06:41:27,739 | INFO | Scenario: scenario_3___nu=8 | n_rep: 372 | KDE model: t-student rot df=3
2026-05-06 06:41:28,117 | INFO | Scenario: scenario_3___nu=8 | n_rep: 373 | KDE model: gaussian rot
2026-05-06 06:41:28,539 | INFO | Scenario: scenario_3___nu=8 | n_rep: 373 | KDE model: t-student rot df=3
2026-05-06 06:41:28,938 | INFO | Scenario: scenario_3___nu=8 | n_rep: 374 | KDE model: gaussian rot
2026-05-06 06:41:29,431 | INFO | Scenario: scenario_3___nu=8 | n_rep: 374 | KDE model: t-student rot df=3
2026-05-06 06:41:29,915 | INFO | Scenario: scenario_3___nu=8 | n_rep: 375 | KDE model: gaussian rot
2026-05-06 06:41:30,371 | INFO | Scenario: scenario_3___nu=8 | n_rep: 375 | KDE model: t-student rot df=3
2026-05-06 06:41:30,800 | INFO | Scenario: scenario_3___nu=8 | n_rep: 376 | KDE model: gaussian rot
2026-05-06 06:41:31,610 | INFO | Scenario: scenario_3___nu=8 | n_rep: 376 | KDE model: t-student rot df=3
2026-05-06 06:41:32,472 | INFO | Scenario: scenario_3___nu=8 | n_rep: 377 | KDE model: gaussian rot
2026-05-06 06:41:33,124 | INFO | Scenario: scenario_3___nu=8 | n_rep: 377 | KDE model: t-student rot df=3
2026-05-06 06:41:33,899 | INFO | Scenario: scenario_3___nu=8 | n_rep: 378 | KDE model: gaussian rot
2026-05-06 06:41:34,688 | INFO | Scenario: scenario_3___nu=8 | n_rep: 378 | KDE model: t-student rot df=3
2026-05-06 06:41:35,387 | INFO | Scenario: scenario_3___nu=8 | n_rep: 379 | KDE model: gaussian rot
2026-05-06 06:41:35,878 | INFO | Scenario: scenario_3___nu=8 | n_rep: 379 | KDE model: t-student rot df=3
2026-05-06 06:41:36,571 | INFO | Scenario: scenario_3___nu=8 | n_rep: 380 | KDE model: gaussian rot
2026-05-06 06:41:37,193 | INFO | Scenario: scenario_3___nu=8 | n_rep: 380 | KDE model: t-student rot df=3
2026-05-06 06:41:37,730 | INFO | Scenario: scenario_3___nu=8 | n_rep: 381 | KDE model: gaussian rot
2026-05-06 06:41:38,761 | INFO | Scenario: scenario_3___nu=8 | n_rep: 381 | KDE model: t-student rot df=3
2026-05-06 06:41:39,758 | INFO | Scenario: scenario_3___nu=8 | n_rep: 382 | KDE model: gaussian rot
2026-05-06 06:41:40,393 | INFO | Scenario: scenario_3___nu=8 | n_rep: 382 | KDE model: t-student rot df=3
2026-05-06 06:41:41,031 | INFO | Scenario: scenario_3___nu=8 | n_rep: 383 | KDE model: gaussian rot
2026-05-06 06:41:41,552 | INFO | Scenario: scenario_3___nu=8 | n_rep: 383 | KDE model: t-student rot df=3
2026-05-06 06:41:42,111 | INFO | Scenario: scenario_3___nu=8 | n_rep: 384 | KDE model: gaussian rot
2026-05-06 06:41:42,502 | INFO | Scenario: scenario_3___nu=8 | n_rep: 384 | KDE model: t-student rot df=3
2026-05-06 06:41:43,024 | INFO | Scenario: scenario_3___nu=8 | n_rep: 385 | KDE model: gaussian rot
2026-05-06 06:41:43,531 | INFO | Scenario: scenario_3___nu=8 | n_rep: 385 | KDE model: t-student rot df=3
2026-05-06 06:41:43,979 | INFO | Scenario: scenario_3___nu=8 | n_rep: 386 | KDE model: gaussian rot
2026-05-06 06:41:44,392 | INFO | Scenario: scenario_3___nu=8 | n_rep: 386 | KDE model: t-student rot df=3
2026-05-06 06:41:44,794 | INFO | Scenario: scenario_3___nu=8 | n_rep: 387 | KDE model: gaussian rot
2026-05-06 06:41:45,202 | INFO | Scenario: scenario_3___nu=8 | n_rep: 387 | KDE model: t-student rot df=3
2026-05-06 06:41:45,586 | INFO | Scenario: scenario_3___nu=8 | n_rep: 388 | KDE model: gaussian rot
2026-05-06 06:41:46,298 | INFO | Scenario: scenario_3___nu=8 | n_rep: 388 | KDE model: t-student rot df=3
2026-05-06 06:41:46,926 | INFO | Scenario: scenario_3___nu=8 | n_rep: 389 | KDE model: gaussian rot
2026-05-06 06:41:47,327 | INFO | Scenario: scenario_3___nu=8 | n_rep: 389 | KDE model: t-student rot df=3
2026-05-06 06:41:47,793 | INFO | Scenario: scenario_3___nu=8 | n_rep: 390 | KDE model: gaussian rot
2026-05-06 06:41:48,225 | INFO | Scenario: scenario_3___nu=8 | n_rep: 390 | KDE model: t-student rot df=3
2026-05-06 06:41:48,669 | INFO | Scenario: scenario_3___nu=8 | n_rep: 391 | KDE model: gaussian rot
2026-05-06 06:41:49,096 | INFO | Scenario: scenario_3___nu=8 | n_rep: 391 | KDE model: t-student rot df=3
2026-05-06 06:41:49,519 | INFO | Scenario: scenario_3___nu=8 | n_rep: 392 | KDE model: gaussian rot
2026-05-06 06:41:50,052 | INFO | Scenario: scenario_3___nu=8 | n_rep: 392 | KDE model: t-student rot df=3
2026-05-06 06:41:50,592 | INFO | Scenario: scenario_3___nu=8 | n_rep: 393 | KDE model: gaussian rot
2026-05-06 06:41:51,592 | INFO | Scenario: scenario_3___nu=8 | n_rep: 393 | KDE model: t-student rot df=3
2026-05-06 06:41:52,562 | INFO | Scenario: scenario_3___nu=8 | n_rep: 394 | KDE model: gaussian rot
2026-05-06 06:41:53,272 | INFO | Scenario: scenario_3___nu=8 | n_rep: 394 | KDE model: t-student rot df=3
2026-05-06 06:41:53,952 | INFO | Scenario: scenario_3___nu=8 | n_rep: 395 | KDE model: gaussian rot
2026-05-06 06:41:54,678 | INFO | Scenario: scenario_3___nu=8 | n_rep: 395 | KDE model: t-student rot df=3
2026-05-06 06:41:55,294 | INFO | Scenario: scenario_3___nu=8 | n_rep: 396 | KDE model: gaussian rot
2026-05-06 06:41:55,996 | INFO | Scenario: scenario_3___nu=8 | n_rep: 396 | KDE model: t-student rot df=3
2026-05-06 06:41:56,660 | INFO | Scenario: scenario_3___nu=8 | n_rep: 397 | KDE model: gaussian rot
2026-05-06 06:41:57,038 | INFO | Scenario: scenario_3___nu=8 | n_rep: 397 | KDE model: t-student rot df=3
2026-05-06 06:41:57,387 | INFO | Scenario: scenario_3___nu=8 | n_rep: 398 | KDE model: gaussian rot
2026-05-06 06:41:57,945 | INFO | Scenario: scenario_3___nu=8 | n_rep: 398 | KDE model: t-student rot df=3
2026-05-06 06:41:58,476 | INFO | Scenario: scenario_3___nu=8 | n_rep: 399 | KDE model: gaussian rot
2026-05-06 06:41:58,927 | INFO | Scenario: scenario_3___nu=8 | n_rep: 399 | KDE model: t-student rot df=3
2026-05-06 06:41:59,337 | INFO | Scenario: scenario_3___nu=8 | n_rep: 400 | KDE model: gaussian rot
2026-05-06 06:41:59,840 | INFO | Scenario: scenario_3___nu=8 | n_rep: 400 | KDE model: t-student rot df=3
2026-05-06 06:42:00,255 | INFO | Scenario: scenario_3___nu=8 | n_rep: 401 | KDE model: gaussian rot
2026-05-06 06:42:00,652 | INFO | Scenario: scenario_3___nu=8 | n_rep: 401 | KDE model: t-student rot df=3
2026-05-06 06:42:01,390 | INFO | Scenario: scenario_3___nu=8 | n_rep: 402 | KDE model: gaussian rot
2026-05-06 06:42:01,877 | INFO | Scenario: scenario_3___nu=8 | n_rep: 402 | KDE model: t-student rot df=3
2026-05-06 06:42:02,318 | INFO | Scenario: scenario_3___nu=8 | n_rep: 403 | KDE model: gaussian rot
2026-05-06 06:42:02,984 | INFO | Scenario: scenario_3___nu=8 | n_rep: 403 | KDE model: t-student rot df=3
2026-05-06 06:42:03,662 | INFO | Scenario: scenario_3___nu=8 | n_rep: 404 | KDE model: gaussian rot
2026-05-06 06:42:04,136 | INFO | Scenario: scenario_3___nu=8 | n_rep: 404 | KDE model: t-student rot df=3
2026-05-06 06:42:04,518 | INFO | Scenario: scenario_3___nu=8 | n_rep: 405 | KDE model: gaussian rot
2026-05-06 06:42:05,081 | INFO | Scenario: scenario_3___nu=8 | n_rep: 405 | KDE model: t-student rot df=3
2026-05-06 06:42:05,546 | INFO | Scenario: scenario_3___nu=8 | n_rep: 406 | KDE model: gaussian rot
2026-05-06 06:42:06,038 | INFO | Scenario: scenario_3___nu=8 | n_rep: 406 | KDE model: t-student rot df=3
2026-05-06 06:42:06,457 | INFO | Scenario: scenario_3___nu=8 | n_rep: 407 | KDE model: gaussian rot
2026-05-06 06:42:07,077 | INFO | Scenario: scenario_3___nu=8 | n_rep: 407 | KDE model: t-student rot df=3
2026-05-06 06:42:07,550 | INFO | Scenario: scenario_3___nu=8 | n_rep: 408 | KDE model: gaussian rot
2026-05-06 06:42:07,908 | INFO | Scenario: scenario_3___nu=8 | n_rep: 408 | KDE model: t-student rot df=3
2026-05-06 06:42:08,309 | INFO | Scenario: scenario_3___nu=8 | n_rep: 409 | KDE model: gaussian rot
2026-05-06 06:42:08,709 | INFO | Scenario: scenario_3___nu=8 | n_rep: 409 | KDE model: t-student rot df=3
2026-05-06 06:42:09,135 | INFO | Scenario: scenario_3___nu=8 | n_rep: 410 | KDE model: gaussian rot
2026-05-06 06:42:09,536 | INFO | Scenario: scenario_3___nu=8 | n_rep: 410 | KDE model: t-student rot df=3
2026-05-06 06:42:09,900 | INFO | Scenario: scenario_3___nu=8 | n_rep: 411 | KDE model: gaussian rot
2026-05-06 06:42:10,670 | INFO | Scenario: scenario_3___nu=8 | n_rep: 411 | KDE model: t-student rot df=3
2026-05-06 06:42:11,372 | INFO | Scenario: scenario_3___nu=8 | n_rep: 412 | KDE model: gaussian rot
2026-05-06 06:42:11,853 | INFO | Scenario: scenario_3___nu=8 | n_rep: 412 | KDE model: t-student rot df=3
2026-05-06 06:42:12,369 | INFO | Scenario: scenario_3___nu=8 | n_rep: 413 | KDE model: gaussian rot
2026-05-06 06:42:12,904 | INFO | Scenario: scenario_3___nu=8 | n_rep: 413 | KDE model: t-student rot df=3
2026-05-06 06:42:13,843 | INFO | Scenario: scenario_3___nu=8 | n_rep: 414 | KDE model: gaussian rot
2026-05-06 06:42:14,368 | INFO | Scenario: scenario_3___nu=8 | n_rep: 414 | KDE model: t-student rot df=3
2026-05-06 06:42:14,749 | INFO | Scenario: scenario_3___nu=8 | n_rep: 415 | KDE model: gaussian rot
2026-05-06 06:42:15,226 | INFO | Scenario: scenario_3___nu=8 | n_rep: 415 | KDE model: t-student rot df=3
2026-05-06 06:42:15,652 | INFO | Scenario: scenario_3___nu=8 | n_rep: 416 | KDE model: gaussian rot
2026-05-06 06:42:16,613 | INFO | Scenario: scenario_3___nu=8 | n_rep: 416 | KDE model: t-student rot df=3
2026-05-06 06:42:17,325 | INFO | Scenario: scenario_3___nu=8 | n_rep: 417 | KDE model: gaussian rot
2026-05-06 06:42:18,526 | INFO | Scenario: scenario_3___nu=8 | n_rep: 417 | KDE model: t-student rot df=3
2026-05-06 06:42:19,466 | INFO | Scenario: scenario_3___nu=8 | n_rep: 418 | KDE model: gaussian rot
2026-05-06 06:42:19,844 | INFO | Scenario: scenario_3___nu=8 | n_rep: 418 | KDE model: t-student rot df=3
2026-05-06 06:42:20,412 | INFO | Scenario: scenario_3___nu=8 | n_rep: 419 | KDE model: gaussian rot
2026-05-06 06:42:21,267 | INFO | Scenario: scenario_3___nu=8 | n_rep: 419 | KDE model: t-student rot df=3
2026-05-06 06:42:22,062 | INFO | Scenario: scenario_3___nu=8 | n_rep: 420 | KDE model: gaussian rot
2026-05-06 06:42:22,509 | INFO | Scenario: scenario_3___nu=8 | n_rep: 420 | KDE model: t-student rot df=3
2026-05-06 06:42:22,926 | INFO | Scenario: scenario_3___nu=8 | n_rep: 421 | KDE model: gaussian rot
2026-05-06 06:42:23,612 | INFO | Scenario: scenario_3___nu=8 | n_rep: 421 | KDE model: t-student rot df=3
2026-05-06 06:42:24,288 | INFO | Scenario: scenario_3___nu=8 | n_rep: 422 | KDE model: gaussian rot
2026-05-06 06:42:24,966 | INFO | Scenario: scenario_3___nu=8 | n_rep: 422 | KDE model: t-student rot df=3
2026-05-06 06:42:25,699 | INFO | Scenario: scenario_3___nu=8 | n_rep: 423 | KDE model: gaussian rot
2026-05-06 06:42:26,282 | INFO | Scenario: scenario_3___nu=8 | n_rep: 423 | KDE model: t-student rot df=3
2026-05-06 06:42:26,946 | INFO | Scenario: scenario_3___nu=8 | n_rep: 424 | KDE model: gaussian rot
2026-05-06 06:42:27,355 | INFO | Scenario: scenario_3___nu=8 | n_rep: 424 | KDE model: t-student rot df=3
2026-05-06 06:42:27,761 | INFO | Scenario: scenario_3___nu=8 | n_rep: 425 | KDE model: gaussian rot
2026-05-06 06:42:28,519 | INFO | Scenario: scenario_3___nu=8 | n_rep: 425 | KDE model: t-student rot df=3
2026-05-06 06:42:29,275 | INFO | Scenario: scenario_3___nu=8 | n_rep: 426 | KDE model: gaussian rot
2026-05-06 06:42:30,099 | INFO | Scenario: scenario_3___nu=8 | n_rep: 426 | KDE model: t-student rot df=3
2026-05-06 06:42:30,925 | INFO | Scenario: scenario_3___nu=8 | n_rep: 427 | KDE model: gaussian rot
2026-05-06 06:42:31,585 | INFO | Scenario: scenario_3___nu=8 | n_rep: 427 | KDE model: t-student rot df=3
2026-05-06 06:42:32,315 | INFO | Scenario: scenario_3___nu=8 | n_rep: 428 | KDE model: gaussian rot
2026-05-06 06:42:32,767 | INFO | Scenario: scenario_3___nu=8 | n_rep: 428 | KDE model: t-student rot df=3
2026-05-06 06:42:33,224 | INFO | Scenario: scenario_3___nu=8 | n_rep: 429 | KDE model: gaussian rot
2026-05-06 06:42:33,892 | INFO | Scenario: scenario_3___nu=8 | n_rep: 429 | KDE model: t-student rot df=3
2026-05-06 06:42:34,515 | INFO | Scenario: scenario_3___nu=8 | n_rep: 430 | KDE model: gaussian rot
2026-05-06 06:42:34,991 | INFO | Scenario: scenario_3___nu=8 | n_rep: 430 | KDE model: t-student rot df=3
2026-05-06 06:42:35,437 | INFO | Scenario: scenario_3___nu=8 | n_rep: 431 | KDE model: gaussian rot
2026-05-06 06:42:36,053 | INFO | Scenario: scenario_3___nu=8 | n_rep: 431 | KDE model: t-student rot df=3
2026-05-06 06:42:36,518 | INFO | Scenario: scenario_3___nu=8 | n_rep: 432 | KDE model: gaussian rot
2026-05-06 06:42:36,929 | INFO | Scenario: scenario_3___nu=8 | n_rep: 432 | KDE model: t-student rot df=3
2026-05-06 06:42:37,332 | INFO | Scenario: scenario_3___nu=8 | n_rep: 433 | KDE model: gaussian rot
2026-05-06 06:42:37,846 | INFO | Scenario: scenario_3___nu=8 | n_rep: 433 | KDE model: t-student rot df=3
2026-05-06 06:42:38,272 | INFO | Scenario: scenario_3___nu=8 | n_rep: 434 | KDE model: gaussian rot
2026-05-06 06:42:38,960 | INFO | Scenario: scenario_3___nu=8 | n_rep: 434 | KDE model: t-student rot df=3
2026-05-06 06:42:39,638 | INFO | Scenario: scenario_3___nu=8 | n_rep: 435 | KDE model: gaussian rot
2026-05-06 06:42:40,630 | INFO | Scenario: scenario_3___nu=8 | n_rep: 435 | KDE model: t-student rot df=3
2026-05-06 06:42:41,534 | INFO | Scenario: scenario_3___nu=8 | n_rep: 436 | KDE model: gaussian rot
2026-05-06 06:42:42,221 | INFO | Scenario: scenario_3___nu=8 | n_rep: 436 | KDE model: t-student rot df=3
2026-05-06 06:42:43,001 | INFO | Scenario: scenario_3___nu=8 | n_rep: 437 | KDE model: gaussian rot
2026-05-06 06:42:43,466 | INFO | Scenario: scenario_3___nu=8 | n_rep: 437 | KDE model: t-student rot df=3
2026-05-06 06:42:43,917 | INFO | Scenario: scenario_3___nu=8 | n_rep: 438 | KDE model: gaussian rot
2026-05-06 06:42:44,295 | INFO | Scenario: scenario_3___nu=8 | n_rep: 438 | KDE model: t-student rot df=3
2026-05-06 06:42:44,706 | INFO | Scenario: scenario_3___nu=8 | n_rep: 439 | KDE model: gaussian rot
2026-05-06 06:42:45,289 | INFO | Scenario: scenario_3___nu=8 | n_rep: 439 | KDE model: t-student rot df=3
2026-05-06 06:42:45,808 | INFO | Scenario: scenario_3___nu=8 | n_rep: 440 | KDE model: gaussian rot
2026-05-06 06:42:46,295 | INFO | Scenario: scenario_3___nu=8 | n_rep: 440 | KDE model: t-student rot df=3
2026-05-06 06:42:46,751 | INFO | Scenario: scenario_3___nu=8 | n_rep: 441 | KDE model: gaussian rot
2026-05-06 06:42:47,193 | INFO | Scenario: scenario_3___nu=8 | n_rep: 441 | KDE model: t-student rot df=3
2026-05-06 06:42:47,628 | INFO | Scenario: scenario_3___nu=8 | n_rep: 442 | KDE model: gaussian rot
2026-05-06 06:42:48,653 | INFO | Scenario: scenario_3___nu=8 | n_rep: 442 | KDE model: t-student rot df=3
2026-05-06 06:42:49,788 | INFO | Scenario: scenario_3___nu=8 | n_rep: 443 | KDE model: gaussian rot
2026-05-06 06:42:50,299 | INFO | Scenario: scenario_3___nu=8 | n_rep: 443 | KDE model: t-student rot df=3
2026-05-06 06:42:50,814 | INFO | Scenario: scenario_3___nu=8 | n_rep: 444 | KDE model: gaussian rot
2026-05-06 06:42:51,255 | INFO | Scenario: scenario_3___nu=8 | n_rep: 444 | KDE model: t-student rot df=3
2026-05-06 06:42:51,569 | INFO | Scenario: scenario_3___nu=8 | n_rep: 445 | KDE model: gaussian rot
2026-05-06 06:42:52,243 | INFO | Scenario: scenario_3___nu=8 | n_rep: 445 | KDE model: t-student rot df=3
2026-05-06 06:42:52,701 | INFO | Scenario: scenario_3___nu=8 | n_rep: 446 | KDE model: gaussian rot
2026-05-06 06:42:53,205 | INFO | Scenario: scenario_3___nu=8 | n_rep: 446 | KDE model: t-student rot df=3
2026-05-06 06:42:53,828 | INFO | Scenario: scenario_3___nu=8 | n_rep: 447 | KDE model: gaussian rot
2026-05-06 06:42:54,358 | INFO | Scenario: scenario_3___nu=8 | n_rep: 447 | KDE model: t-student rot df=3
2026-05-06 06:42:54,866 | INFO | Scenario: scenario_3___nu=8 | n_rep: 448 | KDE model: gaussian rot
2026-05-06 06:42:55,248 | INFO | Scenario: scenario_3___nu=8 | n_rep: 448 | KDE model: t-student rot df=3
2026-05-06 06:42:55,609 | INFO | Scenario: scenario_3___nu=8 | n_rep: 449 | KDE model: gaussian rot
2026-05-06 06:42:56,251 | INFO | Scenario: scenario_3___nu=8 | n_rep: 449 | KDE model: t-student rot df=3
2026-05-06 06:42:56,987 | INFO | Scenario: scenario_3___nu=8 | n_rep: 450 | KDE model: gaussian rot
2026-05-06 06:42:57,463 | INFO | Scenario: scenario_3___nu=8 | n_rep: 450 | KDE model: t-student rot df=3
2026-05-06 06:42:57,938 | INFO | Scenario: scenario_3___nu=8 | n_rep: 451 | KDE model: gaussian rot
2026-05-06 06:42:58,655 | INFO | Scenario: scenario_3___nu=8 | n_rep: 451 | KDE model: t-student rot df=3
2026-05-06 06:42:59,370 | INFO | Scenario: scenario_3___nu=8 | n_rep: 452 | KDE model: gaussian rot
2026-05-06 06:43:00,202 | INFO | Scenario: scenario_3___nu=8 | n_rep: 452 | KDE model: t-student rot df=3
2026-05-06 06:43:00,622 | INFO | Scenario: scenario_3___nu=8 | n_rep: 453 | KDE model: gaussian rot
2026-05-06 06:43:01,080 | INFO | Scenario: scenario_3___nu=8 | n_rep: 453 | KDE model: t-student rot df=3
2026-05-06 06:43:01,783 | INFO | Scenario: scenario_3___nu=8 | n_rep: 454 | KDE model: gaussian rot
2026-05-06 06:43:02,502 | INFO | Scenario: scenario_3___nu=8 | n_rep: 454 | KDE model: t-student rot df=3
2026-05-06 06:43:03,180 | INFO | Scenario: scenario_3___nu=8 | n_rep: 455 | KDE model: gaussian rot
2026-05-06 06:43:04,044 | INFO | Scenario: scenario_3___nu=8 | n_rep: 455 | KDE model: t-student rot df=3
2026-05-06 06:43:04,495 | INFO | Scenario: scenario_3___nu=8 | n_rep: 456 | KDE model: gaussian rot
2026-05-06 06:43:05,225 | INFO | Scenario: scenario_3___nu=8 | n_rep: 456 | KDE model: t-student rot df=3
2026-05-06 06:43:05,908 | INFO | Scenario: scenario_3___nu=8 | n_rep: 457 | KDE model: gaussian rot
2026-05-06 06:43:06,723 | INFO | Scenario: scenario_3___nu=8 | n_rep: 457 | KDE model: t-student rot df=3
2026-05-06 06:43:07,533 | INFO | Scenario: scenario_3___nu=8 | n_rep: 458 | KDE model: gaussian rot
2026-05-06 06:43:07,976 | INFO | Scenario: scenario_3___nu=8 | n_rep: 458 | KDE model: t-student rot df=3
2026-05-06 06:43:08,358 | INFO | Scenario: scenario_3___nu=8 | n_rep: 459 | KDE model: gaussian rot
2026-05-06 06:43:08,948 | INFO | Scenario: scenario_3___nu=8 | n_rep: 459 | KDE model: t-student rot df=3
2026-05-06 06:43:09,315 | INFO | Scenario: scenario_3___nu=8 | n_rep: 460 | KDE model: gaussian rot
2026-05-06 06:43:09,764 | INFO | Scenario: scenario_3___nu=8 | n_rep: 460 | KDE model: t-student rot df=3
2026-05-06 06:43:10,187 | INFO | Scenario: scenario_3___nu=8 | n_rep: 461 | KDE model: gaussian rot
2026-05-06 06:43:10,729 | INFO | Scenario: scenario_3___nu=8 | n_rep: 461 | KDE model: t-student rot df=3
2026-05-06 06:43:11,232 | INFO | Scenario: scenario_3___nu=8 | n_rep: 462 | KDE model: gaussian rot
2026-05-06 06:43:12,228 | INFO | Scenario: scenario_3___nu=8 | n_rep: 462 | KDE model: t-student rot df=3
2026-05-06 06:43:13,166 | INFO | Scenario: scenario_3___nu=8 | n_rep: 463 | KDE model: gaussian rot
2026-05-06 06:43:13,600 | INFO | Scenario: scenario_3___nu=8 | n_rep: 463 | KDE model: t-student rot df=3
2026-05-06 06:43:14,017 | INFO | Scenario: scenario_3___nu=8 | n_rep: 464 | KDE model: gaussian rot
2026-05-06 06:43:14,768 | INFO | Scenario: scenario_3___nu=8 | n_rep: 464 | KDE model: t-student rot df=3
2026-05-06 06:43:15,527 | INFO | Scenario: scenario_3___nu=8 | n_rep: 465 | KDE model: gaussian rot
2026-05-06 06:43:15,975 | INFO | Scenario: scenario_3___nu=8 | n_rep: 465 | KDE model: t-student rot df=3
2026-05-06 06:43:16,435 | INFO | Scenario: scenario_3___nu=8 | n_rep: 466 | KDE model: gaussian rot
2026-05-06 06:43:17,028 | INFO | Scenario: scenario_3___nu=8 | n_rep: 466 | KDE model: t-student rot df=3
2026-05-06 06:43:17,590 | INFO | Scenario: scenario_3___nu=8 | n_rep: 467 | KDE model: gaussian rot
2026-05-06 06:43:18,565 | INFO | Scenario: scenario_3___nu=8 | n_rep: 467 | KDE model: t-student rot df=3
2026-05-06 06:43:19,338 | INFO | Scenario: scenario_3___nu=8 | n_rep: 468 | KDE model: gaussian rot
2026-05-06 06:43:19,830 | INFO | Scenario: scenario_3___nu=8 | n_rep: 468 | KDE model: t-student rot df=3
2026-05-06 06:43:20,273 | INFO | Scenario: scenario_3___nu=8 | n_rep: 469 | KDE model: gaussian rot
2026-05-06 06:43:20,708 | INFO | Scenario: scenario_3___nu=8 | n_rep: 469 | KDE model: t-student rot df=3
2026-05-06 06:43:21,177 | INFO | Scenario: scenario_3___nu=8 | n_rep: 470 | KDE model: gaussian rot
2026-05-06 06:43:21,584 | INFO | Scenario: scenario_3___nu=8 | n_rep: 470 | KDE model: t-student rot df=3
2026-05-06 06:43:21,962 | INFO | Scenario: scenario_3___nu=8 | n_rep: 471 | KDE model: gaussian rot
2026-05-06 06:43:22,510 | INFO | Scenario: scenario_3___nu=8 | n_rep: 471 | KDE model: t-student rot df=3
2026-05-06 06:43:22,988 | INFO | Scenario: scenario_3___nu=8 | n_rep: 472 | KDE model: gaussian rot
2026-05-06 06:43:23,429 | INFO | Scenario: scenario_3___nu=8 | n_rep: 472 | KDE model: t-student rot df=3
2026-05-06 06:43:23,894 | INFO | Scenario: scenario_3___nu=8 | n_rep: 473 | KDE model: gaussian rot
2026-05-06 06:43:24,573 | INFO | Scenario: scenario_3___nu=8 | n_rep: 473 | KDE model: t-student rot df=3
2026-05-06 06:43:25,224 | INFO | Scenario: scenario_3___nu=8 | n_rep: 474 | KDE model: gaussian rot
2026-05-06 06:43:25,824 | INFO | Scenario: scenario_3___nu=8 | n_rep: 474 | KDE model: t-student rot df=3
2026-05-06 06:43:26,278 | INFO | Scenario: scenario_3___nu=8 | n_rep: 475 | KDE model: gaussian rot
2026-05-06 06:43:26,760 | INFO | Scenario: scenario_3___nu=8 | n_rep: 475 | KDE model: t-student rot df=3
2026-05-06 06:43:27,571 | INFO | Scenario: scenario_3___nu=8 | n_rep: 476 | KDE model: gaussian rot
2026-05-06 06:43:28,022 | INFO | Scenario: scenario_3___nu=8 | n_rep: 476 | KDE model: t-student rot df=3
2026-05-06 06:43:28,441 | INFO | Scenario: scenario_3___nu=8 | n_rep: 477 | KDE model: gaussian rot
2026-05-06 06:43:28,878 | INFO | Scenario: scenario_3___nu=8 | n_rep: 477 | KDE model: t-student rot df=3
2026-05-06 06:43:29,280 | INFO | Scenario: scenario_3___nu=8 | n_rep: 478 | KDE model: gaussian rot
2026-05-06 06:43:29,740 | INFO | Scenario: scenario_3___nu=8 | n_rep: 478 | KDE model: t-student rot df=3
2026-05-06 06:43:30,257 | INFO | Scenario: scenario_3___nu=8 | n_rep: 479 | KDE model: gaussian rot
2026-05-06 06:43:30,890 | INFO | Scenario: scenario_3___nu=8 | n_rep: 479 | KDE model: t-student rot df=3
2026-05-06 06:43:31,751 | INFO | Scenario: scenario_3___nu=8 | n_rep: 480 | KDE model: gaussian rot
2026-05-06 06:43:32,492 | INFO | Scenario: scenario_3___nu=8 | n_rep: 480 | KDE model: t-student rot df=3
2026-05-06 06:43:33,178 | INFO | Scenario: scenario_3___nu=8 | n_rep: 481 | KDE model: gaussian rot
2026-05-06 06:43:33,643 | INFO | Scenario: scenario_3___nu=8 | n_rep: 481 | KDE model: t-student rot df=3
2026-05-06 06:43:34,104 | INFO | Scenario: scenario_3___nu=8 | n_rep: 482 | KDE model: gaussian rot
2026-05-06 06:43:34,479 | INFO | Scenario: scenario_3___nu=8 | n_rep: 482 | KDE model: t-student rot df=3
2026-05-06 06:43:34,851 | INFO | Scenario: scenario_3___nu=8 | n_rep: 483 | KDE model: gaussian rot
2026-05-06 06:43:35,669 | INFO | Scenario: scenario_3___nu=8 | n_rep: 483 | KDE model: t-student rot df=3
2026-05-06 06:43:36,456 | INFO | Scenario: scenario_3___nu=8 | n_rep: 484 | KDE model: gaussian rot
2026-05-06 06:43:36,852 | INFO | Scenario: scenario_3___nu=8 | n_rep: 484 | KDE model: t-student rot df=3
2026-05-06 06:43:37,236 | INFO | Scenario: scenario_3___nu=8 | n_rep: 485 | KDE model: gaussian rot
2026-05-06 06:43:37,982 | INFO | Scenario: scenario_3___nu=8 | n_rep: 485 | KDE model: t-student rot df=3
2026-05-06 06:43:38,687 | INFO | Scenario: scenario_3___nu=8 | n_rep: 486 | KDE model: gaussian rot
2026-05-06 06:43:39,212 | INFO | Scenario: scenario_3___nu=8 | n_rep: 486 | KDE model: t-student rot df=3
2026-05-06 06:43:39,918 | INFO | Scenario: scenario_3___nu=8 | n_rep: 487 | KDE model: gaussian rot
2026-05-06 06:43:40,403 | INFO | Scenario: scenario_3___nu=8 | n_rep: 487 | KDE model: t-student rot df=3
2026-05-06 06:43:40,885 | INFO | Scenario: scenario_3___nu=8 | n_rep: 488 | KDE model: gaussian rot
2026-05-06 06:43:41,392 | INFO | Scenario: scenario_3___nu=8 | n_rep: 488 | KDE model: t-student rot df=3
2026-05-06 06:43:41,825 | INFO | Scenario: scenario_3___nu=8 | n_rep: 489 | KDE model: gaussian rot
2026-05-06 06:43:42,685 | INFO | Scenario: scenario_3___nu=8 | n_rep: 489 | KDE model: t-student rot df=3
2026-05-06 06:43:43,236 | INFO | Scenario: scenario_3___nu=8 | n_rep: 490 | KDE model: gaussian rot
2026-05-06 06:43:43,701 | INFO | Scenario: scenario_3___nu=8 | n_rep: 490 | KDE model: t-student rot df=3
2026-05-06 06:43:44,135 | INFO | Scenario: scenario_3___nu=8 | n_rep: 491 | KDE model: gaussian rot
2026-05-06 06:43:44,572 | INFO | Scenario: scenario_3___nu=8 | n_rep: 491 | KDE model: t-student rot df=3
2026-05-06 06:43:44,975 | INFO | Scenario: scenario_3___nu=8 | n_rep: 492 | KDE model: gaussian rot
2026-05-06 06:43:45,405 | INFO | Scenario: scenario_3___nu=8 | n_rep: 492 | KDE model: t-student rot df=3
2026-05-06 06:43:45,788 | INFO | Scenario: scenario_3___nu=8 | n_rep: 493 | KDE model: gaussian rot
2026-05-06 06:43:46,494 | INFO | Scenario: scenario_3___nu=8 | n_rep: 493 | KDE model: t-student rot df=3
2026-05-06 06:43:47,118 | INFO | Scenario: scenario_3___nu=8 | n_rep: 494 | KDE model: gaussian rot
2026-05-06 06:43:47,637 | INFO | Scenario: scenario_3___nu=8 | n_rep: 494 | KDE model: t-student rot df=3
2026-05-06 06:43:48,201 | INFO | Scenario: scenario_3___nu=8 | n_rep: 495 | KDE model: gaussian rot
2026-05-06 06:43:48,619 | INFO | Scenario: scenario_3___nu=8 | n_rep: 495 | KDE model: t-student rot df=3
2026-05-06 06:43:49,022 | INFO | Scenario: scenario_3___nu=8 | n_rep: 496 | KDE model: gaussian rot
2026-05-06 06:43:49,813 | INFO | Scenario: scenario_3___nu=8 | n_rep: 496 | KDE model: t-student rot df=3
2026-05-06 06:43:50,568 | INFO | Scenario: scenario_3___nu=8 | n_rep: 497 | KDE model: gaussian rot
2026-05-06 06:43:50,947 | INFO | Scenario: scenario_3___nu=8 | n_rep: 497 | KDE model: t-student rot df=3
2026-05-06 06:43:51,318 | INFO | Scenario: scenario_3___nu=8 | n_rep: 498 | KDE model: gaussian rot
2026-05-06 06:43:53,328 | INFO | Scenario: scenario_3___nu=8 | n_rep: 498 | KDE model: t-student rot df=3
2026-05-06 06:43:55,313 | INFO | Scenario: scenario_3___nu=8 | n_rep: 499 | KDE model: gaussian rot
2026-05-06 06:43:55,684 | INFO | Scenario: scenario_3___nu=8 | n_rep: 499 | KDE model: t-student rot df=3
